pmcid,pmid,arm,year,journal,retrieved,full_text,route,statement
PMC10002029,36901164,comparison,2023,International journal of environmental research and public health,1,1,back-notes-type,Data Availability StatementThe data presented in this study are available on request from the corresponding author.
PMC10008453,36882256,comparison,2023,BMJ open,1,1,none,
PMC10012547,36918993,comparison,2023,Systematic reviews,1,1,back-notes-type,Availability of data and materialsNot applicable.
PMC10014526,36936150,comparison,2023,Frontiers in endocrinology,1,1,none,
PMC10019715,36928664,comparison,2023,PloS one,1,1,front-notes-title,Data AvailabilityAll data (including meta-data about variables and values and coded comments for the qualitative analyses) are publicly accessible in the digital research repository PsychArchives (https://doi.org/10.23668/psycharchives.8400).
PMC10020316,36670332,comparison,2023,PharmacoEconomics,1,1,back-notes-title,Data availabilityThe data gathered and analysed in this study are included in the article as well as the supplementary materials.
PMC10022424,36988245,comparison,2023,"Immunity, inflammation and disease",1,1,back-sec-type,DATA AVAILABILITY STATEMENTData used in structuring this study will be available upon request.
PMC10022591,36938381,comparison,2022,Gastro hep advances,1,1,none,
PMC10028759,37101973,exposed,2023,Scientometrics,1,1,none,
PMC10030018,36943836,comparison,2023,PLoS medicine,1,1,front-notes-title,Data AvailabilityThe authors confirm that all data underlying the findings are fully available without restriction. The dashboard is openly available at: https://quest-cttd.bihealth.org/. Code to produce the dashboard is openly available in GitHub at: https://github.com/quest-bih/clinical-dashboard. Code to generate the dataset displayed in the dashboard is openly available in GitHub: https://github.com/maia-sh/intovalue-data/releases/tag/v1.1. Data can be downloaded from the dashboard and are openly available on OSF at: https://osf.io/26dgx/. Raw data obtained from trial registries are openly available on Zenodo at: https://doi.org/10.5281/zenodo.7590083. Data for summary results reporting in the EUCTR are available via the EU Trials Tracker.
PMC10030546,36921990,comparison,2023,BMJ global health,1,1,back-sec-type,Data availability statementAll data relevant to the study are included in the article or uploaded as online supplemental information. All data are mapped and can be downloaded on the Infectious Diseases Data Observatory Medicine Quality Surveyor system(https://www.iddo.org/mqsurveyor/%23antiretrovirals).
PMC10030931,36927594,comparison,2023,BMJ open,1,1,back-sec-type,Data availability statementData sharing not applicable as no datasets generated and/or analysed for this study.
PMC10032528,36962975,comparison,2023,PLOS global public health,1,1,front-notes-title,Data AvailabilityAll relevant data are within the paper and its Supporting Information files.
PMC10032583,36889786,comparison,2023,European respiratory review : an official journal of the European Respiratory Society,1,1,none,
PMC10035151,36949391,comparison,2023,BMC geriatrics,1,1,back-notes-type,Availability of data and materialsAll data generated or analysed during this study are included in this published article [and its supplementary information files].
PMC10040782,36993905,comparison,2023,Frontiers in aging neuroscience,1,1,none,
PMC10046799,36979305,comparison,2023,Brain sciences,1,1,back-notes-type,Data Availability StatementData available on request due to privacy and ethical restrictions.
PMC10054792,36983774,comparison,2023,"Life (Basel, Switzerland)",1,1,back-notes-type,Data Availability StatementAll data are available for viewing in the article and Supplementary Materials.
PMC10056816,36982918,comparison,2023,International journal of molecular sciences,1,1,back-notes-type,Data Availability StatementData used in this systematic review and meta-analysis is cited in the references. Used electronic databases include PubMed (https://pubmed.ncbi.nlm.nih.gov) and Scopus (https://www.scopus.com).
PMC10057806,36975880,comparison,2023,Journal of cardiovascular development and disease,1,1,back-notes-type,Data Availability StatementAll relevant data generated in this study are available in this article.
PMC10061949,36991444,comparison,2023,World journal of emergency surgery : WJES,1,1,back-notes-type,Availability of data and materialsThe datasets used and/or analysed during the current study are available from the corresponding author on reasonable request.
PMC10066461,37000447,comparison,2023,JAMA network open,1,1,none,
PMC10067924,37021064,comparison,2023,Frontiers in digital health,1,1,none,
PMC10068991,37021289,comparison,2023,Health services research and managerial epidemiology,1,1,none,
PMC10069404,37010451,comparison,2023,"Parasite (Paris, France)",1,1,none,
PMC10073650,37035139,comparison,2023,Frontiers in oncology,1,1,none,
PMC10075489,37014135,comparison,2023,Annals of medicine,1,1,back-sec-type,Data availability statementThere is no raw data associated with this systematic review. The authors confirm that the data supporting the findings of this study are available within the article and supplementary materials.
PMC10077784,37032687,comparison,2023,Saudi journal of anaesthesia,1,1,none,
PMC10077984,37033365,exposed,2023,International journal of integrated care,1,1,none,
PMC10083796,37019479,comparison,2023,BMJ open,1,1,none,
PMC10086090,37037955,comparison,2023,The Journal of the Egyptian Public Health Association,1,1,back-notes-type,Availability of data and materialsAll data generated or analyzed during this study are included in this published article [and its supplementary information file].We have no conflicts of interest to disclose.
PMC10086658,37057220,comparison,2023,Advanced biomedical research,1,1,none,
PMC10087877,35796034,comparison,2022,Research synthesis methods,1,1,back-sec-type,DATA AVAILABILITY STATEMENTData and analytic code are available on the Open Science Framework (https://osf.io/y3gzv/).
PMC10089064,36525529,comparison,2023,Health policy and planning,1,1,back-sec-type,Data AvailabilityAll relevant data are in the paper and its supporting information files.
PMC10089873,37065589,comparison,2023,Journal of thoracic disease,1,1,none,
PMC10094565,37047088,comparison,2023,International journal of molecular sciences,1,1,back-notes-type,Data Availability StatementNo new data were created. Please see the References section for research data supporting reported results.
PMC10096105,37046030,comparison,2023,AIDS and behavior,1,1,back-notes-type,Data AvailabilityNot applicable.
PMC10099758,36330555,comparison,2022,Journal of advanced nursing,1,1,back-sec-type,DATA AVAILABILITY STATEMENTThe data that support the findings of this study are available in the supplementary material of this article.
PMC10102876,37052919,comparison,2023,JAMA network open,1,1,none,
PMC10104416,37193414,comparison,2022,Sleep advances : a journal of the Sleep Research Society,1,1,back-sec-type,Data Availability Statement The data underlying this article are available in the Harvard Dataverse Digital Repository at https://doi.org/10.7910/DVN/FVLPYA
PMC10108147,36482006,exposed,2022,European journal of oral sciences,1,1,none,
PMC10119507,37089342,comparison,2023,Heliyon,1,0,none,
PMC10119773,37079318,comparison,2023,JAMA oncology,1,0,none,
PMC10123579,37095536,comparison,2023,Infectious diseases of poverty,1,1,back-notes-type,Availability of data and materialsThe data analysed during this study are included in this published article and Additional files 1 and 2. All the datasets generated in this study are available following manuscript publication upon request from the corresponding author Kokouvi Kassegne (kassegnek@sjtu.edu.cn).
PMC10124266,37072362,comparison,2023,BMJ open,1,1,back-sec-type,"Data availability statementData are available in a public, open access repository. All code and the data for this study are available at https://github.com/mhaslberger/retrospective-registration. Data are also available in an OSF repository (https://osf.io/8g5cf/)."
PMC10124284,37085313,comparison,2023,BMJ open,1,1,none,
PMC10130591,37122488,comparison,2023,Contemporary clinical trials communications,1,1,back-sec-type,Data availabilityData will be made available on request.
PMC10131310,37098519,comparison,2023,BMC oral health,1,1,back-notes-type,Availability of data and materialsAll data generated or analysed during this study are included in this published article.
PMC10131777,36917145,comparison,2023,Journal of medical Internet research,1,1,none,
PMC10133748,37123939,comparison,2023,Heliyon,1,1,none,
PMC10134003,37099293,comparison,2023,JAMA network open,1,1,none,
PMC10134313,37056174,comparison,2023,BJPsych open,1,1,back-sec-type,Data availabilityData availability is not applicable to this article as no new data were created or analysed in this study.
PMC10134555,37106314,comparison,2023,BMC medical research methodology,1,1,back-notes-type,Availability of data and materialsThe dataset generated and analysed during this study is reported as an excel sheet in this published article (see Additional file 7).
PMC10139686,37014692,comparison,2023,JMIR research protocols,1,1,back-sec-type,"Data AvailabilityFor the systematic reviews in work package 1, all the data will be available from the published report. Regarding data generated from the surveys and focus group discussions in work package 2, we will provide summary data only, in line with the data management plan that was ethically approved."
PMC10147364,37118692,comparison,2023,BMC urology,1,1,back-notes-type,Data AvailabilityAll data generated or analysed during this study are included in this published article.
PMC10148349,37128457,comparison,2023,AMIA ... Annual Symposium proceedings. AMIA Symposium,1,0,none,
PMC10148792,36715767,comparison,2023,Acta diabetologica,1,1,none,
PMC10151844,37185645,comparison,2023,BMJ open,1,1,none,
PMC10159975,36847813,comparison,2023,World journal of urology,1,1,back-notes-type,"Data availabilityThe data that support the findings of this study are available from the corresponding author, MC, upon reasonable request."
PMC10160871,37140919,comparison,2023,JAMA network open,1,1,none,
PMC10161615,37151714,comparison,2023,Heliyon,1,1,none,
PMC10163180,37159736,comparison,2023,Journal of environmental health science & engineering,1,0,none,
PMC10163603,37159687,comparison,2023,Heliyon,1,1,none,
PMC10163664,37159717,comparison,2023,Heliyon,1,1,none,
PMC10165730,37169015,comparison,2023,Geburtshilfe und Frauenheilkunde,1,1,none,
PMC10165845,37158865,comparison,2023,BMC pregnancy and childbirth,1,1,back-notes-type,Availability of data and materialsAll data generated or analysed during this study are included in this published article and its supplementary information files.
PMC10166077,37168536,comparison,2023,PeerJ,1,1,none,
PMC10174005,37156590,comparison,2023,BMJ open,1,1,back-sec-type,Data availability statementData are available upon reasonable request. Papers included in this systematic review are listed and referenced in table 1. The dataset used and analysed during the current study is available from the corresponding author on reasonable request.
PMC10185672,37188714,comparison,2023,"Schizophrenia (Heidelberg, Germany)",1,1,none,
PMC10189844,37206057,comparison,2023,Therapeutic advances in infectious disease,1,1,none,
PMC10191283,37195933,comparison,2023,PloS one,1,1,front-notes-title,Data AvailabilityNo datasets were generated or analysed during the current study.
PMC10192774,37215922,comparison,2023,Heliyon,1,1,none,
PMC10193180,37195664,comparison,2023,JAMA network open,1,1,none,
PMC10193307,37202770,comparison,2023,Systematic reviews,1,1,back-notes-type,Availability of data and materialsData included in this study were extracted from published systematic reviews and can be made available on reasonable request.
PMC10196298,37208492,comparison,2023,Communications medicine,1,1,back-notes-type,"Data availabilityOur review protocol is publicly available in the International Prospective Register of Systematic Reviews (PROSPERO; identifier: CRD42021289263), and our fully reproducible search strategies are provided in the supplementary material. Template data collection forms can be obtained from the corresponding author upon reasonably motivated request. Data extracted from included studies are reported in the article and its supplementary material along with references of all studies included and excluded after full-text review."
PMC10200655,32174292,comparison,2020,Public health nutrition,1,0,none,
PMC10202448,37211820,exposed,2023,eLife,1,1,back-sec-type,"Data availabilityAll data are available alongside the code to produce it on the associated GitHub repository (copy archived at Haven et al., 2023)."
PMC10203377,37171900,comparison,2023,Interdisciplinary cardiovascular and thoracic surgery,1,1,back-sec-type,DATA AVAILABILITYAll relevant data are within the article and its supporting information files.
PMC10204018,37221472,comparison,2023,BMC medical research methodology,1,1,back-notes-type,Availability of data and materialsAll data analyzed during this study are included in the manuscript and supplementary files.
PMC10208416,36723280,exposed,2023,Advances in kidney disease and health,1,1,none,
PMC10213441,37250643,exposed,2023,Frontiers in medicine,1,1,none,
PMC10225408,37255815,comparison,2022,Journal of diabetes and metabolic disorders,1,0,none,
PMC10227215,37119074,comparison,2023,Journal of the American Heart Association,1,1,none,
PMC10227378,37261325,comparison,2023,EClinicalMedicine,1,1,none,
PMC10231861,37259032,comparison,2023,BMC infectious diseases,1,1,back-notes-type,"Availability of data and materialsAll data is available publicly via PubMed and Embase search engines; search strategies have been preserved on searchRxiv (https://searchrxiv.org/). Abstraction tools, generated datasets, and programs and code used for statistical analyses can be made available upon reasonable request to the corresponding author."
PMC10233510,35130092,comparison,2022,Vascular,1,1,none,
PMC10234567,37262079,comparison,2023,PloS one,1,1,front-notes-title,Data AvailabilityAll relevant data are within the paper and its Supporting information files.
PMC10234782,37073138,comparison,2023,Thoracic cancer,1,1,none,
PMC10239706,37284366,comparison,2023,Cureus,1,1,none,
PMC10240654,35482522,comparison,2022,"Trauma, violence & abuse",1,1,none,
PMC10241722,37272509,comparison,2023,The Cochrane database of systematic reviews,1,1,none,
PMC10242631,37269787,comparison,2023,"Clinics (Sao Paulo, Brazil)",1,1,none,
PMC10242657,37191384,comparison,2023,"Cancer reports (Hoboken, N.J.)",1,1,back-sec-type,DATA AVAILABILITY STATEMENTThe data that support the findings of this study are available from the corresponding author upon reasonable request.
PMC10242964,37431439,comparison,2021,JCPP advances,1,1,back-sec-type,DATA AVAILABILITY STATEMENTThe study used secondary data extracted from published studies. Data used in the study is available on request from Morwenna Senior.
PMC10245063,37292336,comparison,2023,Heliyon,1,1,none,
PMC10246806,37285331,comparison,2023,PloS one,1,1,front-notes-title,Data AvailabilityAll relevant data are within the manuscript and its Supporting information files.
PMC10249293,37287036,comparison,2023,Journal of orthopaedic surgery and research,1,1,back-notes-type,Availability of data and materialsThe datasets used and/or analyzed during the current study are available from the corresponding author on reasonable request.
PMC10249828,37289814,comparison,2023,PloS one,1,1,front-notes-title,Data AvailabilityAll relevant data are within the manuscript and its Supporting Information files.
PMC10254608,37280036,comparison,2023,BMJ open,1,1,none,
PMC10254958,37257937,exposed,2023,BMJ global health,1,1,back-sec-type,Data availability statementData used can be made available on request to the corresponding author.
PMC10256885,36507916,comparison,2023,Nicotine & tobacco research : official journal of the Society for Research on Nicotine and Tobacco,1,1,back-sec-type,Data AvailabilityThe full search strategy can be found in supplementary materials. The full list of screened articles can be obtained from the corresponding author upon request.
PMC10256919,37305507,comparison,2023,Heliyon,1,1,none,
PMC10257091,37294569,comparison,2023,JAMA network open,1,1,none,
PMC10259149,37313337,comparison,2022,Annals of neurosciences,1,1,none,
PMC10261764,37324909,comparison,2023,Food science & nutrition,1,1,back-sec-type,DATA AVAILABILITY STATEMENTThe data supporting the current study are available upon reasonable request from the corresponding author.
PMC10262628,37325695,comparison,2023,Foot & ankle orthopaedics,1,1,none,
PMC10263310,37310957,comparison,2023,PloS one,1,1,front-notes-title,"Data AvailabilityThese data are available on the University of Reading Research Data Archive (66). 66. Hood ASC, Daykin G, Sutherland WJ. Dataset supporting: “AgroEcoList 1.0: A checklist to improve reporting standards in ecological research in agriculture.” Univ Reading Dataset [Internet]. 2023; Available from: https://doi.org/10.17864/1947.000441."
PMC10265913,37312138,comparison,2023,BMC surgery,1,1,back-notes-type,Data AvailabilityAll the data generated/analyzed in this study were included in this published article.
PMC10267599,37323562,comparison,2023,Metabolism open,1,1,none,
PMC10270372,29991532,comparison,2018,Evidence-based mental health,1,0,none,
PMC10276313,37326994,comparison,2023,JAMA network open,1,1,none,
PMC10277456,36895077,comparison,2023,Nursing open,1,1,back-sec-type,"DATA AVAILABILITY STATEMENTThe data that support the findings of this study, are available from the corresponding author upon reasonable request."
PMC10284974,35513742,comparison,2022,Clinical and experimental medicine,1,1,none,
PMC10285062,37360305,comparison,2023,Frontiers in nutrition,1,1,none,
PMC10286106,37360227,exposed,2023,"Progress in biomedical engineering (Bristol, England)",1,1,back-sec-type,Data availability statementAll data that support the findings of this study are included within the article (and any supplementary files). https://github.com/CEMRG-publications/Rodero_2023_ProgrBiomedEng [72].
PMC10286410,37349754,comparison,2023,Trials,1,1,back-notes-type,Availability of data and materialsThe datasets analyzed during the current study are available from the corresponding author upon reasonable request.
PMC10286975,37347739,comparison,2023,PloS one,1,1,front-notes-title,Data AvailabilityAll data and analytical codes for Studies 1 and 2 are available from the Open Science Framework (https://osf.io/46kz9/).
PMC10288143,37360294,comparison,2023,Frontiers in nutrition,1,1,none,
PMC10289600,37352021,comparison,2023,Medicine,1,1,none,
PMC10290866,37366450,comparison,2023,Cureus,1,1,none,
PMC10296923,37370970,comparison,2023,"Diagnostics (Basel, Switzerland)",1,1,back-notes-type,Data Availability StatementNot applicable.
PMC10298118,37372831,exposed,2023,"Healthcare (Basel, Switzerland)",1,1,back-notes-type,Data Availability StatementNot applicable.
PMC10301715,37389003,comparison,2023,BJR open,1,1,none,
PMC10308287,37397933,comparison,2023,World journal of hepatology,1,1,none,
PMC10308954,37062144,exposed,2023,Social science & medicine (1982),1,1,none,
PMC10310018,37384754,comparison,2023,PloS one,1,1,front-notes-title,Data AvailabilityAll relevant data are within the manuscript and its Supporting Information files.
PMC10310611,36952146,comparison,2023,Journal of assisted reproduction and genetics,1,0,none,
PMC10314640,37385744,comparison,2023,BMJ open,1,1,none,
PMC10314644,37399363,comparison,2023,Open heart,1,1,none,
PMC10317781,32741424,comparison,2020,Parasitology,1,0,none,
PMC10319440,37401199,exposed,2023,eLife,1,1,back-sec-type,Data availabilityDatasets generated for use within the curation framework are available as GitHub links in the manuscript section 'Data availability'. Code is available as GitHub links in the manuscript section 'Code availability'. PHI-Canto curated data is available here https://doi.org/10.5281/zenodo.7428788.The following dataset was generated: CuzickA WoodV VelasquezM WilkesJM 2022PHI-Canto approved curation sessions: December 2022Zenodo10.5281/zenodo.7428788
PMC10327298,37420279,comparison,2023,Pilot and feasibility studies,1,1,back-notes-type,Availability of data and materialsPreliminary data from this study were presented at the 19th Annual Meeting of the International Society of Behavioral Nutrition and Physical Activity (2020) and the 41st Annual Meeting of the Society of Behavioral Medicine (2020). Access to the data will be made available upon completion of the entire project and is available upon reasonable request from the corresponding author.
PMC10327330,37415216,exposed,2023,BMC health services research,1,1,back-notes-type,"Availability of data and materialsThe research protocol is available at the Open Science Foundation, registration number: 10.17605/OSF.IO/93GF2. A spreadsheet with comprehensive information on all planned or concluded IPD-MAs described in this review is available on Zenodo (10.5281/zenodo.6623480) under the Creative Commons Attribution 4.0 International (CC BY 4.0) license."
PMC10329590,37273018,comparison,2023,Clinical oral investigations,1,1,none,
PMC10331814,37434745,comparison,2023,EClinicalMedicine,1,1,none,
PMC10335465,37493649,exposed,2023,BMJ open ophthalmology,1,1,back-sec-type,"Data availability statementData are available in a public, open access repository. Data are available in a public, open access repository (available via: https://osf.io/bzufn/)."
PMC10335829,37432073,exposed,2023,eLife,1,1,back-sec-type,Data availabilityThe Allen Brain Observatory Visual Coding datasets are available at https://portal.brain-map.org/explore/circuits. The list of papers reusing these datasets is provided in Source data 1.
PMC10337430,37351939,comparison,2023,JMIR public health and surveillance,1,1,none,
PMC10341754,37446247,comparison,2023,International journal of molecular sciences,1,1,back-notes-type,Data Availability StatementNot applicable.
PMC10343031,37440550,exposed,2023,PloS one,1,1,front-notes-title,Data AvailabilityAll relevant data for this study are available in the CSUC Dataverse repository (https://doi.org/10.34810/data690).
PMC10343142,37440560,comparison,2023,PloS one,1,1,front-notes-title,Data AvailabilityAll relevant data are within the paper and its Supporting Information files
PMC10344360,37457590,comparison,2023,Frontiers in medicine,1,1,none,
PMC10351323,37451738,exposed,2023,BMJ open,1,1,none,
PMC10354976,37468923,comparison,2023,BMC medicine,1,1,back-notes-type,Availability of data and materialsAll raw data collected as part of the review are deposited in the Open Science Framework (OSF) [20].
PMC10357694,37468876,comparison,2023,BMC women's health,1,1,back-notes-type,Availability of data and materialsAdditional data can be available from the corresponding author upon reasonable request.
PMC10358928,37471314,comparison,2023,PloS one,1,1,front-notes-title,Data AvailabilityAll relevant data are within the manuscript and its Supporting information files.
PMC10359915,37410526,exposed,2023,Journal of medical Internet research,1,1,back-sec-type,Data AvailabilityThe data sets from the questionnaires generated and analyzed during this study are not publicly available due ethical concerns but are available from the corresponding author on reasonable request.
PMC10360204,37484685,comparison,2023,Frontiers in psychiatry,1,1,none,
PMC10361956,37479711,exposed,2023,Scientific data,1,1,back-notes-type,Code availabilityAll code and methods documentation for this study can be found at the Zenodo repository26.It can also be accessed through this link to our GitHub repository: https://github.com/open-phytoliths/FAIR-assessment-data-paper-documentation.
PMC10362210,37484712,comparison,2023,Iranian journal of public health,1,1,none,
PMC10362699,37481521,comparison,2023,BMC complementary medicine and therapies,1,1,back-notes-type,Availability of data and materialsAll data generated or analyzed during this study are included in this published article and its additional information files.
PMC10362836,37485143,comparison,2023,Cureus,1,1,none,
PMC10364120,37492220,comparison,2023,Frontiers in cell and developmental biology,1,1,back-sec-type,"Data availability statementThe raw data supporting the conclusion of this article will be made available by the authors, without undue reservation."
PMC10364997,37492379,comparison,2023,Frontiers in radiology,1,1,none,
PMC103664,11978182,comparison,2002,BMC medical research methodology,1,1,none,
PMC10368194,37105318,comparison,2023,Contemporary clinical trials,1,1,none,
PMC10369767,37496077,comparison,2023,Journal of orthopaedic surgery and research,1,1,back-notes-type,Availability of data and materialsThe datasets used and/or analyzed during the current study are available from the corresponding author on reasonable request.
PMC10370255,37490293,exposed,2023,JAMA network open,1,1,none,
PMC10374086,37498959,exposed,2023,PLoS computational biology,1,1,none,
PMC10374753,37460783,comparison,2023,Clinical drug investigation,1,1,back-notes-title,Availability of Data and MaterialThe datasets generated during and/or analysed for this article are available as electronic supplementary material.
PMC10379966,37510417,comparison,2023,"Healthcare (Basel, Switzerland)",1,1,back-notes-type,Data Availability StatementNot applicable.
PMC10385884,37516878,comparison,2023,BMC medical research methodology,1,1,back-notes-type,Availability of data and materialsThe dataset supporting the conclusions of this article is included within the article and its additional files.
PMC10387660,37518076,exposed,2023,BMJ open,1,1,none,
PMC10389510,37073540,comparison,2023,"International journal of surgery (London, England)",1,1,none,
PMC10389744,37523370,comparison,2023,PloS one,1,1,front-notes-title,Data AvailabilityAll relevant data are within the paper and its Supporting information files.
PMC10391062,34464209,comparison,2021,Journal of managed care & specialty pharmacy,1,0,none,
PMC10393479,37290417,comparison,2023,European journal of public health,1,1,back-sec-type,Data availabilityAll data generated or analysed during this study are included in this published article and its supplementary information files.
PMC10397406,37546309,exposed,2023,Frontiers in public health,1,1,none,
PMC10398969,37533029,comparison,2023,Malaria journal,1,1,back-notes-type,Availability of data and materialsAll relevant data used for the systematic review and meta-analysis are within the manuscript and its supporting information.
PMC10402722,37545742,comparison,2023,"Diabetes, metabolic syndrome and obesity : targets and therapy",1,1,none,
PMC10403030,37543781,comparison,2023,Medicine,1,1,none,
PMC10406284,37549146,exposed,2023,PloS one,1,1,front-notes-title,"Data AvailabilityAll data and code underlying the results presented in this study are available from OSF (https://osf.io/t9p5v/?view_only=b3fde1fb9af14ce1b55c7a4b9741415e). To safeguard participants’ privacy, all publicly available data have been fully anonymized."
PMC10409750,37553403,exposed,2023,Scientific data,1,1,back-notes-type,Data availabilityThe data generated from this study are publicly available at the Open Science Framework: 10.17605/OSF.IO/T8B6G20.
PMC10410509,37565026,comparison,2023,Journal of oral biology and craniofacial research,1,1,none,
PMC10410889,37369405,comparison,2023,BMJ open,1,1,back-sec-type,Data availability statementAll data relevant to the study are included in the article or uploaded as supplementary information.
PMC10413819,37647433,comparison,2023,"Immunity, inflammation and disease",1,1,back-sec-type,DATA AVAILABILITY STATEMENTThe data that support the findings of this study are available from the corresponding author upon reasonable request.
PMC10414644,37561808,comparison,2023,PloS one,1,1,front-notes-title,Data AvailabilityThe data in this meta-analysis were originally derived from published articles. Please see the paper and Supporting Information files for details.
PMC10415952,37498655,comparison,2023,Journal of medical Internet research,1,1,back-sec-type,"Data AvailabilityThe GitHub repository including all code and data [27], the interactive Shiny app for exploring the results [28], and the interactive local citation network and coauthorship network of the included studies [29] are openly available."
PMC10418505,37570422,comparison,2023,"Healthcare (Basel, Switzerland)",1,1,back-notes-type,Data Availability StatementThe raw data supporting the conclusions of this article will be available from the authors upon request.
PMC10422642,37571747,exposed,2023,"Sensors (Basel, Switzerland)",1,1,back-notes-type,Data Availability StatementThe data presented in this study are available in Supplementary Materials.
PMC10427240,36183712,exposed,2022,The Lancet. Neurology,1,1,none,
PMC10427813,37593717,comparison,2023,Royal Society open science,1,1,back-sec-type,Data accessibilityAll materials of this study (including data and R code of the analyses) are available on the OSF page of this project: https://osf.io/tdfgq/.
PMC10441052,37597864,comparison,2023,BMJ open,1,1,none,
PMC10441317,37609176,exposed,2023,bioRxiv : the preprint server for biology,1,1,back-sec-type,Data AvailabilityAll manuscript data discussed in this study is freely available at https://github.com/Mangul-Lab-USC/code-availability. This data was used to produce all results and figures depicted in this study.
PMC10444744,37552459,comparison,2023,Neurology and therapy,1,1,back-sec-type,Data AvailabilityAll data generated or analyzed during this study are included in this published article/as supplementary information files.
PMC10446212,37611022,comparison,2023,PloS one,1,1,front-notes-title,Data AvailabilityAll relevant data are within the paper and its Supporting information files.
PMC10452329,37627292,comparison,2023,Biomolecules,1,1,back-notes-type,Data Availability StatementThe data presented in this study are available in the Supplementary Materials described above.
PMC10452668,37626764,comparison,2023,Biomedicines,1,1,back-notes-type,Data Availability StatementNot applicable.
PMC10456372,37629792,comparison,2023,"Medicina (Kaunas, Lithuania)",1,1,back-notes-type,Data Availability StatementAll additional data are available as Supplementary Materials.
PMC10456771,37629722,comparison,2023,"Medicina (Kaunas, Lithuania)",1,1,back-notes-type,Data Availability StatementThe datasets used and/or analyzed during the current study are available from the corresponding author on request.
PMC10461630,37646037,comparison,2023,Frontiers in immunology,1,1,none,
PMC10463470,37608346,comparison,2023,Research integrity and peer review,1,1,back-notes-type,Availability of data and materialsThe raw data is available at Zenodo repository at: https://doi.org/10.5281/zenodo.7616147.
PMC10468855,37653559,comparison,2023,Antimicrobial resistance and infection control,1,1,back-notes-type,Availability of data and materialsData and materials are available in the text of the article and in Supplementary material. JMJ had full access to all of the data in the study and takes responsibility for the integrity of the data and the accuracy of the data analysis.
PMC10469590,37663258,comparison,2023,Frontiers in pharmacology,1,1,back-sec-type,"Data availability statementThe original contribution presented in the study are included in the article/Supplementary Material, further inquiries can be directed to the corresponding author."
PMC10470633,37663592,comparison,2023,Frontiers in psychiatry,1,1,none,
PMC10470775,37653776,comparison,2023,Medicine,1,1,none,
PMC10471160,37534878,comparison,2023,eLife,1,1,back-sec-type,Data availabilityThe data is available at Zenodo: https://doi.org/10.5281/zenodo.8122261.The following dataset was generated: AzzizR Zenodo2023Direct Economic Burden of Mental Health Disorders Associated with Polycystic Ovary Syndrome: Systematic Review and Meta-analysis (Rev. 3)10.5281/zenodo.8122261PMC1047116037534878
PMC10471882,37648380,comparison,2023,BMJ open,1,1,none,
PMC10473064,37663878,comparison,2023,Annals of thoracic medicine,1,1,none,
PMC10476721,37657047,comparison,2023,Medicine,1,1,none,
PMC10478094,37674902,comparison,2023,Frontiers in global women's health,1,1,back-sec-type,Data availability statementThe datasets presented in this study can be found in online repositories. The names of the repository/repositories and accession number(s) can be found in the article/Supplementary Material.
PMC10478381,37667195,comparison,2023,BMC infectious diseases,1,1,back-notes-type,Availability of data and materialsAll data related to the present study are available in this manuscript and supplementary files.
PMC10483383,37672255,comparison,2023,JAMA dermatology,1,0,none,
PMC10490998,37682813,comparison,2023,PloS one,1,1,front-notes-title,Data AvailabilityAll relevant data are within the paper and its Supporting information files.
PMC10495848,37639292,exposed,2023,Journal of medical Internet research,1,1,none,
PMC10499083,37071455,comparison,2023,Clinical orthopaedics and related research,1,0,none,
PMC10500557,37719418,comparison,2023,EClinicalMedicine,1,1,none,
PMC10501962,37407841,comparison,2023,Journal of digital imaging,1,0,none,
PMC10502262,37042301,comparison,2023,International wound journal,1,1,back-sec-type,DATA AVAILABILITY STATEMENTThe datasets used and/or analyzed during the current study are available from the corresponding author on reasonable request.
PMC10502848,37607538,comparison,2023,American journal of human genetics,1,1,back-sec-type,"Data and code availabilityThe PGRM is available as an R package at https://github.com/PheWAS/pgrm. The package includes functions to annotate datasets with the PGRM and calculate replication measures. The R package also includes all summary statistics from test cohorts to facilitate comparative studies. The PGRM and summary statistics from the five test cohorts used in this paper are also available in Tables S1 and S6, respectively."
PMC10503363,37699620,comparison,2023,BMJ open,1,1,none,
PMC10504120,37656235,comparison,2023,Breast cancer research and treatment,1,1,back-notes-type,Data availabilityEnquiries about data availability should be directed to the authors.
PMC10504664,37719161,comparison,2023,Frontiers in neuroscience,1,1,none,
PMC10510921,37723112,comparison,2023,BMJ open,1,1,none,
PMC10514641,37735102,comparison,2023,BMJ open respiratory research,1,1,back-sec-type,"Data availability statementData are available in a public, open access repository."
PMC10514670,37734884,comparison,2023,BMJ open,1,1,none,
PMC10515804,37745378,exposed,2023,bioRxiv : the preprint server for biology,1,1,none,
PMC10530815,37761695,exposed,2023,"Healthcare (Basel, Switzerland)",1,1,back-notes-type,Data Availability StatementNot applicable.
PMC10533112,37763142,comparison,2023,Journal of personalized medicine,1,1,back-notes-type,Data Availability StatementNot applicable.
PMC10537984,37779893,comparison,2023,BMJ medicine,1,1,back-sec-type,Data availability statementAll data relevant to the study are included in the article or uploaded as supplementary information.
PMC10540868,37780450,exposed,2023,Frontiers in public health,1,1,none,
PMC10545389,37773824,comparison,2023,Medicine,1,1,none,
PMC10546134,37775294,comparison,2023,BMJ open,1,1,none,
PMC10551944,37793922,comparison,2023,BMJ open,1,1,back-sec-type,"Data availability statementThe data are publicly available. Data, data dictionaries, analysis script and materials related to this study are publicly available on the Open Science Framework at https://osf.io/5gfty/. The study protocol and materials were registered on 17 January 2020 at https://osf.io/ktmdg. Discrepancies between this manuscript and the registered protocol are outlined in the online supplemental material A. To facilitate reproducibility, this manuscript was written by interleaving regular prose and analysis code using R Markdown. The relevant files are available in a Code Ocean container (https://doi.org/10.24433/CO.4753181.v1) which recreates the software environment in which the original analyses were performed. This container allows this manuscript to be reproduced from the data and code with a single button press."
PMC10553016,37800768,comparison,2023,Medicine,1,1,none,
PMC10566167,37817181,comparison,2023,BMC pulmonary medicine,1,1,back-notes-type,"Availability of data and materialsThe raw data supporting the conclusions of this manuscript will be made available by the authors, without undue reservation, to any qualified researcher. Further enquiries can be directed to the Shujin Guo."
PMC10569964,37842566,comparison,2023,Heliyon,1,1,none,
PMC10571448,37833820,comparison,2023,Systematic reviews,1,1,back-notes-type,Availability of data and materialsThe datasets used and/or analyzed in the present study are available from the corresponding author on reasonable request.
PMC10571812,37835611,comparison,2023,Animals : an open access journal from MDPI,1,1,back-notes-type,Data Availability StatementResearch data are stored and available in the Open Science Framework at [DOI 10.17605/OSF.IO/2KPNM].
PMC10576676,37523065,comparison,2023,Journal of neurology,1,1,none,
PMC10578566,37844082,comparison,2023,PloS one,1,1,front-notes-title,Data AvailabilityAll relevant data are within the paper and its Supporting Information files.
PMC10582594,37859842,exposed,2023,Royal Society open science,1,1,back-sec-type,Data accessibilityThe dataset and script for the current work have been uploaded to Dryad in the following link: https://doi.org/10.5061/dryad.2fqz612tx [113].
PMC10582908,37848291,comparison,2023,BMJ open,1,1,none,
PMC10585417,37851443,comparison,2023,JAMA network open,1,1,none,
PMC10586183,37867652,comparison,2023,ACS omega,1,1,none,
PMC10587175,37495758,comparison,2023,"Sports medicine (Auckland, N.Z.)",1,1,back-notes-title,Availability of data and materialAll data and material reported in this systematic review are from peer-reviewed publications.
PMC10591670,37877136,comparison,2023,Psychology research and behavior management,1,1,back-sec-title,Data Sharing StatementThe datasets used or analyzed during the current study are available from the corresponding author upon reasonable request.
PMC10592067,37606070,comparison,2023,The American journal of gastroenterology,1,1,none,
PMC10594907,37872545,exposed,2023,BMC medicine,1,1,back-notes-type,Availability of data and materialsNot applicable.
PMC10597631,37881632,comparison,2023,Frontiers in medicine,1,1,none,
PMC10598263,37875663,comparison,2023,Scientific reports,1,1,back-notes-type,Data availabilityThe datasets analyzed during the current study are publicly available at the Cancer Imaging Archive (TCIA)20 repository: Canadian benchmark dataset21: https://doi.org/10.7937/K9/TCIA.2017.8oje5q00. MAASTRO dataset22: https://doi.org/10.7937/tcia.2019.8kap372n.
PMC10600051,37269440,comparison,2023,International journal of clinical pharmacy,1,1,none,
PMC10601241,37880643,comparison,2023,BMC infectious diseases,1,1,back-notes-type,Availability of data and materialsAll relevant data are within the Manuscript and its Supporting Information files.
PMC10603136,37884557,comparison,2023,Scientific reports,1,1,back-notes-type,Data availabilityAll data generated or analysed during this study are included in this published article.
PMC10603397,37852772,exposed,2023,BMJ open,1,1,none,
PMC10607501,37892607,comparison,2023,Journal of clinical medicine,1,1,back-notes-type,Data Availability StatementThe data presented in this study are available on request from the corresponding author.
PMC10608608,37888088,comparison,2023,Journal of personalized medicine,1,1,back-notes-type,Data Availability StatementNot applicable.
PMC10611995,37889490,comparison,2023,JAMA network open,1,1,none,
PMC10613072,37901319,comparison,2023,Frontiers in oncology,1,1,none,
PMC10616535,26028608,comparison,2015,The Cochrane database of systematic reviews,1,0,none,
PMC10617166,37904204,comparison,2023,Journal of nanobiotechnology,1,1,back-notes-type,Data AvailabilityAll the data that underlie the conclusions in this research are available online.
PMC10619852,37920591,comparison,2023,Frontiers in public health,1,1,none,
PMC10621150,37919767,exposed,2023,Journal of biomedical semantics,1,1,back-notes-type,"Data AvailabilityThe datasets generated and/or analysed during the current study are available in the ZENODO repository, 10.5281/zenodo.5047766."
PMC10621858,37917604,comparison,2023,PloS one,1,1,front-notes-title,Data AvailabilityAll relevant data are within the paper and its Supporting information files.
PMC10626223,37937036,comparison,2023,Cureus,1,1,none,
PMC10627252,37758508,exposed,2023,Genetics,1,1,back-sec-type,Data availabilityThe full list of alleles from PomBase and JaponicusDB can be downloaded at the Phenotype Annotations page: https://www.pombase.org/downloads/phenotype-annotations; https://www.japonicusdb.org/downloads/phenotype-annotations.The code with regular expression mentioned in the text is in GitHub (https://github.com/pombase/allele_gene_variant_features_regex). The version used for this manuscript is deposited in Zenodo (https://doi.org/10.5281/zenodo.8139931).
PMC10636842,37950213,comparison,2023,BMC medical research methodology,1,1,back-notes-type,Availability of data and materialsThe data underlying this article will be shared on reasonable request to the corresponding author.
PMC10641997,37957669,comparison,2023,Implementation science : IS,1,1,back-notes-type,Availability of data and materialsAll data generated or analysed in this study are included in the published article.
PMC10646175,38016063,exposed,2023,Frontiers in oncology,1,1,none,
PMC10649165,37959274,comparison,2023,Journal of clinical medicine,1,1,back-notes-type,Data Availability StatementNot applicable.
PMC10649691,37945294,comparison,2023,BMJ open,1,1,none,
PMC10651027,37967092,comparison,2023,PloS one,1,1,front-notes-title,Data AvailabilityAll relevant data are within the paper and its Supporting information files.
PMC10651704,37578509,comparison,2023,Osteoporosis international : a journal established as result of cooperation between the European Foundation for Osteoporosis and the National Osteoporosis Foundation of the USA,1,1,back-notes-type,Data availabilityAll data generated or analyzed during this study are included in this article.
PMC10652316,37795758,comparison,2023,Cancer medicine,1,1,back-sec-type,DATA AVAILABILITY STATEMENTAll data generated or analyzed that were reported in this article will be available upon request.
PMC10653765,37964563,comparison,2023,Renal failure,1,1,none,
PMC10656938,37978447,comparison,2023,BMC gastroenterology,1,1,back-notes-type,Data availabilityThe datasets used during the current study are available from the corresponding author on reasonable request.
PMC10663568,37990067,comparison,2023,Scientific reports,1,1,back-notes-type,Data availabilityThe dataset analyzed in this study is available upon reasonable request from the corresponding author.
PMC10666016,37938873,exposed,2023,JMIR mHealth and uHealth,1,1,none,
PMC10667980,37943585,exposed,2023,JMIR medical informatics,1,1,none,
PMC10668062,38021002,comparison,2023,Brain & spine,1,1,none,
PMC10668274,37989368,comparison,2023,BMJ open,1,1,none,
PMC10672052,38002626,comparison,2023,Journal of clinical medicine,1,1,back-notes-type,Data Availability StatementThe present review was based on published articles. All summary data generated during this study are included in this published article. Raw data used for the analyses are available and presented in the original reviewed articles.
PMC10674088,38009089,comparison,2023,Open research Europe,1,1,back-sec-type,"Data and software availabilityUnderlying dataRecherche Data Gouv Dataverse: Données anonymes concernant les candidatures au premier prix science ouverte du logiciel libre de la recherche, https://doi.org/10.57745/HN6O85 For each of the 129 submissions, this dataset includes metadata on the start date of development, programming language(s), license(s), and scientific domain. Personal information was removed. Data are available under the terms of the Etalab Open License 2.0."
PMC10676048,36988330,comparison,2023,International journal of stroke : official journal of the International Stroke Society,1,1,none,
PMC10676050,35751144,comparison,2022,Personality & social psychology bulletin,1,1,none,
PMC10682599,38028816,comparison,2023,HRB open research,1,1,back-sec-type,"Data availabilityExtended dataOpen Science Framework: Enhancing COS Use in Trials, https://doi.org/10.17605/OSF.IO/BN3YQ (Matvienko-Sikar et al., 2022)This project contains the following extended data:Supplementary File 1: Coding barriers and facilitators to COM-B componentsSupplementary File 2. Selection of Intervention FunctionsSupplementary File 3. Selection of Behaviour Change Techniques (BCTs)Data are available under the terms of the Creative Commons Attribution 4.0 International license (CC-BY 4.0)."
PMC10683092,38034385,comparison,2023,Frontiers in cardiovascular medicine,1,1,back-sec-type,"Data availability statementThe original contributions presented in the study are included in the article/Supplementary Material, further inquiries can be directed to the corresponding author."
PMC10684096,38015968,exposed,2023,PloS one,1,1,front-notes-title,"Data AvailabilityAll code and data are archived in Zenodo along with associated documentation at https://zenodo.org/doi/10.5281/zenodo.10105161. The final inventory and its associated data dictionary are available as a separate Zenodo deposit at https://zenodo.org/doi/10.5281/zenodo.10105947. Additionally, all materials are also available on GitHub at https://github.com/globalbiodata/inventory_2022/, which may be updated from the time of this publication. To facilitate exploration, an Open Science Products Table (S7 Table) provides the location of specific items."
PMC10685215,37642040,comparison,2023,Asian Pacific journal of cancer prevention : APJCP,1,1,none,
PMC10686313,38031562,exposed,2022,Harvard data science review,1,1,none,
PMC10688516,28363989,comparison,2017,Evidence-based mental health,1,0,none,
PMC10688758,38033098,comparison,2023,PloS one,1,1,front-notes-title,Data AvailabilityAll relevant data are within the paper and its Supporting Information files.
PMC10688894,38033118,comparison,2023,PloS one,1,1,front-notes-title,Data AvailabilityAll relevant data supporting the findings are within the paper.
PMC10691060,38041018,comparison,2023,BMC pregnancy and childbirth,1,1,back-notes-type,Data availabilityAny data in this study can be obtained from the corresponding author upon reasonable request. The final manuscript was read and approved by all authors.
PMC10691121,38037078,comparison,2023,Orphanet journal of rare diseases,1,1,back-notes-type,Availability of data and materialsNot applicable. Placebo-related data were collected from clinical trials of HM in the field of rare diseases and were not derived from a single data set.
PMC10692055,38040927,comparison,2023,Sports medicine - open,1,1,back-notes-type,Availability of Data and MaterialsAll available data were presented in this manuscript and supplementary information.
PMC10694959,38049774,comparison,2023,BMC pediatrics,1,1,back-notes-type,Availability of data and materialsAll in figure 1 or tables.
PMC10696218,38059182,comparison,2023,World journal of clinical oncology,1,1,none,
PMC10697890,37439960,comparison,2023,Reviews in endocrine & metabolic disorders,1,1,none,
PMC10698176,38052810,exposed,2023,Scientific data,1,1,back-notes-type,Data availabilityData evaluated in this article consists of publicly available metadata; all relevant data are included in the article or uploaded as online supplementary information.
PMC10701000,38016678,comparison,2023,Korean journal of radiology,1,1,back-sec-type,Availability of Data and MaterialThe datasets generated or analyzed during the study are available from the corresponding author on reasonable request.
PMC10704853,38062492,comparison,2023,Systematic reviews,1,1,back-notes-type,Availability of data and materialsThe data analyzed for this study are included in the manuscript and supplementary files.
PMC10706392,38068922,comparison,2023,International journal of molecular sciences,1,1,back-notes-type,Data Availability StatementData will be available by request to the corresponding author.
PMC10718463,38091337,comparison,2023,PloS one,1,1,front-notes-title,Data AvailabilityAll relevant data are within the paper and its Supporting information files.
PMC10719205,38105854,comparison,2023,Journal of maxillofacial and oral surgery,1,0,none,
PMC10720414,38099303,comparison,2023,PeerJ,1,1,none,
PMC10721558,38107498,comparison,2023,Gland surgery,1,1,none,
PMC10722750,38102710,comparison,2023,Systematic reviews,1,1,back-notes-type,Availability of data and materialsNot applicable.
PMC10725607,38104110,comparison,2023,BMC cancer,1,1,back-notes-type,Availability of data and materialsAll data generated or analyzed during this study are included in this published article or are available from the corresponding author upon reasonable request.
PMC10729376,38114980,comparison,2023,BMC musculoskeletal disorders,1,1,back-notes-type,Availability of data and materialsNot applicable.
PMC10731871,38115056,comparison,2023,The international journal of behavioral nutrition and physical activity,1,1,back-notes-type,Availability of data and materialsAll data are included in the manuscript and additional file.
PMC10733721,38070153,exposed,2023,"Bioinformatics (Oxford, England)",1,1,none,
PMC10735185,38127870,comparison,2023,PloS one,1,1,front-notes-title,Data Availabilityhttps://doi.org/10.6084/m9.figshare.23648928.v1.
PMC10744838,38138910,comparison,2023,Journal of personalized medicine,1,1,back-notes-type,Data Availability StatementNo new data were created or analyzed in this study. Data sharing is not applicable to this article.
PMC10751125,38147852,exposed,2023,Yearbook of medical informatics,1,1,none,
PMC10751823,38156342,exposed,2023,Current developments in nutrition,1,1,none,
PMC10752056,38146618,comparison,2023,Therapeutic advances in respiratory disease,1,1,none,
PMC10753476,38156238,comparison,2023,Antimicrobial stewardship & healthcare epidemiology : ASHE,1,1,back-sec-type,Data availabilityThe data underlying this article will be shared upon reasonable request to the corresponding author.
PMC10753734,38151272,exposed,2023,BMJ open,1,1,none,
PMC10754457,38153951,comparison,2023,PloS one,1,1,front-notes-title,Data AvailabilityAll relevant data are within the manuscript and its Supporting Information files.
PMC10756860,38158550,comparison,2024,Journal of extracellular vesicles,1,1,none,
PMC10757112,38161938,comparison,2023,Cureus,1,1,none,
PMC10759658,38166877,comparison,2024,BMC pregnancy and childbirth,1,1,back-notes-type,Availability of data and materialsAll data generated or analysed during this study are included in this published article.
PMC10762752,37774046,comparison,2023,Asian Pacific journal of cancer prevention : APJCP,1,1,back-sec-type,"Availability of dataThe data that support the findings of this study are available from the corresponding author, E.K., upon reasonable request."
PMC10762962,38167160,comparison,2024,"BMC sports science, medicine & rehabilitation",1,1,back-notes-type,Data availabilityData is available in Table 1.
PMC10764583,37145255,comparison,2023,Biological trace element research,1,1,none,
PMC10765592,38179501,comparison,2023,Frontiers in cardiovascular medicine,1,1,back-sec-type,"Data availability statementThe original contributions presented in the study are included in the article/Supplementary Material, further inquiries can be directed to the corresponding authors."
PMC10766876,38186928,comparison,2024,Health science reports,1,1,back-sec-type,DATA AVAILABILITY STATEMENTAll the data in this review are included in the manuscript.
PMC10770872,38186639,comparison,2023,Frontiers in pharmacology,1,1,back-sec-type,"Data availability statementThe original contributions presented in the study are included in the article/Supplementary material, further inquiries can be directed to the corresponding author."
PMC10771009,38182971,comparison,2024,Cellular & molecular biology letters,1,1,back-notes-type,Availability of data and materialsFor data requests please contact the corresponding author.
PMC10771314,38188334,comparison,2023,Frontiers in medicine,1,1,none,
PMC10773080,38185647,comparison,2024,Health and quality of life outcomes,1,1,back-notes-type,Data AvailabilityNot applicable.
PMC10773404,38176871,comparison,2024,BMJ open,1,1,none,
PMC10778769,38200939,comparison,2023,"Healthcare (Basel, Switzerland)",1,1,back-notes-type,Data Availability StatementData are contained within the article.
PMC10782611,38212714,comparison,2024,BMC medical research methodology,1,1,back-notes-type,Data availabilityThe data and code used during the current study are available at https://github.com/MDavids0n/Preprint_Journal.
PMC10783158,38206590,comparison,2024,GigaScience,1,1,back-sec-type,"Data AvailabilityAll the data generated during the initial study can be accessed at [154], while the data from the rerun are available at [155]. Snapshots of our code and other data further supporting this work are openly available at the GigaScience repository, GigaDB [156]."
PMC10784972,38153775,comparison,2023,JMIR research protocols,1,1,back-sec-type,Data AvailabilityAll data generated or analyzed during this study are included in this published article and its supplementary information files.
PMC10787475,38218779,comparison,2024,BMC public health,1,1,back-notes-type,Availability of data and materialsThe datasets used and analyzed during the current study are available upon reasonable request from the corresponding author.
PMC10791815,37572188,exposed,2023,European radiology,1,1,none,
PMC10791964,38227273,exposed,2024,Acta neurochirurgica,1,1,none,
PMC10792030,38234398,comparison,2024,Frontiers in oncology,1,1,none,
PMC10793786,37851519,comparison,2024,"International journal of surgery (London, England)",1,1,none,
PMC10793990,38181316,comparison,2024,JCO precision oncology,1,1,none,
PMC10796897,37948031,comparison,2023,Rheumatology and therapy,1,1,back-notes-type,Data AvailabilityThe datasets generated during and/or analyzed during the current study are available from the corresponding author on reasonable request.
PMC10797710,38238865,comparison,2024,Research integrity and peer review,1,1,back-notes-type,Availability of data and materialsAll datasets are available at Zenodo (10.5281/zenodo.8418107).
PMC10798115,38230522,comparison,2024,Therapeutic advances in respiratory disease,1,1,none,
PMC10803446,38264749,comparison,2024,Frontiers in oncology,1,1,none,
PMC10804851,38264091,comparison,2024,Frontiers in neurology,1,1,none,
PMC10805823,38268803,comparison,2024,Frontiers in psychology,1,1,none,
PMC10805829,38269019,comparison,2024,Frontiers in oncology,1,1,none,
PMC10806619,38216197,comparison,2024,BMJ open,1,1,none,
PMC10807610,38164059,comparison,2024,Cancer medicine,1,1,back-sec-type,DATA AVAILABILITY STATEMENTThe data used to calculate the results of this study are included within the article and supplement.
PMC10812914,38283314,comparison,2023,Acta stomatologica Croatica,1,1,none,
PMC10813399,38283894,comparison,2024,Frontiers in psychiatry,1,1,none,
PMC10820560,38255732,comparison,2024,"Life (Basel, Switzerland)",1,1,back-notes-type,Data Availability StatementThe data are available upon reasonable request to the corresponding author.
PMC10822691,38283533,comparison,2023,Cureus,1,1,none,
PMC10824032,38262654,exposed,2024,BMJ open,1,1,none,
PMC10824530,38288263,comparison,2023,JACC. Advances,1,1,none,
PMC10826142,38287439,comparison,2024,Trials,1,1,back-notes-type,Availability of data and materialsProject materials are publicly available on the Open Science Framework at https://osf.io/bka4e/.
PMC10826559,38286566,exposed,2024,BMJ open ophthalmology,1,1,back-sec-type,Data availability statementData are available on reasonable request.
PMC10827896,37921985,exposed,2023,Internal and emergency medicine,1,1,back-notes-type,Data availabilityNot applicable.
PMC10828868,38296281,comparison,2024,BMJ open,1,1,none,
PMC10831135,42052878,comparison,2024,International wound journal,1,1,back-sec-type,"DATA AVAILABILITY STATEMENTThe original findings detailed in this study can be found within the article. For additional inquiries, please contact the corresponding authors."
PMC10831223,38304095,comparison,2024,HRB open research,1,1,back-sec-type,Data availabilityUnderlying dataNo data are associated with this article.
PMC10831225,38303760,comparison,2023,F1000Research,1,1,back-sec-type,Data availabilityOSF: ABCDEF publishing. https://doi.org/10.17605/OSF.IO/NSVZD. 35 This project contains the following extended data: -Supplementary Information.pdf Data are available under the terms of the Creative Commons Zero “No rights reserved” data waiver (CC0 1.0 Public domain dedication).
PMC10845544,38317268,comparison,2024,Diagnostic and prognostic research,1,1,back-notes-type,"Availability of data and materialsThe data used to generate the study cohort are available only through one of the Statistics Canada Research Data Centres, but restrictions apply to the availability of these data, which were used under license for the current study, and so are not publicly available. Data are however available from the authors upon reasonable request and with permission of the Research Data Centre."
PMC10849990,38204354,comparison,2024,"Cancer reports (Hoboken, N.J.)",1,1,back-sec-type,DATA AVAILABILITY STATEMENTData Availability StatementThe original contributions presented in the study are included in the article. Further inquiries can be directed to the corresponding author.
PMC10850131,38333369,comparison,2024,EClinicalMedicine,1,1,none,
PMC10852082,24788032,comparison,2014,Sao Paulo medical journal = Revista paulista de medicina,1,1,none,
PMC10852247,38330039,comparison,2024,PloS one,1,1,front-notes-title,Data AvailabilityAll relevant data are within the paper and its Supporting Information files.
PMC10852299,38330063,comparison,2024,PloS one,1,1,front-notes-title,Data AvailabilityAll relevant data are within the manuscript and its Supporting Information files.
PMC10852327,38329986,comparison,2024,PloS one,1,1,front-notes-title,Data AvailabilityAll relevant data are within the paper and its Supporting Information files.
PMC10853316,37679580,comparison,2023,International urology and nephrology,1,1,back-notes-type,"Data availability statementThe data sets generated and/or analysed during the current study are not publicly available, but are available from the corresponding author on reasonable request."
PMC10857728,38335186,comparison,2024,PloS one,1,1,front-notes-title,Data AvailabilityAll relevant data are within the manuscript and its Supporting Information files.
PMC10858334,38343618,comparison,2023,Open research Europe,1,1,back-sec-type,Data availabilityNo data are associated with this article.
PMC10863112,38350915,exposed,2024,Fluids and barriers of the CNS,1,1,back-notes-type,"Availability of data and materialsRe-analysis of available raw mass spectrometry files were downloaded from the following repositories: PXD017415, PXD022512 and PXD018226."
PMC10863149,38347488,comparison,2024,BMC public health,1,1,back-notes-type,Data availabilityThe datasets generated and/or analyzed during the current study are not publicly available due to decision of the research team but are available from the corresponding author on reasonable request.
PMC10865638,38355588,comparison,2024,BMC medicine,1,1,back-notes-type,Availability of data and materialsWe did not create any new data for this manuscript. All data associated with the manuscript were previously published and can be accessed from the respective journals.
PMC10866592,38362194,comparison,2024,Laryngoscope investigative otolaryngology,1,1,none,
PMC10868788,38359021,comparison,2024,PloS one,1,1,front-notes-title,Data AvailabilityThe data and analysis document can be found at https://osf.io/ce6v3/?view_only=86b6b997ca52430898a6a2bdb38cf9bb.
PMC10879587,38384804,comparison,2024,Frontiers in oncology,1,1,none,
PMC10880967,38381754,comparison,2024,PloS one,1,1,front-notes-title,Data AvailabilityAll relevant data are within the paper and its Supporting information files.
PMC10881114,38384930,comparison,2024,Drugs in context,1,1,none,
PMC10882179,38390251,comparison,2024,"Global mental health (Cambridge, England)",1,1,back-sec-type,Data availability statementAll data relevant to this review are available within the published manuscript and its online supplements.
PMC10883625,38394507,comparison,2024,Medicine,1,1,none,
PMC10888521,38404360,exposed,2022,International journal of qualitative methods,1,1,none,
PMC10893615,38395970,comparison,2024,Virology journal,1,1,back-notes-type,Data availabilityNo datasets were generated or analysed during the current study.
PMC10896939,38197947,comparison,2024,Journal of neurology,1,1,back-notes-type,Data availabilityData will be made available upon reasonable request to the corresponding author.
PMC10897589,38419999,comparison,2023,The Saudi dental journal,1,1,none,
PMC10899269,38413496,comparison,2024,Journal of robotic surgery,1,1,back-notes-type,Data availabilityData is provided within the supplementary files.
PMC10899804,38425336,exposed,2024,Exposome,1,0,none,
PMC10901745,38278172,comparison,2024,The Lancet. Public health,1,1,none,
PMC10902913,38425754,comparison,2024,Frontiers in endocrinology,1,1,none,
PMC10902917,38426068,comparison,2024,Frontiers in microbiology,1,1,none,
PMC10903617,38596762,comparison,2023,International journal of sexual health : official journal of the World Association for Sexual Health,1,0,none,
PMC10905502,38015794,comparison,2023,"Human reproduction (Oxford, England)",1,1,back-sec-type,Data availabilityThe data underlying this article will be shared on reasonable request to the corresponding author.
PMC10906656,38421688,comparison,2024,JMIR serious games,1,1,none,
PMC10907511,38434256,exposed,2024,Heliyon,1,1,none,
PMC10909987,38440384,comparison,2024,Frontiers in veterinary science,1,1,none,
PMC10910653,38431298,exposed,2024,BMJ open,1,1,none,
PMC10913770,38096107,comparison,2024,Annals of the American Thoracic Society,1,0,none,
PMC10914269,38442123,comparison,2024,PloS one,1,1,front-notes-title,Data AvailabilityAll raw data are within the manuscript and associated supporting materials.
PMC10914946,38450253,comparison,2024,British journal of biomedical science,1,1,back-sec-type,"Data Availability StatementThe original contributions presented in the study are included in the article/Supplementary Material, further inquiries can be directed to the corresponding author."
PMC10917601,38456102,comparison,2024,The Malaysian journal of medical sciences : MJMS,1,1,none,
PMC10918581,38446447,comparison,2024,JAMA dermatology,1,0,none,
PMC10919027,38448992,comparison,2024,BMC medicine,1,1,back-notes-type,Availability of data and materialsData can be found at https://osf.io/g3mdu/.
PMC10920130,38464441,comparison,2023,JSES international,1,1,none,
PMC10920416,37768550,exposed,2023,Journal of nephrology,1,1,none,
PMC10921142,38463019,comparison,2024,World journal of gastroenterology,1,1,none,
PMC10921480,38453204,comparison,2024,BMJ open,1,1,back-sec-type,Data availability statementData are available on reasonable request.
PMC10925458,38464321,comparison,2024,Research square,1,1,back-sec-type,Availability of data and materialsThis section is not applicable since this is a systematic review protocol with no results yet.
PMC10927964,38476486,exposed,2024,Frontiers in public health,1,1,none,
PMC10928757,38458778,comparison,2024,BMJ open,1,1,none,
PMC10928812,38476294,comparison,2022,Liver cancer,1,1,none,
PMC10932991,38481974,comparison,2024,Frontiers in nutrition,1,1,none,
PMC10935912,38475795,comparison,2024,Trials,1,1,back-notes-type,Availability of data and materialsNot applicable.
PMC10936832,38478528,comparison,2024,PloS one,1,1,front-notes-title,Data AvailabilityAll relevant data are within the manuscript and its Supporting Information files.
PMC10939341,38665142,comparison,2022,Psychoradiology,1,1,none,
PMC10942821,38495479,comparison,2024,TheScientificWorldJournal,1,1,none,
PMC10943756,38495863,comparison,2024,Digital health,1,1,none,
PMC10944998,38505730,exposed,2023,Annals of clinical epidemiology,1,1,none,
PMC10948888,38499717,comparison,2024,Scientific reports,1,1,back-notes-type,Data availabilityAll data generated or analyzed during this study are included in this published article.
PMC10954196,38507438,comparison,2024,PloS one,1,1,front-notes-title,Data AvailabilityAll relevant data are within the manuscript and its Supporting Information files.
PMC10955302,38515663,comparison,2024,Heliyon,1,1,none,
PMC10959533,38524857,exposed,2024,Journal of pancreatology,1,1,none,
PMC10959622,37553078,comparison,2023,European journal of dentistry,1,1,none,
PMC10961568,38508633,exposed,2024,BMJ open,1,1,none,
PMC10961780,38525696,comparison,2024,"Nursing reports (Pavia, Italy)",1,1,back-notes-type,Data Availability StatementThe study dataset is available through the following link: https://osf.io/hcz8f/ (accessed on 14 March 2024).
PMC10963197,38533128,exposed,2024,EClinicalMedicine,1,1,none,
PMC10972624,37393892,comparison,2023,Folia phoniatrica et logopaedica : official organ of the International Association of Logopedics and Phoniatrics (IALP),1,1,back-sec-type,"Data Availability StatementAll data generated or analyzed during this study are included in this paper. For more information, please contact the corresponding author."
PMC10972963,38550794,comparison,2024,Frontiers in surgery,1,1,back-sec-type,"Data availability statementAdditional data of the study are included in the Supplementary Material, further inquiries can be directed to the corresponding author."
PMC10973964,38477979,exposed,2024,JMIR medical informatics,1,1,none,
PMC10974159,38543794,comparison,2024,Viruses,1,1,back-notes-type,Data Availability StatementAll data are available in the main article and Supplementary Materials SA and SB.
PMC10978116,38549742,comparison,2021,American heart journal plus : cardiology research and practice,1,1,none,
PMC10980219,38489391,comparison,2024,PLoS medicine,1,1,front-notes-title,Data AvailabilityAll relevant data are within the manuscript and its Supporting information files.
PMC10986794,38564425,exposed,2024,Database : the journal of biological databases and curation,1,1,back-sec-type,"Data availabilityThe blood transcriptome datasets which are accessible via our web application are available from the NCBI GEO and Sequence Read Archive (SRA) repositories, with identifiers GSE108497 (PROMISSE) and PRJNA898879 (MSP), respectively."
PMC10986948,38564599,comparison,2024,PloS one,1,1,front-notes-title,Data AvailabilityNo datasets were generated or analysed during the current study. All relevant data from this study will be made available upon study completion.
PMC10988004,38571611,comparison,2024,Heliyon,1,1,none,
PMC10989864,38867901,exposed,2022,iMeta,1,1,back-sec-type,"DATA AVAILABILITY STATEMENTThe mibPOPdb database is freely available at http://mibpop.genome-mining.cn/, and the data sets and standalone code for predicting chemical biodegradability are available at (https://github.com/monsterZeng/MIBPOP/)."
PMC10993365,38282348,comparison,2024,Acta obstetricia et gynecologica Scandinavica,1,1,back-sec-type,DATA AVAILABILITY STATEMENTThe data generated or analyzed during this study are available within the article and its supplementary materials.
PMC10995879,38585034,comparison,2024,Surgery open science,1,1,back-sec-type,Data availabilityThe data that was collected and analysed are within the manuscript.
PMC10998425,38582900,exposed,2024,Orphanet journal of rare diseases,1,1,back-notes-type,"Availability of data and materialsThe data that support the findings of this study are not openly available due to reasons of sensitivity and are available from the corresponding author upon reasonable request. Data are located in controlled access data storage at the Institute for Rare Diseases (Plovdiv, Bulgaria)."
PMC10998895,38582909,comparison,2024,NPJ genomic medicine,1,1,back-notes-type,Data availabilityThe datasets analysed during the current study are available from the corresponding authors on reasonable request.
PMC10999049,38591089,comparison,2024,World journal of diabetes,1,1,none,
PMC10999111,38584863,comparison,2024,Health services insights,1,1,none,
PMC11000361,38589811,comparison,2024,BMC pregnancy and childbirth,1,1,back-notes-type,Data availabilityThe datasets used and/or analysed during the current study are available from the corresponding author on reasonable request.
PMC11004168,38594408,comparison,2024,NPJ digital medicine,1,1,back-notes-type,Data availabilityE.L. has full access to all the data in the study and takes responsibility for the integrity of the data and the accuracy of the data analysis. All study materials are available from the corresponding author upon reasonable request.
PMC11008052,38605330,comparison,2024,BMC pregnancy and childbirth,1,1,back-notes-type,Data availabilityAll data generated or analysed during this study are included in this published article and are available from the corresponding author on reasonable request.
PMC11009315,38605106,comparison,2024,Communications medicine,1,1,back-notes-type,Data availabilityAll included guidelines are publicly available. The list of guideline items included in published guidelines regulating medical AI research that was generated in this systematic review is published along with this work (Supplementary Table 1).
PMC11014841,38609671,comparison,2024,Sports medicine - open,1,1,back-notes-type,Availability of Data and MaterialsAll data supporting the findings of this study are available in this published article.
PMC11015580,38609849,comparison,2024,BMC pregnancy and childbirth,1,1,back-notes-type,Availability of data and materialsThe data that support the review findings of current study are available from the corresponding author on reasonable request.
PMC11018218,38608080,comparison,2024,Medicine,1,1,none,
PMC11020180,38627826,comparison,2024,Systematic reviews,1,1,back-notes-type,Availability of data and materialsNot applicable.
PMC11020184,38627686,comparison,2024,BMC neurology,1,1,back-notes-type,Data availabilityThe datasets used and/or analysed during the current study will be available from the corresponding author on reasonable request. An ethics amendment will be required for additional sites to be added into the TapTalk project and research collaborations are welcomed.
PMC11022117,38625703,comparison,2024,JAMA network open,1,1,none,
PMC11022591,38633516,comparison,2024,ATS scholar,1,1,none,
PMC11022678,38633357,comparison,2024,Therapeutic advances in psychopharmacology,1,1,none,
PMC11023672,38633775,comparison,2024,medRxiv : the preprint server for health sciences,1,1,back-sec-type,"DATA AVAILABILITYCONSORT-TM dataset, the PubMedBERT models, and source code are available at https://github.com/ScienceNLP-Lab/RCT-Transparency."
PMC11024775,38630473,comparison,2024,JAMA network open,1,1,none,
PMC11025302,38444061,comparison,2024,Palliative medicine,1,1,none,
PMC11025815,38635662,comparison,2024,PloS one,1,1,front-notes-title,Data AvailabilityAll data generated or analyzed is in the manuscript and uploaded as supplementary information.
PMC11026677,38645417,comparison,2024,Frontiers in psychiatry,1,1,none,
PMC11027380,38641574,exposed,2024,BMC cancer,1,1,back-notes-type,Availability of data and materialsAll data generated or analysed during this study are included in this published article [and its supplementary information files].
PMC11032096,38174363,comparison,2024,Canadian journal of psychiatry. Revue canadienne de psychiatrie,1,1,none,
PMC11033348,38631808,comparison,2024,BMJ open gastroenterology,1,1,back-sec-type,Data availability statementData are available upon reasonable request. All data relevant to the study are included in the article or uploaded as supplementary information.
PMC11036629,38649968,comparison,2024,Implementation science communications,1,1,back-notes-type,Availability of data and materialsThe data supporting the conclusions of this article are included within the article and its additional file or available upon request from the corresponding author.
PMC11041831,38660347,comparison,2024,Frontiers in public health,1,1,none,
PMC11043612,38665701,comparison,2024,Cureus,1,1,none,
PMC11044015,38656292,comparison,2024,JAMA cardiology,1,0,none,
PMC11044043,38665590,comparison,2024,Heliyon,1,1,none,
PMC11044590,38664625,comparison,2024,BMC pregnancy and childbirth,1,1,back-notes-type,"Data availabilityAll data included in this systematic review and meta-analysis is available in the manuscript, as additional supporting information, and from the correspondence of this review with reasonable request."
PMC11045077,38662634,comparison,2024,PloS one,1,1,front-notes-title,Data AvailabilityAll relevant data are within the manuscript and its Supporting information files.
PMC11050869,38667984,comparison,2024,Journal of imaging,1,1,none,
PMC11051134,38673463,comparison,2024,Journal of clinical medicine,1,1,back-notes-type,Data Availability StatementThe data presented in this study are available on request from the corresponding author (accurately indicate status).
PMC11056067,38678250,comparison,2024,Cost effectiveness and resource allocation : C/E,1,1,back-notes-type,Data availabilityAll data generated or analysed during this study are included in this published article and its supplementary information files.
PMC11057288,38670623,comparison,2024,BMJ open,1,1,back-sec-type,Data availability statementNot applicable for this protocol.
PMC11061934,38689372,comparison,2024,"Critical care (London, England)",1,1,back-notes-type,Availability of data and materialsAll grouped data is provided in the supplementary tables. Individual responses and data cannot be made publicly available due to participant confidentiality requirements.
PMC11063548,38438132,comparison,2024,"Human reproduction (Oxford, England)",1,1,back-sec-type,Data availabilityThe data underlying this article will be shared on reasonable request to the corresponding author.
PMC11064765,38695605,comparison,2024,The Cochrane database of systematic reviews,1,0,none,
PMC11065032,38699296,comparison,2024,medRxiv : the preprint server for health sciences,1,1,back-sec-type,"Availability of data and materialsOpen data (Delphi rounds 1 and 2), code (analyses), and material (surveys) can be found on the Open Science Framework: https://osf.io/fkv4b/"
PMC11068764,38702332,exposed,2024,Scientific data,1,1,back-notes-type,Code availabilityThe code27 used to produce the MICA project dataset is available on GitHub at https://github.com/ICPSR/mica-data-descriptor and through Zenodo with the identifier 10.5281/zenodo.8432666. Data manipulation and pre-processing were performed in Python. Data curation for distribution was performed in SPSS.
PMC11069271,38702810,comparison,2024,Trials,1,1,back-notes-type,Availability of data and materialsThe datasets used and/or analyzed during the current study are available from the corresponding author on reasonable request.
PMC11070175,38707059,comparison,2024,Cureus,1,1,none,
PMC11070506,38711978,comparison,2024,Frontiers in endocrinology,1,1,none,
PMC11073706,38709739,comparison,2024,PloS one,1,1,front-notes-title,Data AvailabilityAll relevant data are included in this manuscript or posted on Open Science Framework: https://doi.org/10.17605/OSF.IO/AX6ZE.
PMC11076413,37937723,comparison,2023,"Trauma, violence & abuse",1,1,none,
PMC11076532,38238576,comparison,2024,"Eye (London, England)",1,0,none,
PMC11076824,38721351,comparison,2024,Frontiers in medicine,1,1,none,
PMC11079214,38725468,comparison,2024,Frontiers in medicine,1,1,none,
PMC11081119,38737777,comparison,2024,The journal of the Canadian Health Libraries Association,1,1,none,
PMC11084080,38725024,comparison,2024,Systematic reviews,1,1,back-notes-type,Availability of data and materialsNot applicable.
PMC11086269,38692731,comparison,2024,BMJ open,1,1,none,
PMC11086725,38737307,comparison,2024,Journal of the Intensive Care Society,1,0,none,
PMC11088059,38734607,comparison,2024,BMC women's health,1,1,back-notes-type,Data availabilityThe result of this SRMA was extracted from the data gathered and analyzed based on the stated methods and materials. All the relevant data are within the paper.
PMC11091994,38745273,comparison,2024,BMC women's health,1,1,back-notes-type,Data availabilitythe datasets generated and/or analyzed during the current study are available from the corresponding author upon reasonable request.
PMC11094275,38751977,comparison,2024,Frontiers in medicine,1,1,none,
PMC11095012,38750593,comparison,2024,Systematic reviews,1,1,back-notes-type,Availability of data and materialsThe dataset supporting the conclusions of this article is included within the article and its additional file.
PMC11096606,38766289,comparison,2024,The Saudi dental journal,1,1,none,
PMC11102180,38762715,comparison,2024,BMC cardiovascular disorders,1,1,back-notes-type,Availability of data and materialsNo datasets were generated or analyzed during the current study. The data used to support the findings of this review are available within the manuscript and supplementary material.
PMC11102375,38700665,comparison,2024,Cardiovascular toxicology,1,1,back-notes-type,Data AvailabilityNo datasets were generated or analyzed during the current study.
PMC11103231,38760033,comparison,2024,BMJ open,1,1,none,
PMC11106715,38767595,comparison,2024,JAMA,1,0,none,
PMC11106942,38769501,comparison,2024,BMC plant biology,1,1,back-notes-type,Data availabilityThe entire dataset used and/or analyzed in the study is available from the corresponding author on reasonable request.
PMC11110564,38772894,comparison,2024,BMJ open,1,1,none,
PMC11110577,38772884,exposed,2024,BMJ open,1,1,none,
PMC11111029,38776343,comparison,2024,PloS one,1,1,front-notes-title,Data AvailabilityThe data used for this study was publicly available at the Harvard Dataverse Network repository: URL: https://doi.org/10.7910/DVN/BQ6MU0.
PMC11111099,38779264,comparison,2024,Cureus,1,1,none,
PMC11112411,38784164,comparison,2024,Frontiers in psychiatry,1,1,none,
PMC11117151,38780957,comparison,2024,JAMA otolaryngology-- head & neck surgery,1,0,none,
PMC11118030,38786477,comparison,2024,"Biomimetics (Basel, Switzerland)",1,1,back-notes-type,Data Availability StatementThis study does not report any data.
PMC11119247,38791939,comparison,2024,Cancers,1,1,back-notes-type,"Data Availability StatementAll data are available to share, either in the material submitted with the manuscript or upon request from the authors."
PMC11129783,38788212,comparison,2024,JMIR public health and surveillance,1,1,back-sec-type,Data AvailabilityThe data sets generated and analyzed during this study are available from the corresponding author upon reasonable request.
PMC11131276,38807156,comparison,2024,BMC oral health,1,1,back-notes-type,Availability of data and materialsThe datasets used and/or analyzed during the current study are available from the corresponding author on reasonable request.
PMC11132449,38805454,comparison,2024,PloS one,1,1,front-notes-title,Data AvailabilityAll relevant data are available on OSF: 10.17605/OSF.IO/2GDC5.
PMC11144585,38832151,exposed,2024,Cureus,1,1,none,
PMC11145469,38831759,comparison,2024,Progress in palliative care,1,1,back-sec-type,"Data availability statementThe review was conducted using data that were already available in the public domain, with appropriate references provided throughout. The full search strategy used in the present review can be found in the supplementary material."
PMC11145936,38825707,comparison,2024,Journal of orthopaedic surgery and research,1,1,back-notes-type,Data availabilityNo datasets were generated or analysed during the current study.
PMC11148691,38829615,comparison,2024,JAMA network open,1,1,none,
PMC11149451,38835831,comparison,2024,Therapeutic advances in infectious disease,1,1,none,
PMC11151552,38840047,comparison,2024,BMC medical research methodology,1,1,back-notes-type,Data availabilityAll data generated or analyzed during this study are included in this manuscript and supplementary files.
PMC11152308,38837963,comparison,2024,PLOS global public health,1,1,front-notes-title,Data AvailabilityAll relevant data are cited within the paper where relevant and listed in the Supporting information files.
PMC11153687,38846318,comparison,2024,Frontiers in oral health,1,1,back-sec-type,"Data availability statementThe original contributions presented in the study are included in the article/Supplementary Material, further inquiries can be directed to the corresponding author."
PMC11155149,38840232,comparison,2024,BMC oral health,1,1,back-notes-type,Availability of data and materialsAll data generated or analysed during this study are included in this published article.
PMC11157193,38854438,exposed,2024,F1000Research,1,1,back-sec-type,Data and software availabilityNo data are associated with this article.
PMC11157715,38849834,comparison,2024,Nutrition journal,1,1,back-notes-type,Data availabilityAll the data in this meta-analysis are from published studies and we take responsibilities for the data integration process and the accuracy of the statistical analyses process.
PMC11157738,38849895,comparison,2024,AIDS research and therapy,1,1,back-notes-type,Data availabilityAll data generated or analyzed during this study is included in this article and its supplementary information files.
PMC11157882,38844872,comparison,2024,BMC public health,1,1,back-notes-type,Data availabilityThis published article and its supplementary information files include all data generated or analysed during this study.
PMC11165786,38862940,comparison,2024,BMC public health,1,1,back-notes-type,Availability of data and materialsAll data generated or analyzed during this study are included in this published article and its supplementary information files.
PMC11167081,38868744,comparison,2024,Frontiers in endocrinology,1,1,none,
PMC11169587,38873302,comparison,2024,Frontiers in public health,1,1,none,
PMC11170318,38873040,comparison,2024,Experimental and therapeutic medicine,1,1,back-sec-type,Availability of data and materialsThe data generated in the present study may be requested from the corresponding author.
PMC11170796,38867197,comparison,2024,BMC public health,1,1,back-notes-type,Availability of data and materialsAll data generated or analysed during this study are included in this published article and its supplementary file.
PMC11171381,38891588,exposed,2024,Animals : an open access journal from MDPI,1,1,back-notes-type,Data Availability StatementNo new data were created or analyzed in this study. Data sharing is not applicable to this article.
PMC11172787,38893017,comparison,2024,Journal of clinical medicine,1,1,back-notes-type,Data Availability StatementThe data used in the review are available upon request.
PMC11177758,38881551,comparison,2024,Frontiers in psychiatry,1,1,none,
PMC11177805,38881966,comparison,2024,Plastic and reconstructive surgery. Global open,1,1,none,
PMC11178933,38877062,comparison,2024,Scientific reports,1,1,back-notes-type,"Data availabilityThe original contributions presented in the study are included in the article/supplementary material, further inquiries can be directed to the corresponding author."
PMC11180702,38887375,comparison,2024,Campbell systematic reviews,1,1,none,
PMC11187671,38593225,comparison,2024,Journal of the American Geriatrics Society,1,1,none,
PMC11188698,38903286,comparison,2024,Cureus,1,1,none,
PMC11190156,38910893,comparison,2024,Frontiers in pharmacology,1,1,back-sec-type,Data availability statementAll data analysed during this study are included in the article/Supplementary Materials. More information can be found in the registration dataset at Open Science Framework (https://osf.io/573c2/).
PMC11198995,38709851,comparison,2024,PLoS medicine,1,1,none,
PMC11201327,38918733,comparison,2024,BMC public health,1,1,back-notes-type,Data availabilityThe datasets used and/or analyzed during the current study are available from the corresponding author on reasonable request.
PMC11202159,38928583,comparison,2024,Brain sciences,1,1,back-notes-type,Data Availability StatementNot applicable.
PMC11204469,38930058,comparison,2024,Journal of clinical medicine,1,1,back-notes-type,Data Availability StatementData supporting the findings of this study are available from the corresponding author upon reasonable request.
PMC11206863,38931356,comparison,2024,"Pharmaceuticals (Basel, Switzerland)",1,1,none,
PMC11207151,38924054,comparison,2024,PloS one,1,1,front-notes-title,Data AvailabilityAll data are in the supporting information file.
PMC11210781,38935684,comparison,2024,PloS one,1,1,front-notes-title,Data AvailabilityAll the data used and analyzed for this work are publicly available within the paper.
PMC11215295,38952364,comparison,2024,Heliyon,1,1,none,
PMC11217688,38957624,comparison,2024,Metabolism open,1,1,none,
PMC11218900,37256352,comparison,2023,European radiology,1,1,none,
PMC11218934,38954682,comparison,2024,PloS one,1,1,front-notes-title,"Data AvailabilityWe intend to make the deidentified research data will be made publicly available once the study is completed and published. As this is a protocol submission, we do not currently have any dataset."
PMC11220107,38956430,exposed,2024,Nature communications,1,1,none,
PMC11220866,38962212,comparison,2024,Data in brief,1,1,back-sec-type,Data Availability Sample Records: A Systematic Review in Metaverse and Extended Realities in Immersive Journalism (Original data) (Zenodo).Systematic Literature Review Results: PRISMA Statement Phases for Metaverse and Extended Realities in Immersive Journalism (Original data) (Zenodo).
PMC11220881,38864497,exposed,2024,IUCrJ,1,1,none,
PMC11221093,38956542,comparison,2024,BMC infectious diseases,1,1,back-notes-type,Availability of data and materialsThe datasets used and/or analyzed during the current study are available from the corresponding author based on reasonable request.
PMC11222203,38960899,comparison,2024,Clinical and experimental medicine,1,1,none,
PMC11223924,38974590,comparison,2024,Preventive nutrition and food science,1,1,none,
PMC11225762,38975158,comparison,2024,Heliyon,1,1,none,
PMC11227208,38971769,comparison,2024,BMC public health,1,1,back-notes-type,"Availability of data and materials As a meta-analysis, this study used data reported in the literature. Appendices and derived data for meta-analytic calculations are available the Open Science Framework here https://osf.io/c6rdk/files/osfstorage. Reader can also write directly to the corresponding author."
PMC11227211,38970090,comparison,2024,BMC medical education,1,1,back-notes-type,Availability of data and materialsThe datasets used and/or analysed during the current study are available from the corresponding author on reasonable request.
PMC11227806,38964792,comparison,2024,BMJ open,1,1,none,
PMC11228412,38978921,comparison,2024,Cureus,1,1,none,
PMC11231730,38988677,comparison,2024,Clinical neuropsychiatry,1,1,none,
PMC11232620,38983240,exposed,2024,PeerJ. Computer science,1,1,none,
PMC11236149,38985751,comparison,2024,PloS one,1,1,front-notes-title,Data AvailabilityAll data utilized and examined in this study are openly accessible within the supporting files.
PMC11241413,38998856,comparison,2024,"Healthcare (Basel, Switzerland)",1,1,back-notes-type,Data Availability StatementThe datasets generated during and/or analyzed during the current study are available from the corresponding author on reasonable request.
PMC11246013,39006881,comparison,2024,Metabolism open,1,1,none,
PMC11247944,39011096,exposed,2024,Research square,1,1,back-sec-type,"Availability of Data and MaterialEvery attempt will be made to publish results in peer-reviewed journals and to present these data at national and international meetings. Consistent with the collaborative nature of the proposed research, the PI anticipates sharing all data generated by the study with collaborators. Analytic datasets that will be developed through the project will comply with the NIH Data Sharing Policy. The analytical datasets from this project will include patient-level data generated from the study visits. Data from the trial will be made available upon reasonable request."
PMC11249132,39011076,comparison,2024,Health equity,1,1,none,
PMC1124931,12511463,comparison,2003,BMJ (Clinical research ed.),1,0,none,
PMC11250324,39022256,comparison,2024,Quantitative imaging in medicine and surgery,1,1,none,
PMC11256707,39035726,exposed,2023,Journal of the National Cancer Center,1,1,none,
PMC11256723,39035193,comparison,2023,Journal of the National Cancer Center,1,1,none,
PMC11258368,39035421,comparison,2024,Gates open research,1,1,back-sec-type,"Data availabilityNo data are associated with this article.Reporting guidelinesfigshare: PRISMA-P checklist for ‘Burden, causes, and risk factors of perinatal mortality in Eastern Africa; a protocol for systematic review and meta-analysis’, https://doi.org/10.6084/m9.figshare.20627859 43 Data are available under the terms of the Creative Commons Zero ""No rights reserved"" data waiver (CC BY 4.0 Public domain dedication)."
PMC11261677,39025816,comparison,2024,BMJ open,1,1,none,
PMC11265066,39039598,comparison,2024,BMC nursing,1,1,back-notes-type,Data availabilityThe data as well as detailed descriptions of the literature search and search outcome (including excluded articles) are available from the corresponding author upon request.
PMC11265679,39042705,exposed,2024,PLOS digital health,1,1,front-notes-title,Data AvailabilityOur scripts and datasets are publicly available on GitHub: https://github.com/anpetushkov/OpenVsPrivateDatasets.
PMC11265714,39042621,comparison,2024,PloS one,1,1,front-notes-title,Data AvailabilityAll relevant data are within the manuscript and its Supporting Information files.
PMC11266269,39044498,exposed,2024,The journal of prevention of Alzheimer's disease,1,1,none,
PMC11266301,39050608,comparison,2024,Frontiers in public health,1,1,none,
PMC11266458,39077007,comparison,2023,Reviews in cardiovascular medicine,1,1,none,
PMC11268069,39043598,comparison,2024,BMJ open,1,1,none,
PMC11272018,39071033,comparison,2024,Journal of family medicine and primary care,1,1,none,
PMC11272038,38805736,comparison,2024,Journal of occupational health,1,1,back-sec-type,Data availabilityNo new data were generated or analyzed in support of this research. The study protocol is registered at the UMIN registry (registration number: UMIN000049453).
PMC11275180,39061182,comparison,2024,Cancers,1,1,none,
PMC11278831,39064513,comparison,2024,"Medicina (Kaunas, Lithuania)",1,1,back-notes-type,"Data Availability StatementThe original contributions presented in the study are included in the article/supplementary material, and further inquiries can be directed to the corresponding author(s)."
PMC11284566,39076827,comparison,2024,Parasite epidemiology and control,1,1,back-sec-type,Data availabilityThe data that support the findings of this study are available from the corresponding author upon reasonable request.
PMC11288936,39086905,comparison,2024,Frontiers in endocrinology,1,1,none,
PMC11289592,39086772,comparison,2024,F1000Research,1,1,back-sec-type,Data availabilityNo data are associated with this article.Reporting guidelinesDOI: https://doi.org/10.5281/zenodo.11447533
PMC11289819,39086843,comparison,2024,Geriatric orthopaedic surgery & rehabilitation,1,1,none,
PMC11290708,33387683,exposed,2020,Journal of biomedical informatics,1,1,none,
PMC11293223,38386614,comparison,2024,Biomolecules & biomedicine,1,1,none,
PMC11294177,39099669,comparison,2024,Frontiers in endocrinology,1,1,none,
PMC11294936,39100558,comparison,2024,Frontiers in psychology,1,1,none,
PMC11298472,39104893,comparison,2024,Frontiers in public health,1,1,none,
PMC11304700,39114275,comparison,2024,EClinicalMedicine,1,1,none,
PMC11306085,39118670,comparison,2024,Frontiers in medicine,1,1,none,
PMC11309607,38394539,comparison,2024,Medicine,1,1,none,
PMC11312084,39123435,comparison,2024,Cancers,1,1,none,
PMC11315852,39120631,comparison,2024,Discover oncology,1,1,back-notes-type,Data availabilityThe datasets generated during and/or analysed during the current study are available from the corresponding author on reasonable request.
PMC11318323,39129020,comparison,2024,BMC pulmonary medicine,1,1,back-notes-type,"Availability of data and materialsThe original contributions presented in the study are included in the article, further inquiries can be directed to the corresponding author."
PMC11318336,39135177,comparison,2024,BMC public health,1,1,back-notes-type,Data availabilityAll data relevant to the study are included in the article or uploaded as supplemental information.
PMC11318579,38503270,comparison,2024,Neonatology,1,1,back-sec-type,Data Availability StatementAll data generated during the review process are found from the manuscript or online supplementary materials. Further inquiries can be directed to the corresponding author.
PMC11319765,39139913,exposed,2024,Ecology and evolution,1,1,back-sec-type,"DATA AVAILABILITY STATEMENTThe data supporting this study's findings are openly available in the Dryad data repository at https://doi.org/10.5061/dryad.37pvmcvst (private for peer review link: https://datadryad.org/stash/share/mBXcaXv51YpQXBXYKMN2gZq1PGhY0TWGxx1U0iIzkqs). In respect of student privacy, entire reflection essays were not included in the public repository and only excerpts from student essays were included in this paper."
PMC11320035,39139278,exposed,2024,NIHR open research,1,1,back-sec-type,Data availabilityNo data are associated with this article.
PMC11321099,39139388,comparison,2024,Journal of pharmaceutical policy and practice,1,1,none,
PMC11321244,39137905,exposed,2024,Database : the journal of biological databases and curation,1,1,back-sec-type,Data AvailabilityNo new data were generated or analyzed in support of this research. The workshop agenda can be accessed at https://wiki.glygen.org/Glycan_Function_Workshop_2023.
PMC11324476,39149511,exposed,2024,Frontiers in research metrics and analytics,1,1,none,
PMC11329859,39156328,comparison,2024,Cureus,1,1,none,
PMC11330017,39152474,comparison,2024,"Journal of health, population, and nutrition",1,1,back-notes-type,Data availabilityNo datasets were generated or analysed during the current study.
PMC11332445,39552278,comparison,2024,Florence Nightingale journal of nursing,1,1,none,
PMC11333969,39165268,comparison,2024,Frontiers in neurology,1,1,none,
PMC11334321,39164714,comparison,2024,BMC oral health,1,1,back-notes-type,Availability of data and materialsThe datasets used and analysed during the current study available from the corresponding author on reasonable request
PMC11338845,39175571,comparison,2024,Frontiers in endocrinology,1,1,none,
PMC11338929,39175806,comparison,2024,Frontiers in pediatrics,1,1,back-sec-type,"Data availability statementThe original contributions presented in the study are included in the article/Supplementary Material, further inquiries can be directed to the corresponding authors."
PMC11339141,38980348,comparison,2024,Psychopharmacology,1,1,none,
PMC11340054,39174923,comparison,2024,BMC neurology,1,1,back-notes-type,Availability of data and materialsAll data has been presented in the manuscript.
PMC11340077,39175026,comparison,2024,International journal of retina and vitreous,1,1,back-notes-type,Data availabilityNo datasets were generated or analysed during the current study.
PMC11342104,39184951,comparison,2024,Contemporary clinical trials communications,1,1,none,
PMC11342217,39172480,comparison,2024,JAMA oncology,1,0,none,
PMC11342886,39184225,comparison,2024,Ophthalmology science,1,1,none,
PMC11343413,39178236,comparison,2024,PloS one,1,1,front-notes-title,Data AvailabilityAll relevant data are in the paper and its Supporting Information files.
PMC11346927,39186713,comparison,2024,PloS one,1,1,front-notes-title,Data AvailabilityAll relevant data are within the manuscript and its Supporting Information files.
PMC11348224,39189270,comparison,2024,"Nursing reports (Pavia, Italy)",1,1,back-notes-type,"Data Availability StatementFor data supporting reported results, please contact the authors of this review."
PMC11349484,39206460,exposed,2024,Ecology and evolution,1,1,back-sec-type,DATA AVAILABILITY STATEMENTAll code and data underlying this work are available on Github at https://github.com/bmaitner/R_citations and are permanently archived at https://doi.org/10.5281/zenodo.8201251.
PMC11351027,39192339,exposed,2024,Trials,1,1,back-notes-type,"Availability of data and materialsEvery attempt will be made to publish results in peer-reviewed journals and to present these data at national and international meetings. Consistent with the collaborative nature of the proposed research, the PI anticipates sharing all data generated by the study with collaborators. Analytic datasets that will be developed through the project will comply with the NIH Data Sharing Policy. The analytical datasets from this project will include patient-level data generated from the study visits. Data from the trial will be made available upon reasonable request."
PMC11353186,39199441,comparison,2024,Brain sciences,1,1,back-notes-type,Data Availability StatementNo new data were created or analyzed in this study.
PMC11360874,39211537,comparison,2024,Frontiers in psychiatry,1,1,back-sec-type,Data availability statementThe data that support the findings of this study are available from the corresponding author upon reasonable request.
PMC11361655,39208331,comparison,2024,PloS one,1,1,front-notes-title,Data AvailabilityNo datasets were generated or analysed during the current study. All relevant data from this study will be made available upon study completion.
PMC11367384,39209763,exposed,2024,BMJ global health,1,1,back-sec-type,Data availability statementData are available on reasonable request.
PMC11370068,39223466,comparison,2024,BMC cancer,1,1,back-notes-type,Availability of data and materialsAll data generated or analyzed during this study are included in this published article and supplementary material.
PMC11372859,39233894,exposed,2024,Digital health,1,1,none,
PMC11374400,39239579,comparison,2024,Revista brasileira de ortopedia,1,1,none,
PMC11378854,39294763,comparison,2022,Environmental evidence,1,1,back-notes-type,Availability of data and materialsThe datasets used and/or analysed during the current study are available from the corresponding author on reasonable request.
PMC11379292,39240945,comparison,2024,PloS one,1,1,front-notes-title,Data AvailabilityAll relevant data are within the paper and its Supporting information files.
PMC11380233,38995790,comparison,2024,Journal of Alzheimer's disease : JAD,1,1,back-sec-type,DATA AVAILABILITYThis review was not registered and a protocol was not prepared. The data supporting the findings of this study are available on request from the corresponding author.
PMC11380326,39244603,comparison,2024,Systematic reviews,1,1,back-notes-type,"Availability of data and materialsThe data described in this study are available from the Open Science Platform (https://osf.io/fmhcq/) in the form of a spreadsheet file. In the data file, the first tab shows the list of questions that were used for data extraction with their respective short codes. The second tab shows the full individual study-level scores, with lines per study and columns per short code."
PMC11380562,39246972,comparison,2024,Cureus,1,1,none,
PMC11384394,39262705,comparison,2024,American journal of translational research,1,0,none,
PMC11387932,39262445,exposed,2024,F1000Research,1,1,back-sec-type,"Data availabilitySource dataThe source data for the sample-level metadata used by AMDirT is from the AncientMetagenomeDir project originally published in Ref. 3 under a CC-BY 4.0 license.The existing sample-level and new library-level data is stored on GitHub: https://github.com/SPAAM-community/AncientMetagenomeDir Each release is archived on Zenodo: https://doi.org/10.5281/zenodo.3980833 .Underlying dataNew sequencing library-level metadata is also stored in the AncientMetagenomeDir project from version v22.09 (Pyu Ancient Cities) onwards. 12 The version of the dataset used for the demonstration of AMDirT, statistics, and figures in this updated manuscript is v24.03 (Monticello). 24 Zenodo: SPAAM-community/AncientMetagenomeDir: Monticello (v24.03). https://doi.org/10.5281/zenodo.10942606 .Data are available under the terms of the Creative Commons Attribution 4.0 International license (CC-BY 4.0)."
PMC11393431,39267429,comparison,2024,Clinical cardiology,1,1,back-sec-type,Data Availability StatementThe data that support the findings of this study are available on request from the corresponding author. The data are not publicly available due to privacy or ethical restrictions.
PMC11395826,39272023,comparison,2024,BMC cardiovascular disorders,1,1,back-notes-type,Data availabilityThe datasets used during the present study are available from the corresponding author upon reasonable request.
PMC11398640,39269927,comparison,2024,PLOS digital health,1,1,front-notes-title,Data AvailabilityAll data are in the manuscript and Supporting Information files.
PMC11398948,39279769,comparison,2024,Neuro-oncology practice,1,1,none,
PMC11399013,39282029,comparison,2024,Gland surgery,1,1,none,
PMC11399503,39282205,comparison,2024,Indian journal of microbiology,1,0,none,
PMC11404037,39285409,comparison,2024,BMC public health,1,1,back-notes-type,Data availabilityNo datasets were generated or analysed during the current study.
PMC11404177,39117407,comparison,2024,BMJ open,1,1,none,
PMC11404205,39209785,comparison,2024,BMJ open,1,1,none,
PMC11407545,39290764,comparison,2024,Archives of academic emergency medicine,1,1,back-sec-type,7.6 Availability of data and materialsAll data generated or analyzed during this study are included in this published article (and its supplementary information files).
PMC11408506,39289345,comparison,2024,Translational psychiatry,1,1,none,
PMC11408668,39289403,comparison,2024,Scientific reports,1,1,back-notes-type,"Data availabilityCONSORT-TM dataset, the PubMedBERT models, and source code are available at https://github.com/ScienceNLP-Lab/RCT-Transparency."
PMC11409198,39297020,comparison,2024,Campbell systematic reviews,1,1,none,
PMC11409248,39260865,comparison,2024,BMJ open,1,1,none,
PMC11409320,39260851,comparison,2024,BMJ open,1,1,back-sec-type,Data availability statementData are available upon reasonable request.
PMC11409394,39260844,comparison,2024,BMJ open,1,1,none,
PMC11410687,39301316,comparison,2024,Frontiers in endocrinology,1,1,back-sec-type,Data availability statementThe original contributions presented in the study are included in the article/supplementary material. Further inquiries can be directed to the corresponding author.
PMC11410906,38635076,exposed,2024,Clinical & translational oncology : official publication of the Federation of Spanish Oncology Societies and of the National Cancer Institute of Mexico,1,1,back-notes-type,Data Availability StatementThe data generated and used in this study are openly available from the Zenodo.org public repository at https://zenodo.org/records/10101971.
PMC11412093,39297588,comparison,2024,Journal of global health,1,1,none,
PMC11412123,39308913,exposed,2024,Journal of the Medical Library Association : JMLA,1,1,back-sec-type,DATA AVAILABILITY STATEMENTAll data and data dictionaries associated with this study can be accessed at the study Github repository at: https://github.com/weepai/Discoverability-of-supporting-research-materials-for-U.S.-federally-funded-Covid-19-clinical-studies.
PMC11417579,39315191,comparison,2024,Heliyon,1,1,none,
PMC11424911,39321118,comparison,2024,Journal of managed care & specialty pharmacy,1,0,none,
PMC11425775,33035558,comparison,2020,Environmental research,1,0,none,
PMC11427125,39313452,comparison,2024,Yonsei medical journal,1,1,none,
PMC11429343,39345834,comparison,2024,BMJ open sport & exercise medicine,1,1,back-sec-type,Data availability statementData sharing is not applicable as no datasets were generated and/or analysed for this study.
PMC11435171,39339181,exposed,2024,Pharmaceutics,1,1,back-notes-type,"Data Availability StatementThe original contributions presented in the study are included in the article/Supplementary Material, further inquiries can be directed to the corresponding authors."
PMC11436551,38954320,comparison,2024,Journal of general internal medicine,1,1,none,
PMC11441676,39348422,comparison,2024,PloS one,1,1,front-notes-title,Data AvailabilityNo datasets were generated or analysed during the current study. All relevant data from this study will be made available upon study completion.
PMC11441946,39331860,comparison,2024,Medicine,1,1,none,
PMC11442817,38696109,comparison,2024,Journal of epidemiology and global health,1,1,back-notes-type,Data AvailabilityNo datasets were generated or analysed during the current study.
PMC11443196,39355852,comparison,2024,Wellcome open research,1,1,back-sec-type,"Data availabilityUnderlying dataNo data are associated with this article.Reporting guidelinesZenodo: Spatio-temporal occurrence, burden, risk factors and modelling methods for estimating scrub typhus burden from global to subnational resolutions: a systematic review protocol- PRISMA-P checklist. https://doi.org/10.5281/zenodo.7299952 26 Data are available under the terms of the Creative Commons Attribution 4.0 International license (CC-BY 4.0)."
PMC11443699,39350104,comparison,2024,Malaria journal,1,1,back-notes-type,Availability of data and materialsAll data generated or analysed during this study are included in this published article and its supplementary files. Supplementary file 2 contains the original downloaded excel dataset from www.clinicaltrials.gov (Date of download: 15 November 2022).
PMC11445645,39360219,exposed,2024,Wellcome open research,1,1,back-sec-type,"Data availabilityZenodo: Data curation materials in ""Daily life in the Open Biologist's second job, as a Data Curator"". https://zenodo.org/doi/10.5281/zenodo.12734112 57 .The project contains the following data: -The python scripts we used for data cleaning-The template for source data information-The README template-Supplementary Figure 1Data are available under the terms of the Creative Commons Zero ""No rights reserved"" data waiver (CC0 1.0 Public domain dedication)."
PMC11446071,39354392,comparison,2024,BMC pregnancy and childbirth,1,1,back-notes-type,Data availabilityThe datasets used in this study are available from the authors upon reasonable request.
PMC11450996,39363272,comparison,2024,BMC public health,1,1,back-notes-type,"Data availabilityThe datasets used and/or analysed during the current study are openly and freely accessible from the journals that were mentioned, and all full citations are included in the reference section."
PMC11451168,39367440,comparison,2024,BMC women's health,1,1,back-notes-type,Data availabilityFor those who are interested; the datasets of this study could be accessed from the corresponding author on reasonable request.
PMC11451232,39367313,comparison,2024,BMC medical research methodology,1,1,back-notes-type,Availability of data and materialsNo datasets were generated or analysed during the current study.
PMC11458428,39380751,comparison,2024,Frontiers in psychology,1,1,back-sec-type,"Data availability statementThe original contributions presented in the study are included in the article/supplementary material, further inquiries can be directed to the corresponding author/s."
PMC11459270,39381428,comparison,2024,"Open medicine (Warsaw, Poland)",1,1,none,
PMC11459325,39353677,exposed,2024,BMJ open ophthalmology,1,1,none,
PMC11460423,39380589,comparison,2024,Revista brasileira de ginecologia e obstetricia : revista da Federacao Brasileira das Sociedades de Ginecologia e Obstetricia,1,1,none,
PMC11462310,39384302,comparison,2024,European respiratory review : an official journal of the European Respiratory Society,1,1,none,
PMC11465829,39385247,comparison,2024,Diabetology & metabolic syndrome,1,1,back-notes-type,Data availabilityNo datasets were generated or analysed during the current study.
PMC11469817,39399807,comparison,2024,Plastic and reconstructive surgery. Global open,1,1,none,
PMC11470660,39394146,comparison,2024,BMC medicine,1,1,back-notes-type,Availability of data and materialsData can be found at https://osf.io/g3mdu/.
PMC11474374,39416390,comparison,2024,EClinicalMedicine,1,1,none,
PMC11474718,39384225,comparison,2024,BMJ open,1,1,none,
PMC11475739,39409897,comparison,2024,Cancers,1,1,back-notes-type,Data Availability StatementData used in the manuscript are publicly available.
PMC11477414,39407906,comparison,2024,Journal of clinical medicine,1,1,back-notes-type,Data Availability StatementData are contained within the article and Supplementary Materials.
PMC11485413,39140398,exposed,2024,Alzheimer's & dementia : the journal of the Alzheimer's Association,1,1,none,
PMC11487007,38573087,comparison,2024,"International journal of surgery (London, England)",1,1,none,
PMC11489802,39365987,comparison,2024,Journal of medical Internet research,1,1,none,
PMC11489925,39431203,exposed,2024,Brain and neuroscience advances,1,1,none,
PMC11491550,39428845,comparison,2024,Cancer medicine,1,1,back-sec-type,Data Availability StatementThe authors have nothing to report.
PMC11495656,23076906,comparison,2012,The Cochrane database of systematic reviews,1,0,none,
PMC11499845,39433420,comparison,2024,BMJ open,1,1,none,
PMC11502333,39464188,comparison,2024,Frontiers in endocrinology,1,1,back-sec-type,Data availability statementThe original contributions presented in the study are included in the article/supplementary material. Further inquiries can be directed to the corresponding author.
PMC11508081,39457394,comparison,2024,Genes,1,1,back-notes-type,Data Availability StatementNo new data were created or analyzed in this study.
PMC11515134,38826049,exposed,2024,"Philosophical transactions. Series A, Mathematical, physical, and engineering sciences",1,1,back-sec-type,Data accessibilityThis article has no additional data.
PMC11519758,39473660,comparison,2024,Cureus,1,1,none,
PMC11519759,39473642,comparison,2024,Cureus,1,1,none,
PMC11521056,39470515,comparison,2024,Medicine,1,1,none,
PMC11521266,39471154,comparison,2024,PLOS digital health,1,1,front-notes-title,Data AvailabilityThe data that support the findings of this study are publicly available from the Harvard DataVerse: https://dataverse.harvard.edu/dataset.xhtml?persistentId=doi:10.7910/DVN/HZSTFZ.
PMC11522773,39484120,comparison,2024,Reviews in cardiovascular medicine,1,1,back-sec-type,"Availability of Data and MaterialsIn the review, the template data collection forms, data extracted from the included studies, the data used for all analyses, as well as the analytical code are available to all."
PMC11524501,39475843,comparison,2024,PloS one,1,1,front-notes-title,Data AvailabilityAll relevant data are within the manuscript and its Supporting information files.
PMC11526389,39483790,exposed,2023,South African journal of science,1,1,none,
PMC11528796,39493630,exposed,2024,Digital health,1,1,none,
PMC11537593,39496028,comparison,2024,Medicine,1,1,none,
PMC11537614,39495970,exposed,2024,Medicine,1,1,none,
PMC11538124,39499409,comparison,2024,Journal of patient-reported outcomes,1,1,back-notes-type,Data availabilityNot applicable.
PMC11540644,39512272,comparison,2024,Frontiers in health services,1,1,none,
PMC11541499,39505888,exposed,2024,Scientific data,1,1,back-notes-type,"Data availabilityMaterials used for manual evaluation of DCE results as well as all source data for the initial trial run can be found at the following Zenodo repository: 10.5281/zenodo.13830817. Genomic metadata can be found at the Genomes OnLine Database (gold.jgi.doe.gov), the JGI Genome Portal (genome.jgi.doe.gov), the JGI Data Portal (data.jgi.doe.gov), Integrated Microbial Genomes & Microbiomes (img.jgi.doe.gov), Phytozome (phytozome.jgi.doe.gov), PhycoCosm (phycocosm.jgi.doe.gov), MyCosm (mycocosm.jgi.doe.gov), GenBank (ncbi.nlm.nih.gov/genbank), and the Sequence Read Archive (ncbi.nlm.nih.gov/sra). Publication data can be found at PubMed (pubmed.ncbi.nlm.nih.gov) and PubMed Central (www.ncbi.nlm.nih.gov/pmc). Additionally, the analyses include results returned via searches over proprietary full-text data contained within the Dimensions database (app.dimensions.ai) that was not directly accessed and cannot be exposed publicly."
PMC11542313,39511667,comparison,2024,Archives of public health = Archives belges de sante publique,1,1,back-notes-type,Data availabilityNo datasets were generated or analysed during the current study.
PMC11542449,39511520,comparison,2024,BMC psychiatry,1,1,back-notes-type,Data availabilityThis published article and its supplementary information files include all data generated or analysed during this study.
PMC11545212,39518367,comparison,2024,"Diagnostics (Basel, Switzerland)",1,1,back-notes-type,Data Availability StatementThe data presented in this study are available on request from the corresponding author.
PMC11552585,39500610,comparison,2024,BMJ open,1,1,none,
PMC11554546,39380451,comparison,2024,Thoracic cancer,1,1,back-sec-type,DATA AVAILABILITY STATEMENTThe data underlying this article are available in the article and in its supplementary material. Further inquiries can be directed to the corresponding author.
PMC11555550,39527054,comparison,2024,JAMA network open,1,1,none,
PMC11560400,39544560,comparison,2024,Cureus,1,1,none,
PMC11560540,39264024,comparison,2024,Academic emergency medicine : official journal of the Society for Academic Emergency Medicine,1,1,none,
PMC11562665,39450631,comparison,2024,La Medicina del lavoro,1,1,none,
PMC11564455,39542954,comparison,2024,International journal of implant dentistry,1,1,back-notes-type,Data availabilityNo datasets were generated or analysed during the current study.
PMC11565089,39481096,comparison,2024,Journal of medical Internet research,1,1,back-sec-type,Data AvailabilityThe datasets generated during or analyzed during this study are available from the corresponding author on reasonable request.
PMC11565368,39552875,comparison,2024,Journal of thoracic disease,1,1,none,
PMC11570859,39559452,comparison,2024,Internet interventions,1,1,none,
PMC11571841,39599923,comparison,2023,European burn journal,1,1,back-notes-type,Data Availability StatementThe original data are included in the article. Further information can be obtained from the corresponding author.
PMC11573330,39559555,exposed,2024,Critical care explorations,1,1,none,
PMC11573587,39564115,comparison,2024,Frontiers in pharmacology,1,1,back-sec-type,"Data availability statementThe raw data supporting the conclusions of this article will be made available by the authors, without undue reservation."
PMC11577284,39568751,comparison,2024,Frontiers in medicine,1,1,none,
PMC11577720,39563327,comparison,2024,"Radiation oncology (London, England)",1,1,back-notes-type,Data availabilityNo datasets were generated or analysed during the current study.
PMC11578489,39565766,exposed,2024,PLOS global public health,1,1,front-notes-title,Data AvailabilityThe data supporting this study's findings are available on Figshare at the following DOI: 10.6084/m9.figshare.25265389.
PMC11580506,39568007,comparison,2024,Italian journal of pediatrics,1,1,back-notes-type,"Data availabilityThe majority of data presented in the study are included in the article and supplemental files, the sources of original datasets are presented in the Methods and R codes used and/or analyzed are available from the corresponding author on reasonable request."
PMC11580665,39575169,comparison,2024,PeerJ,1,1,none,
PMC11581113,39574886,exposed,2024,Research square,1,1,back-sec-type,Data Availability StatementThe datasets used and analyzed in this study are available upon reasonable request from the corresponding author.
PMC11581497,39388181,comparison,2024,JAMA network open,1,1,none,
PMC11582726,39572624,comparison,2024,Scientific reports,1,1,back-notes-type,Data Availability The datasets used and/or analyzed during the current study are available from the corresponding author on reasonable request.
PMC11583373,39578861,comparison,2024,AIDS research and therapy,1,1,back-notes-type,Data availabilityThe datasets used and/or analysed during the current study are available from the corresponding author on reasonable request.
PMC11584078,39576822,comparison,2024,PloS one,1,1,front-notes-title,Data AvailabilityAll relevant data are within the paper and its supporting information files.
PMC11585100,39578794,comparison,2024,BMC public health,1,1,back-notes-type,Data availabilityAll related data have been presented within the manuscript. The dataset supporting the conclusions of this article is available from the authors on request.
PMC11585217,39578799,comparison,2024,BMC medical education,1,1,back-notes-type,Data availabilityData sharing for this study has been restricted by the Institutional Review Board because the consent for sharing raw data for publications was not obtained from all participants.The Educational materials are available upon request to the corresponding author.
PMC11585932,39580391,exposed,2024,BMC oral health,1,1,back-notes-type,Data availabilityThe raw data used in the analysis can be accessed and downloaded at http://repositorio.uspdigital.usp.br/handle/item/565.
PMC115863,11978183,comparison,2002,BMC medical research methodology,1,1,none,
PMC11587482,27653216,exposed,2016,Revista espanola de salud publica,1,1,none,
PMC11587584,39587518,comparison,2024,BMC complementary medicine and therapies,1,1,back-notes-type,"Data availabilityThe data sets generated or analyzed during the present study are not publicly accessible due to the regulations of the Research Center for Biochemistry and Nutrition in Metabolic Diseases at Kashan University of Medical Science. However, they can be accessible from the corresponding author upon logical request."
PMC11587670,39581960,comparison,2024,Journal of orthopaedic surgery and research,1,1,back-notes-type,Data availabilityNo datasets were generated or analysed during the current study.
PMC11590148,39600387,comparison,2024,Digital health,1,1,none,
PMC11590862,39606773,comparison,2024,Journal of the Saudi Heart Association,1,1,none,
PMC11593537,39595779,exposed,2024,International journal of environmental research and public health,1,1,back-notes-type,Data Availability StatementNot applicable.
PMC11594583,39597930,comparison,2024,Journal of clinical medicine,1,1,back-notes-type,Data Availability StatementNo new data were created or analyzed in this study. Data sharing is not applicable to this article.
PMC11599497,39610499,comparison,2024,Journal of diabetes and metabolic disorders,1,0,none,
PMC11605833,39613439,comparison,2024,BMJ open,1,1,back-sec-type,Data availability statementAll data relevant to the study are included in the article or uploaded as supplementary information.
PMC11607499,39618855,comparison,2024,Reviews in cardiovascular medicine,1,1,none,
PMC11607899,39614174,comparison,2024,BMC nephrology,1,1,back-notes-type,Data availabilityAll data supporting the conclusions of this article are included in the article.
PMC11608051,39619160,comparison,2024,Clinical epidemiology,1,1,back-sec-type,"Data Sharing StatementAccording to Danish law, patient data are not directly available to third parties. Applications for data access from national health registries may be requested from the Research Service at the Danish Health Data Authority (e-mail: forskerservice@sundhedsdata.dk) and requires approval from the Danish Data Protection Agency (e-mail: www.datatilsynet.dk/english/the-danish- data-protection-agency/introduction-to-The-danish-data-protection-agency). Applications for data access from the WDHR may be requested from OPEN (website: www.open.rsyd.dk/projekter/vestdansk-hjertedatabase) and requires approval from a Danish region."
PMC11611106,39621611,comparison,2024,PloS one,1,1,front-notes-title,Data AvailabilityAll relevant data are within the manuscript and its Supporting Information files.
PMC11618833,39640505,comparison,2024,Frontiers in sports and active living,1,1,back-sec-type,"Data availability statementThe original contributions presented in the study are included in the article/Supplementary Material, further inquiries can be directed to the corresponding author."
PMC11619678,39639294,comparison,2024,BMC oral health,1,1,back-notes-type,Data availabilityThe datasets used and/or analysed during the current study are available from the corresponding author on reasonable request.
PMC11619723,39513719,comparison,2024,EFORT open reviews,1,1,none,
PMC11620403,39636928,comparison,2024,PloS one,1,1,front-notes-title,Data AvailabilityAll relevant data are within the manuscript and its Supporting information files.
PMC11624729,39627136,comparison,2024,BMJ open,1,1,none,
PMC11626897,39660240,comparison,2024,Gynecology and minimally invasive therapy,1,1,none,
PMC11629046,39298282,comparison,2024,International endodontic journal,1,1,back-sec-type,"DATA AVAILABILITY STATEMENTData sharing is not applicable – no new data are generated, or the article describes entirely theoretical research."
PMC11630970,39654224,comparison,2024,Medicine,1,1,none,
PMC11634384,39325728,comparison,2024,Aesthetic surgery journal,1,1,none,
PMC11634998,39668947,comparison,2024,Current developments in nutrition,1,1,none,
PMC11636244,39668887,comparison,2024,Journal of multidisciplinary healthcare,1,1,none,
PMC11639865,39677965,comparison,2024,PeerJ,1,1,none,
PMC11643200,39677420,exposed,2024,medRxiv : the preprint server for health sciences,1,1,back-sec-type,Data AvailabilityData and code are publicly available here: https://osf.io/6jkwy/. The two datasets we received can be requested from the corresponding authors of the respective papers. We did not have any special access privileges that others would not have.
PMC11655773,39367549,comparison,2024,Worldviews on evidence-based nursing,1,1,back-sec-type,DATA AVAILABILITY STATEMENTThe data that support the findings of this study are available from the corresponding author upon reasonable request.
PMC11656107,39635895,exposed,2024,Biopreservation and biobanking,1,0,none,
PMC11656892,39696549,comparison,2024,Journal of orthopaedic surgery and research,1,1,back-notes-type,Availability of data and materialsThe data that support the findings of this study are available from the corresponding author.
PMC11661966,39044008,comparison,2024,Evidence-based dentistry,1,1,back-notes-type,Data availabilityAll data generated or analyzed during this study are included in this published article and its supplementary information files.
PMC11666687,39720206,comparison,2024,Frontiers in cardiovascular medicine,1,1,back-sec-type,"Data availability statementThe original contributions presented in the study are included in the article/Supplementary Material, further inquiries can be directed to the corresponding author."
PMC11667078,39720831,comparison,2024,Veterinary and animal science,1,1,none,
PMC11667398,39715637,exposed,2024,BMJ mental health,1,1,back-sec-type,"Data availability statement There is no new data generated from this perspective article. The data we discuss are in reference 7 and in addition, the ReadMe templates and guidelines that we refer to are openly available in a GitHub repository: https://github.com/circadianmentalhealth/circadian-data-standards"
PMC11667550,39535465,exposed,2024,Alzheimer's & dementia : the journal of the Alzheimer's Association,1,1,none,
PMC11668459,39722982,comparison,2024,Journal of family medicine and primary care,1,1,none,
PMC11669502,39726842,comparison,2024,Frontiers in endocrinology,1,1,back-sec-type,Data availability statementThe original contributions presented in the study are included in the article/ Supplementary Material . Further inquiries can be directed to the corresponding authors.
PMC11670985,39724025,comparison,2024,PloS one,1,1,front-notes-title,Data AvailabilityAll relevant data are within the manuscript and its Supporting Information files.
PMC11672156,39724369,comparison,2024,JAMA network open,1,1,none,
PMC11672528,39735688,comparison,2024,Canadian journal of kidney health and disease,1,1,none,
PMC11673357,39731199,comparison,2024,Systematic reviews,1,1,back-notes-type,Data availabilityAll data extracted from included studies and used to synthesise findings in this review are included in the Supplementary Material.
PMC11681149,39749418,comparison,2025,Journal of rehabilitation medicine,1,1,none,
PMC11681728,39732647,comparison,2024,BMC pediatrics,1,1,back-notes-type,Data availabilityNo datasets were generated or analysed during the current study.
PMC11686088,39739535,comparison,2025,Brain and behavior,1,1,back-sec-type,Data Availability StatementResearch data are not shared.
PMC11686863,39736607,comparison,2024,International journal for equity in health,1,1,back-notes-type,Data availabilityMaterial underlying this study are freely accessible using the following link: 10.6084/m9.figshare.25998223.
PMC11693423,39396436,comparison,2024,Journal of Ayurveda and integrative medicine,1,1,none,
PMC11699494,39705075,comparison,2024,Journal of medical Internet research,1,1,none,
PMC11700994,39764283,comparison,2024,Frontiers in cardiovascular medicine,1,1,back-sec-type,"Data availability statementThe original contributions presented in the study are included in the article/Supplementary Material, further inquiries can be directed to the corresponding author."
PMC11702038,39757157,comparison,2025,Health and quality of life outcomes,1,1,back-notes-type,Data availabilityNo datasets were generated or analysed during the current study.
PMC11702154,39762751,comparison,2025,BMC infectious diseases,1,1,back-notes-type,Data availabilityThe data sets generated during the current study are available from the all authors upon reasonable request.
PMC11703039,39761276,comparison,2025,PloS one,1,1,front-notes-title,Data AvailabilityAll relevant data are within the paper and its Supporting information files.
PMC11705774,39762782,exposed,2025,BMC public health,1,1,back-notes-type,Data availabilityAll data supporting the findings of this study are available within the paper and its Supplementary Information. Information for analysing the data and drawing up the tables in the article was entered into a data repository created by the authors and can be accessed via the link: http://doi.org/10.17632/tbdm4939z5.1.
PMC11715416,39780237,comparison,2025,BMC psychology,1,1,back-notes-type,Data availability Availability of data and materials: Data are available upon request from the corresponding author (WH).
PMC11718527,39801663,comparison,2024,World journal of radiology,1,1,none,
PMC11719354,39802006,comparison,2024,Heliyon,1,1,none,
PMC11724409,39801611,comparison,2025,Therapeutic advances in medical oncology,1,1,none,
PMC11727502,39806278,comparison,2025,BMC gastroenterology,1,1,back-notes-type,Data availabilityAll data generated or analyzed during this study are included in this published article and its supplementary information files.
PMC11730645,39805856,exposed,2025,Scientific data,1,1,back-notes-type,"Data availabilityThe data used in this study is published in an online repository and archived in Zenodo with a permanent identifier to facilitate its findability13. The data maintainer is Giner-Miguelez, co-author of this work, and can be contacted for reporting issues (errata) or further contributions to the data. Issues and contributions can also be reported through Zenodo’s open repository link. There is no set timeframe for data updates, and any data deprecation will be announced in the Zenodo-linked repository. As data does not represent people directly, we cannot infer potential social concerns directly from it. Aside from the topic analysis, we did not test the data with any machine learning approach. However, because data can be used to train ML models, practitioners should be aware of the limitations presented before using it.The data extracted using the Giner et al.52 approach cannot be understood as a gold truth because the underlying models are limited in accuracy and may suffer from hallucinations. Because of these issues, we only recommend using the data for statistical analysis of its trends. The data sources were the OpenAlex API48, the OpenReview API service, and the data publishers’ website (Nature’s Scientific Data and Elsevier’s Data in Brief), and we have not detected any explicit bias inherited from them. The data collection and curation were done by the three authors of the paper (internal team), who are based in Spain and Luxembourg, during 2023. The method section explains the provenance processes carried out by the authors, and the archived repository contains the calculus and charts generated from the data."
PMC11730783,39810076,comparison,2025,BMC geriatrics,1,1,back-notes-type,Data availabilityThe datasets used and/or analyzed during the current study are available from the corresponding author on reasonable request.
PMC11735507,39812741,exposed,2025,Neuroinformatics,1,1,back-notes-type,Data AvailabilityNo datasets were generated or analysed during the current study.
PMC11736645,39822392,comparison,2024,Archives of physiotherapy,1,1,back-sec-type,Data Availability Statement:Data publicly available: The data presented in this study are openly available in the OSF online repository at https://osf.io/v6k75/
PMC11740398,39819269,exposed,2025,BMC genomics,1,1,back-notes-type,Data availabilityNo datasets were generated or analysed during the current study.
PMC11745808,39834403,exposed,2024,Heliyon,1,1,back-sec-type,"Data availabilityThe datasets generated and analyzed during the current study, as well as the scripts used to merge the Scopus and Web of Science records collections, are available online in the open data repository CORA-RDR [84]."
PMC11747633,39839623,exposed,2025,Frontiers in medicine,1,1,back-sec-type,"Data availability statementThe original contributions presented in the study are included in the article/supplementary material, further inquiries can be directed to the corresponding authors."
PMC11748600,39825258,comparison,2025,BMC infectious diseases,1,1,back-notes-type,Data availabilityAll data and materials are included in the manuscript.
PMC11748868,37682290,comparison,2023,The journal of spinal cord medicine,1,0,none,
PMC11750520,39845146,exposed,2024,Data in brief,1,1,back-sec-type,"Data Availability ZenodoIntegrated Datasets for analyses on potentially hazardous locations for women in Valencia, Dublin, San Francisco, and Toluca (Original data)."
PMC11751573,39844930,comparison,2024,EClinicalMedicine,1,1,none,
PMC11751824,39788773,comparison,2025,BMJ open,1,1,none,
PMC11752620,39838925,comparison,2025,Clinical and applied thrombosis/hemostasis : official journal of the International Academy of Clinical and Applied Thrombosis/Hemostasis,1,1,none,
PMC11754536,39041682,comparison,2024,The International journal of eating disorders,1,1,back-sec-type,Data Availability StatementThe data that support the findings of this study are available from the corresponding author upon reasonable request.
PMC11757661,39847174,comparison,2025,International journal of implant dentistry,1,1,back-notes-type,Availability of data and materialNo datasets were generated or analysed during the current study.
PMC11757986,39787587,exposed,2025,JMIR public health and surveillance,1,1,back-sec-type,Data AvailabilityThe datasets generated and analyzed during this study are available from the corresponding author upon reasonable request and also in the multimedia appendices.
PMC11759200,39855663,comparison,2025,BMJ open,1,1,none,
PMC11759256,39867389,comparison,2025,medRxiv : the preprint server for health sciences,1,1,none,
PMC11760034,39854584,comparison,2025,PloS one,1,1,front-notes-title,Data AvailabilityAll relevant data are within the manuscript and its Supporting Information files.
PMC11760668,39849413,comparison,2025,BMC pulmonary medicine,1,1,back-notes-type,Data availabilityAll data for this study are publicly available. This data can be found here: The National Health and Nutrition Examination Survey dataset at https://www.cdc.gov/nchs/nhanes/index.html.
PMC11776221,39875982,comparison,2025,BMC health services research,1,1,back-notes-type,Data availabilityAll data generated or analysed during this study are included in this published article and its supplementary information files.
PMC1177924,15955254,comparison,2005,BMC complementary and alternative medicine,1,1,none,
PMC11780850,39881227,comparison,2025,BMC psychiatry,1,1,back-notes-type,Data availabilityWe used publicly available data and no original data was collected.
PMC11787838,39902350,comparison,2025,Iranian journal of public health,1,1,none,
PMC11788135,39902128,comparison,2025,Frontiers in oncology,1,1,none,
PMC11790600,39906241,comparison,2025,Health science reports,1,1,back-sec-type,Data Availability StatementThe authors confirm that the data supporting the findings of this study are available within the article [and/or] its supplementary materials. The data that support the findings of this study are available from the corresponding author upon reasonable request.
PMC11795895,40474913,exposed,2023,Cochrane evidence synthesis and methods,1,1,back-sec-type,DATA AVAILABILITY STATEMENTAll data and analytic code used to generate the findings in this study is publicly accessible at osf.io/hzf7b.
PMC11795946,40476263,comparison,2024,Cochrane evidence synthesis and methods,1,1,back-sec-type,DATA AVAILABILITY STATEMENTData are publicly available.
PMC11795976,40474910,exposed,2023,Cochrane evidence synthesis and methods,1,1,back-sec-type,"DATA AVAILABILITY STATEMENTThis article has earned Open Data and Open Materials badges. Data and materials are available at https://osf.io/ch945/. This article has earned a Preregistered Research Designs badge for having a preregistered research design, available at https://research.monash.edu/en/publications/the-reprise-project-protocol-for-an-evaluation-of-reproducibility."
PMC11796737,37721568,comparison,2023,Journal of cancer research and clinical oncology,1,0,none,
PMC11798917,39916953,comparison,2025,Frontiers in immunology,1,1,back-sec-type,Data availability statementThe original contributions presented in the study are included in the article/ Supplementary Material . Further inquiries can be directed to the corresponding authors.
PMC11799928,39917627,comparison,2025,Campbell systematic reviews,1,1,none,
PMC11800428,39915715,comparison,2025,BMC medical research methodology,1,1,back-notes-type,Data availabilityNo datasets were generated or analysed during the current study.
PMC11801329,22258983,comparison,2012,The Cochrane database of systematic reviews,1,0,none,
PMC11804041,39920577,comparison,2025,BMC gastroenterology,1,1,back-notes-type,Data availabilityAll data generated or analyzed during this study are included in this published article or are available from the corresponding author on reasonable request.
PMC11804702,39869806,comparison,2025,Proceedings of the National Academy of Sciences of the United States of America,1,1,back-sec-type,"Data, Materials, and Software AvailabilityThere are no data underlying this work."
PMC11805245,39927039,comparison,2024,Journal of pharmacy & bioallied sciences,1,1,none,
PMC11806046,39920188,comparison,2025,Scientific reports,1,1,back-notes-type,"Data availabilityData will available freely online and Bahir Dar University database (https://www.researchgate.net/institution/Bahir_Dar_University), and Debre Tabor University ResearchGate (https://www.researchgate.net/institution/Debre_Tabor_University)."
PMC11807350,38548008,comparison,2024,Journal of biomedical informatics,1,1,back-sec-type,"Data availabilityThe limitation type dataset, the PubMedBERT models, and the source code are available at https://github.com/MengfeiLan/SAL_Type_Classification."
PMC11808655,39931191,comparison,2024,NIHR open research,1,1,back-sec-type,"Data availabilityUnderlying dataNo data are associated with this article.Extended dataFigshare: Appendix/Prisma P, https://doi.org/10.6084/m9.figshare.24541843.v1 24 .This project contains the following extended data:-Appendix.pdfReporting guidelinesFigshare: Prisma P checklist for ’Natural Language Processing for Detecting Adverse Drug Events: Systematic Review Protocol’, https://doi.org/10.6084/m9.figshare.24541843.v1 24 ."
PMC11812852,40018258,comparison,2024,BMJ public health,1,1,back-sec-type,Data availability statementAll data relevant to the study are included in the article or uploaded as supplemental information.
PMC11813021,39928813,comparison,2025,Medicine,1,1,none,
PMC11813089,39932901,comparison,2025,PloS one,1,1,front-notes-title,Data AvailabilityNo datasets were generated or analyzed during the current study. All relevant data from this study will be made available upon study completion.
PMC11814032,37906420,comparison,2023,Journal of cancer survivorship : research and practice,1,1,back-notes-type,Data availabilityData sharing is not applicable to this article as no datasets were generated during the current study.
PMC11818428,39942222,comparison,2025,"Materials (Basel, Switzerland)",1,1,none,
PMC11822429,39938961,comparison,2025,BMJ open,1,1,none,
PMC11823227,39948475,comparison,2025,BMC medical research methodology,1,1,back-notes-type,"Data availabilityAll the code generated in this study is openly available under an open license in GitHub: https://github.com/quest-bih/trackvalue. Data collection and analysis was conducted in Python [Version 3.9] and R [Version 4.3.2]. This manuscript was written by interleaving regular prose and analysis code in Quarto [Version 1.4.549]. With the exception of investigator contact information and survey comments and corrections, all the data is openly available in the GitHub repository of the project and in Zenodo: https://doi.org/10.5281/zenodo.10467054."
PMC11823764,25115694,comparison,2014,Journal of cancer research and clinical oncology,1,0,none,
PMC11823905,24838848,comparison,2014,Journal of cancer research and clinical oncology,1,0,none,
PMC11824115,24525705,comparison,2014,Journal of cancer research and clinical oncology,1,0,none,
PMC11827907,21107607,comparison,2010,Journal of cancer research and clinical oncology,1,0,none,
PMC11828428,39951411,comparison,2025,PloS one,1,1,front-notes-title,Data AvailabilityNo datasets were generated or analysed during the current study. All relevant data from this study will be made available upon study completion.
PMC11831125,39963161,comparison,2025,EClinicalMedicine,1,1,none,
PMC11833346,39889542,comparison,2025,NeuroImage. Clinical,1,1,back-sec-type,"Data availabilityThis is a systematic review, all used data has been already published and is available."
PMC11835034,39975500,comparison,2025,Journal of the Medical Library Association : JMLA,1,1,back-sec-type,"DATA AVAILABILITY STATEMENTData associated with this article, including Excel documentation spreadsheet, are on the Open Science Framework Site for this project (https://osf.io/gcy4e)."
PMC11836374,39966543,comparison,2025,Scientific reports,1,1,back-notes-type,Data availabilityThe data is available at the corresponding author and can be provided upon request.
PMC11836587,39903508,exposed,2025,Journal of medical Internet research,1,1,back-sec-type,Data AvailabilityThe datasets generated during and analyzed during this study are available from the corresponding author on reasonable request.
PMC11836804,39965944,comparison,2025,BMJ open,1,1,none,
PMC11841242,39979841,comparison,2025,BMC public health,1,1,back-notes-type,Data availabilityAll data generated or analyzed for this systemic review are included in the publication or supplementary files available online. The full data set is presented in Supplementary 3: Appendix 3.
PMC11842059,39980657,comparison,2025,Human reproduction open,1,1,back-sec-type,Data availabilityThe data underlying this article will be shared on reasonable request to the corresponding author.
PMC11842929,39980379,exposed,2025,Human brain mapping,1,1,back-sec-type,Data Availability StatementThe data that support the findings of this study are openly available in Psy_ShareD at https://psyshared.com/Home.html.
PMC11843689,39989508,exposed,2025,Therapeutic advances in rare disease,1,1,none,
PMC11846013,39982728,comparison,2025,JAMA network open,1,1,none,
PMC11849725,40007680,comparison,2024,Beyoglu eye journal,1,0,none,
PMC11851266,39269008,comparison,2024,Journal of the European Academy of Dermatology and Venereology : JEADV,1,1,back-sec-type,DATA AVAILABILITY STATEMENTAll data are presented within this manuscript or the associated supplementary tables.
PMC11853706,40002270,comparison,2025,Cancers,1,1,none,
PMC11854560,40002563,comparison,2025,"Diagnostics (Basel, Switzerland)",1,1,back-notes-type,Data Availability StatementNot applicable.
PMC11855940,39997331,comparison,2025,Journal of personalized medicine,1,1,back-notes-type,Data Availability StatementThe datasets during and/or analyzed during the current study are available from the first and corresponding author on reasonable request.
PMC11859612,40006575,comparison,2025,Pharmaceutics,1,1,back-notes-type,Data Availability StatementData sharing is applicable to this article.
PMC11862776,39933164,comparison,2025,Journal of medical Internet research,1,1,none,
PMC11863247,40013073,exposed,2025,Digital health,1,1,none,
PMC11863922,40001025,comparison,2025,BMC nursing,1,1,back-notes-type,"Data availabilityData is provided within the manuscript. The generated data can be obtained from the corresponding author upon reasonable request, but the datasets generated and/or analyzed during the current study are not publicly available due to the fact that all articles used for data generation are cited in this manuscript."
PMC11865133,39652111,comparison,2024,"Quality of life research : an international journal of quality of life aspects of treatment, care and rehabilitation",1,1,back-notes-type,Data availabilityThe templates for data extraction and data extracted from the literature are available from the authors upon reasonable request.
PMC11865765,40010834,comparison,2025,BMJ open,1,1,back-sec-type,Data availability statementAll data relevant to the study are included in the article or uploaded as supplementary information.
PMC11866893,40011901,comparison,2025,International journal for equity in health,1,1,back-notes-type,Data availabilityNo datasets were generated or analysed during the current study.
PMC11867980,40016152,comparison,2025,Journal of evidence-based medicine,1,1,none,
PMC11868436,40017059,comparison,2025,Brain and behavior,1,1,back-sec-type,DATA AVAILABILITY STATEMENTAll data used in this review are provided in the manuscript and supplementary files.
PMC11870378,39992936,comparison,2025,PLoS medicine,1,1,front-notes-title,Data AvailabilityThe results data are publicly available at https://doi.org/10.6084/m9.figshare.26078743.v1.
PMC11871027,40021657,comparison,2025,Scientific data,1,1,back-notes-type,"Code availabilityCode, data, and materials related to the searching and processing of PubMed search results and screening of articles are available from https://osf.io/8rg4h/37. Code used for training and evaluating the models is available at https://github.com/ScienceNLP-Lab/RCT-Transparency/tree/main/SPIRIT-CONSORT-TM. This repository contains an environment file specifying the versions of any software used during this process, as well as a configuration file containing the parameters used in the experiments."
PMC11873792,39003246,comparison,2024,European heart journal. Quality of care & clinical outcomes,1,1,back-sec-type,Data AvailabilityAll data are available in the manuscript or the supplemental files.
PMC11876396,40041926,comparison,2025,Frontiers in global women's health,1,1,back-sec-type,"Data availability statementThe original contributions presented in the study are included in the article/Supplementary Material, further inquiries can be directed to the corresponding author/s."
PMC11877225,40041614,comparison,2025,BMJ neurology open,1,1,back-sec-type,Data availability statementData are available upon reasonable request. All data relevant to the study are included in the article or uploaded as supplementary information.
PMC11878359,40046708,comparison,2025,Indian journal of anaesthesia,1,1,none,
PMC11878924,40036274,comparison,2025,PloS one,1,1,front-notes-title,Data AvailabilityThe data and materials utilized in this research are accessible in the Supplementary Files provided.
PMC11879613,40040935,exposed,2025,Ecology and evolution,1,1,back-sec-type,"Data Availability StatementAll data are available within the manuscript, the Appendix S1, and the Supporting Information."
PMC11880958,40046383,comparison,2025,Cureus,1,1,none,
PMC11881826,40028839,exposed,2025,Human vaccines & immunotherapeutics,1,1,none,
PMC11882046,40043039,comparison,2025,PloS one,1,1,front-notes-title,Data AvailabilityAll data relevant to the study are included in the article or uploaded as supplementary information.
PMC11882973,40044846,comparison,2025,Communications medicine,1,1,back-notes-type,"Data availabilityDocuments containing all extracted data have been made available in the accompanying supplementary material, namely Supplementary Data 1 for the summary table of all included articles and Supplementary Data 2 with the effect sizes extracted from each article. Additional materials can be obtained from the corresponding author upon requests deemed to be reasonable."
PMC11883161,39236068,comparison,2025,The oncologist,1,1,back-sec-type,Data AvailabilityAll data included in this manuscript are publicly available from the original publications from which data were extracted.
PMC11883586,39773810,comparison,2025,BMJ open,1,1,none,
PMC11888075,39951716,comparison,2025,Journal of medical Internet research,1,1,none,
PMC11894576,40070923,exposed,2025,Frontiers in medicine,1,1,none,
PMC11894807,38561468,comparison,2024,Molecular psychiatry,1,1,back-sec-type,DATA AVAILABILITYData will be provided upon reasonable request.
PMC11897921,40084240,comparison,2025,The Canadian veterinary journal = La revue veterinaire canadienne,1,0,none,
PMC11899540,40077051,comparison,2025,"Healthcare (Basel, Switzerland)",1,1,back-notes-type,Data Availability StatementNo new data were created or analyzed in this study. Data sharing is not applicable to this article.
PMC11903594,39602001,comparison,2024,Journal of immigrant and minority health,1,1,none,
PMC11907769,40093023,comparison,2025,Frontiers in medicine,1,1,back-sec-type,"Data availability statementThe original contributions presented in the study are included in the article/supplementary material, further inquiries can be directed to the corresponding author."
PMC11911095,39730300,comparison,2024,"Clinical lymphoma, myeloma & leukemia",1,1,none,
PMC11911940,39214457,exposed,2024,Ophthalmology. Glaucoma,1,1,none,
PMC11916848,40097975,comparison,2025,BMC public health,1,1,back-notes-type,Data availabilityData sources supporting this systematic review and meta-analysis are cited in the reference section. All data generated or analyzed during this study are included in this published article and supplemental materials.
PMC11917110,40098046,comparison,2025,"Scandinavian journal of trauma, resuscitation and emergency medicine",1,1,back-notes-type,Availability of data and materialsAll data generated or analyzed during this study are included in this published article and its supplemental information files.
PMC11917148,40098102,comparison,2025,BMC cancer,1,1,back-notes-type,Data availabilityNo datasets were generated or analysed during the current study.
PMC11921376,40115067,comparison,2025,Annals of translational medicine,1,1,none,
PMC11922947,40115885,comparison,2025,Frontiers in human neuroscience,1,1,back-sec-type,Data availability statementThe datasets presented in this study can be found in online repositories. The names of the repository/repositories and accession number(s) can be found in the article/Supplementary material.
PMC11923140,40108287,comparison,2025,Scientific reports,1,1,back-notes-type,Data availabilityData is provided within the manuscript or supplementary information.
PMC11926805,40124752,comparison,2025,Frontiers in psychology,1,1,back-sec-type,"Data availability statementThe original contributions presented in the study are included in the article/Supplementary material, further inquiries can be directed to the corresponding author."
PMC11927138,40119364,comparison,2025,Systematic reviews,1,1,back-notes-type,Data availabilityAll data generated or analyzed during this study are included in this published article.
PMC11927296,40114238,comparison,2025,Child and adolescent psychiatry and mental health,1,1,back-notes-type,"Data availabilityData is provided within the manuscript or supplementary information files, and additional data will be available upon the request of the corresponding author."
PMC11927539,40123725,comparison,2024,Wideochirurgia i inne techniki maloinwazyjne = Videosurgery and other miniinvasive techniques,1,1,none,
PMC11930606,39891620,comparison,2025,The Journal of adolescent health : official publication of the Society for Adolescent Medicine,1,1,back-sec-type,Data Sharing:This study involved no primary data collection. Data extractions can be made available to researchers upon request to the study team.
PMC11930968,40122984,comparison,2025,Scientific reports,1,1,back-notes-type,Data availabilityThe datasets used and analysed during the current study is available from the corresponding author on reasonable request.
PMC11931862,40128666,comparison,2025,BMC cardiovascular disorders,1,1,back-notes-type,"Data availabilityThis study is a systematic review and meta-analysis, relying on data already provided by previously published studies. All datasets and materials used in this study are available from the corresponding author upon reasonable request."
PMC11934167,40116702,comparison,2025,Annals of medicine,1,1,back-sec-type,Data available statementThe original contributions presented in the study are included in the article. Further inquiries can be directed to the corresponding authors.
PMC11935157,40336871,comparison,2023,Precision radiation oncology,1,1,none,
PMC11936191,40131940,comparison,2025,PloS one,1,1,front-notes-title,Data AvailabilityNo datasets were generated or analysed during the current study. All relevant data from this study will be made available upon study completion.
PMC11937929,40144285,exposed,2025,Royal Society open science,1,1,back-sec-type,Data accessibilityAll our data are available on the OSF repository of our project at https://osf.io/2nup4. The preregistration is available at https://osf.io/7864h. A document with deviations from our preregistration is available at https://osf.io/2nup4.Supplementary material is available online [106].
PMC11938244,40132820,exposed,2025,BMJ open,1,1,back-sec-type,"Data availability statementData are available in a public, open access repository."
PMC11941353,40136722,comparison,2025,Dentistry journal,1,1,back-notes-type,Data Availability StatementThe original contributions presented in this study are included in the article/Supplementary Material. Further inquiries can be directed to the corresponding author.
PMC11951403,39968795,comparison,2025,Headache,1,1,none,
PMC11951649,40155975,comparison,2025,BMC surgery,1,1,back-notes-type,Data availabilityThe datasets generated or analyzed during the current study are available from the corresponding author upon reasonable request.
PMC11954301,40155879,comparison,2025,BMC primary care,1,1,back-notes-type,Data availabilityThe data that support our study findings are available from the included studies referenced in this review. Extracted data from the included studies are available in the supplementary information files.
PMC11955565,40159511,comparison,2025,Communications medicine,1,1,back-notes-type,"Data availabilityThe authors declare that the data supporting the findings of this study are available within the paper and its supplementary information files. The source data for Fig. 1 – PRISMA flow chart, can be found in Supplementary File 1–4 and Supplementary References. The source data for Fig. 2 – study characteristics, can be found in Supplementary Data 1. The source data for Fig. 3 – reporting and risk of bias can be found in Supplementary Data 2. The source data for Fig. 4 – pooled meta-analysis, can be found in Supplementary Data 3 and 5–8. The source data for Fig. 5 – LVEF subgroup analysis and Supplementary Fig. 2 – LVEF forest plot, can be found in Supplementary Data 3. The source data for Fig. 6 – fractional shortening subgroup analysis and Supplementary Fig. 3 – fractional shortening forest plot can be found in Supplementary Data 5. The source data for Supplementary Fig. 4 – stroke volume forest plot, can be found in Supplementary Data 6. The source data for Fig. 7 – infarct size subgroup analysis and Supplementary Fig. 5 – infarct size forest plot, can be found in Supplementary Data 7. The source data for Fig. 8 – wall thickening subgroup analysis and Supplementary Fig. 6 can be found in Supplementary Data 8. The source data for Fig. 9 – ECM source subgroup analysis, can be found in Supplementary Data 3, 7, and 8. Source data for Table 1 can be found in Supplementary Data 3, 5, and 7–8. Source data for Table 2 can be found in Supplementary Data 1–8."
PMC11956133,40166415,comparison,2025,Biomedical reports,1,1,back-sec-type,Availability of data and materialsThe data generated in the present study may be requested from the corresponding author.
PMC11959003,40170892,comparison,2025,Frontiers in neurology,1,1,none,
PMC11967140,40181467,comparison,2025,Systematic reviews,1,1,back-notes-type,Data availabilityThis section is not applicable since this is a systematic review protocol with no results yet.
PMC11967216,40176759,comparison,2025,The Journal of international medical research,1,1,back-sec-type,Data availability statementThe data supporting the findings of this study are available within the article.
PMC11967365,40178827,comparison,2025,Journal of foot and ankle research,1,1,back-sec-type,Data Availability StatementThe data analyzed during this study are available from the corresponding author upon reasonable request.
PMC11969137,40190487,comparison,2025,F1000Research,1,1,none,
PMC11969735,40186154,comparison,2025,BMC psychiatry,1,1,back-notes-type,Data availabilityThe datasets used and/or analyzed during the current study are available from the corresponding author upon reasonable request.
PMC11988684,40218046,comparison,2025,"Healthcare (Basel, Switzerland)",1,1,none,
PMC11988998,40218147,exposed,2025,"Diagnostics (Basel, Switzerland)",1,1,back-notes-type,Data Availability StatementNot applicable.
PMC11992312,40224715,comparison,2024,Indian journal of hematology & blood transfusion : an official journal of Indian Society of Hematology and Blood Transfusion,1,0,none,
PMC12002150,40248469,comparison,2025,Turkish journal of emergency medicine,1,1,none,
PMC12004474,40233947,comparison,2025,BMJ open,1,1,none,
PMC12009702,40260256,comparison,2025,Frontiers in immunology,1,1,back-sec-type,Data availability statementThe original contributions presented in the study are included in the article/supplementary material. Further inquiries can be directed to the corresponding authors.
PMC12012429,40265047,comparison,2025,F1000Research,1,1,back-sec-type,Data availabilityUnderlying dataZenodo: Searching for non-English literature may be unnecessary for HTA Reports - supplemental material (Version 3) [Data set]. https://doi.org/10.5281/zenodo.15025119. 30 ▪Supplementary-material_matrix_V3.xlsx (Data set of extracted references with details of the publication language) Data are available under the terms of the Creative Commons Attribution 4.0 International License (CC-BY 4.0).Extended dataZenodo: Searching for non-English literature may be unnecessary for HTA Reports - supplemental material [Data set]. https://doi.org/10.5281/zenodo.12642960. 31 ▪Supplementary-material_table.docx (HTA reports with endpoints that resulted in a change in the conclusion (Category A and B) Data are available under the terms of the Creative Commons Attribution 4.0 International License (CC-BY 4.0).
PMC12013550,39266280,comparison,2025,BMJ evidence-based medicine,1,1,back-sec-type,Data availability statementData are available on reasonable request.
PMC12017971,40270713,comparison,2025,EClinicalMedicine,1,1,none,
PMC12020329,40275209,comparison,2025,BMC public health,1,1,back-notes-type,Data availabilityThe data used and /or analyzed in the current study is available from the first author on reasonable request.
PMC12030599,40283953,comparison,2025,"Pharmaceuticals (Basel, Switzerland)",1,1,back-notes-type,Data Availability StatementAll data are contained in the article.
PMC12035431,40280612,comparison,2025,BMJ open,1,1,back-sec-type,Data availability statementNo data are available.
PMC12038074,39045683,exposed,2024,Health information management : journal of the Health Information Management Association of Australia,1,1,none,
PMC12038947,40301830,comparison,2025,BMC psychiatry,1,1,back-notes-type,Data availabilityThe original contributions presented in the study are included in the article or supplementary material; further inquiries can be directed to the corresponding author.
PMC12039052,40301898,comparison,2025,BMC pharmacology & toxicology,1,1,back-notes-type,Data availabilityAll relevant data are available within the manuscript.
PMC12040731,40309624,comparison,2025,Health science reports,1,1,back-sec-type,Data Availability StatementThe authors confirm that the data supporting the findings of this study are available within the article [and/or] its Supporting Information S1.
PMC12041037,40309212,comparison,2025,Frontiers in psychology,1,1,back-sec-type,"Data availability statementThe raw data supporting the conclusions of this article will be made available by the authors, without undue reservation."
PMC12044893,40312399,comparison,2025,Journal of eating disorders,1,1,back-notes-type,Availability of data and materialsNo datasets were generated or analysed during the current study.
PMC12045439,40313297,comparison,2025,medRxiv : the preprint server for health sciences,1,1,back-sec-type,Data sharingIndividual participant data from the SHARE and HRS cohort studies are available to download from the Inter-University Consortium for Political and Social Research (http://www.icpsr.umich.edu/icpsrweb/ICPSR/). The data and code for the meta-analyses can be found on GitHub: https://github.com/jameswhite1979/Homelessness-systematic-review
PMC12046056,40312431,exposed,2025,Scientific data,1,1,back-notes-type,Code availabilityThe code for statistical analysis and usage guide was uploaded on Figshare together with the dataset.
PMC12047987,40321783,comparison,2025,Research square,1,1,none,
PMC12049009,40319254,comparison,2025,BMC public health,1,1,back-notes-type,"Data availabilityAll data generated for this study are submitted with the manuscript and for further information, please contact the corresponding author for non-commercial research purposes"
PMC12051799,40330193,comparison,2025,Iranian journal of public health,1,1,none,
PMC12052727,40331201,comparison,2025,Frontiers in pharmacology,1,1,back-sec-type,"Data availability statementThe original contributions presented in the study are included in the article/supplementary material, further inquiries can be directed to the corresponding authors."
PMC12055126,40343230,comparison,2025,JB & JS open access,1,1,none,
PMC12055821,40337278,comparison,2025,Frontiers in medicine,1,1,back-sec-type,"Data availability statementThe original contributions presented in the study are included in the article/supplementary material, further inquiries can be directed to the corresponding author."
PMC12057382,40227048,exposed,2025,Antimicrobial agents and chemotherapy,1,1,none,
PMC12060332,40335894,comparison,2025,BMC infectious diseases,1,1,back-notes-type,"Data availabilityThis is a study protocol manuscript, not applicable."
PMC12060883,40341151,comparison,2025,BMJ open,1,1,back-sec-type,Data availability statementData are available upon reasonable request.
PMC12060919,39289938,comparison,2025,Current cardiology reviews,1,1,back-sec-type,AVAILABILITY OF DATA AND MATERIALAll data generated or analysed during this study are included in this published article.
PMC12061159,40338872,comparison,2025,PloS one,1,1,front-notes-title,Data AvailabilityAll relevant data are within the paper and its Supporting Information files.
PMC12061161,40338918,comparison,2025,PloS one,1,1,front-notes-title,Data AvailabilityAll relevant data are within the paper and its Supporting Information files.
PMC12061464,40342988,exposed,2025,Plastic and reconstructive surgery. Global open,1,1,none,
PMC12064819,40346307,comparison,2025,NPJ digital medicine,1,1,back-notes-type,Data availabilityThe complete dataset of studies included in the scoping review is provided in the Supplementary Data.
PMC12065772,40348887,comparison,2025,Clinical and experimental medicine,1,1,back-notes-type,Data availabilityNo datasets were generated or analysed during the current study.
PMC12067749,34507010,comparison,2021,Drug and alcohol dependence,1,1,none,
PMC12067771,40350199,comparison,2025,BMJ open,1,1,none,
PMC12068865,40135605,exposed,2025,eLife,1,1,back-sec-type,"Data availabilityAll materials, data, and analysis scripts associated with this study are available on Open Science Framework.The following dataset was generated: TzngE HeckermanG Campos-MelendezA MuellerA EkwuemeC 2025Transparency of research practices in cardiovascular literatureOpen Science Framework10.17605/OSF.IO/FUDKAPMC1206886540135605"
PMC12070052,40371364,comparison,2025,International journal of reproductive biomedicine,1,1,none,
PMC12072329,40364129,comparison,2025,Journal of clinical medicine,1,1,back-notes-type,Data Availability StatementThe original contributions presented in this study are included in the article/Supplementary Materials. Further inquiries can be directed to the corresponding author.
PMC12076350,40365988,comparison,2025,"Immunity, inflammation and disease",1,1,back-sec-type,Data Availability StatementAll data generated or analyzed during this study are included in this published article (and its Supporting Information files).
PMC12080214,40369408,comparison,2025,BMC cardiovascular disorders,1,1,back-notes-type,Data availabilityNo datasets were generated or analysed during the current study.
PMC12081951,40386086,comparison,2025,International journal of women's health,1,1,back-sec-type,"Data Sharing StatementThe original contributions presented in the study are included in the article, further inquiries can be directed to the corresponding author."
PMC12083026,40380305,comparison,2025,Journal of orthopaedic surgery and research,1,1,back-notes-type,Data availabilityNo datasets were generated or analysed during the current study.
PMC12083382,40360398,comparison,2025,BMJ open,1,1,back-sec-type,Data availability statementAll data relevant to the study are included in the article or uploaded as supplementary information.
PMC12090609,40389865,comparison,2025,BMC infectious diseases,1,1,back-notes-type,Data availability The data that support the findings of this study are not openly available due to reasons of sensitivity and are available from the corresponding author upon reasonable request.
PMC12092402,40400542,comparison,2025,Frontiers in digital health,1,1,back-sec-type,"Data availability statementThe raw data supporting the conclusions of this article will be made available by the authors, without undue reservation."
PMC12093527,40703471,comparison,2024,Ewha medical journal,1,1,none,
PMC12093655,40703467,comparison,2024,Ewha medical journal,1,1,none,
PMC12095927,40396503,exposed,2024,"Clinical trials (London, England)",1,1,none,
PMC12097000,40398941,exposed,2025,BMJ open,1,1,none,
PMC12098283,40416695,comparison,2025,Frontiers in public health,1,1,none,
PMC12099142,40397102,comparison,2025,Technology in cancer research & treatment,1,1,none,
PMC12104900,40409974,comparison,2025,BMJ open,1,1,none,
PMC12107792,40419987,comparison,2025,BMC gastroenterology,1,1,back-notes-type,Data availabilityInformation about the data and analysis performed in the present study is available from the corresponding author upon reasonable request.
PMC12112904,40430207,comparison,2025,"Life (Basel, Switzerland)",1,1,none,
PMC12115411,40400381,comparison,2025,Acta otorhinolaryngologica Italica : organo ufficiale della Societa italiana di otorinolaringologia e chirurgia cervico-facciale,1,1,none,
PMC12121093,40437435,comparison,2025,BMC medical education,1,1,back-notes-type,Data availabilityThe data analyzed during the current study are available from the corresponding author on reasonable request.
PMC12121171,40437377,comparison,2025,BMC bioinformatics,1,1,back-notes-type,"Availability of data and materialsThe source code is available in the GitHub repository, https://github.com/bricee98/Valsci A snapshot of the source code at the time of submission and the datasets generated and analyzed during the current study are available in the Zenodo repository, https://zenodo.org/records/15098570. This data is also included as the additional file “Valsci_SupplementaryData_2025_03_27.zip”."
PMC12122445,40453809,comparison,2025,Frontiers in digital health,1,1,none,
PMC12126467,40448504,comparison,2025,Global spine journal,1,1,back-sec-type,Data Availability StatementThe datasets used in this study are available upon reasonable request from the corresponding author.*
PMC12128236,40452018,comparison,2025,BMC veterinary research,1,1,back-notes-type,Data availabilityThe data that support the findings of this study are available from the corresponding author upon reasonable request.
PMC12134058,40461595,comparison,2025,Communications medicine,1,1,back-notes-type,Data availabilityThis meta-analysis is based on data extracted from publicly available studies. All data generated or analysed during this study are available within the paper and its supplementary files. The characteristics of all included studies can be found in Supplementary Data 1. The source data for the assessment of bias and study quality can be found in Supplementary Data 2. The extracted numerical data underlying the forest plots and regression analyses can be found in Supplementary Data 3. The source data for the contour-enhanced funnel plots in Fig. 6 can be found in Supplementary Data 4.
PMC12135558,40468395,comparison,2025,Trials,1,1,back-notes-type,"Data availability {29}The datasets used and analyzed during the current study are available from the corresponding author on reasonable request. All the study team will have access to the final trial dataset, and there are no contractual agreements that limit such access for investigators."
PMC12135674,40475713,comparison,2025,Reviews in cardiovascular medicine,1,1,none,
PMC12138669,40476169,comparison,2024,Medical journal of the Islamic Republic of Iran,1,1,none,
PMC12139011,31550214,exposed,2019,Current HIV research,1,1,back-sec-type,AVAILABILITY OF DATA AND MATERIALSAll data used in this article were available publically or upon request and are showcased in this article.
PMC12139363,40468442,comparison,2025,Child and adolescent psychiatry and mental health,1,1,back-notes-type,Data availabilityThe datasets generated during and/or analyzed during the current study are available from the corresponding author on reasonable request.
PMC12142115,40447428,comparison,2025,BMJ open,1,1,back-sec-type,Data availability statementNo data are available.
PMC12142282,40474757,comparison,2025,"American journal of reproductive immunology (New York, N.Y. : 1989)",1,1,back-sec-type,Data Availability StatementThe authors confirm that the data supporting the findings of this systematic review and meta‐analysis are available within the article and its Supporting materials.
PMC12142756,39799063,comparison,2025,International dental journal,1,1,none,
PMC12142907,40474212,comparison,2025,Trials,1,1,back-notes-type,Data availabilityAll data generated and analyzed is available from the corresponding author on reasonable request.
PMC12144340,40478183,comparison,2025,The Journal of international medical research,1,1,back-sec-type,"Data availability statementThe data that support the findings of this study are available in these public databases, including PubMed, Web of Science, Wanfang, and CNKI."
PMC12144600,40249738,comparison,2025,Acta obstetricia et gynecologica Scandinavica,1,1,back-sec-type,"DATA AVAILABILITY STATEMENTThe data in the study was obtained from PubMed, Embase, CINAHL, and Web of Science databases."
PMC12145486,39323236,comparison,2024,"Trauma, violence & abuse",1,1,none,
PMC12148423,40491672,comparison,2025,Metabolism open,1,1,none,
PMC12150054,40496880,comparison,2025,EClinicalMedicine,1,1,none,
PMC12150515,40495240,comparison,2025,Systematic reviews,1,1,back-notes-type,Data availabilityAll relevant data are available within the manuscript or supplementary materials.
PMC12150524,40495249,comparison,2025,Systematic reviews,1,1,back-notes-type,Data availabilityAll data generated or analyzed during this study are included in this published manuscript and its supplementary information files.
PMC12155047,40502556,comparison,2025,medRxiv : the preprint server for health sciences,1,1,none,
PMC12156381,40507569,comparison,2025,Journal of clinical medicine,1,1,none,
PMC12156437,40507501,comparison,2025,Journal of clinical medicine,1,1,back-notes-type,"Data Availability StatementThe original contributions presented in the study are included in the article, further inquiries can be directed to the corresponding authors."
PMC12157883,40507086,comparison,2025,Nutrients,1,1,none,
PMC12159394,39722540,comparison,2024,Journal of advanced nursing,1,1,back-sec-type,Data Availability StatementThis is not a formal research study as it is a concept analysis. There is no data available for sharing.
PMC12159732,40391839,comparison,2025,Age and ageing,1,1,back-sec-type,Data AvailabilityThe data that support the findings of this study are available on request from the corresponding author (ZJ).
PMC12161318,40499971,comparison,2025,BMJ open,1,1,none,
PMC12163012,40520786,exposed,2025,Frontiers in medicine,1,1,back-sec-type,"Data availability statementThe original contributions presented in the study are included in the article/supplementary material, further inquiries can be directed to the corresponding authors."
PMC12170604,40529242,exposed,2025,Frontiers in neuroscience,1,1,none,
PMC12170843,40523895,comparison,2025,Communications medicine,1,1,back-notes-type,"Data availabilityAll data that support the findings are provided as supplementary information. The source data for Fig. 1 can be found in Supplementary Data 1 (Imported Databases). The source data for Fig. 2 and Fig. 4 are available in Supplementary Table 4 (Description of included studies) and Supplementary Table 6 (Medications, linguistic variables, and task details); for Fig. 3, the source data is presented in Supplementary Table 3 (Quality scores) and Supplementary Table 6 (Medications, linguistic variables and task details). The source data for Table 1 (summary statistics) is provided in Supplementary Tables 4 and 5 (Key variables and moderators), and list of papers provided as links in Supplementary Data 1. Supplementary Table 1 lists excluded studies and the reasons for the exclusion. Supplementary Table 2 describes the modified Newcastle–Ottawa Scale used for quality assessment. Supplementary Table 6 includes the information on medications, linguistic variables and task details from the included studies. Supplementary Note 1 provides all search terms on PubMed. Supplementary Note 2 explains how illness severity index was calculated across studies. Supplementary Note 3 explains how domain specific variables were chosen. Any further data requests can be made to the corresponding author."
PMC12171211,40529497,exposed,2025,Frontiers in pharmacology,1,1,none,
PMC12173898,40535331,comparison,2025,Frontiers in endocrinology,1,1,back-sec-type,Data availability statementThe original contributions presented in the study are included in the article/ Supplementary Material . Further inquiries can be directed to the corresponding author.
PMC12174538,40156386,comparison,2025,Asian Pacific journal of cancer prevention : APJCP,1,1,none,
PMC12176234,40531956,comparison,2025,PloS one,1,1,front-notes-title,Data AvailabilityAll relevant data are within the manuscript and its Supporting Information files.
PMC12177019,39160419,comparison,2024,Journal of cancer education : the official journal of the American Association for Cancer Education,1,1,back-notes-type,Data availabilityAll data supporting the findings of this research are available within the article or its tables.
PMC12177026,40531433,comparison,2025,Neurosurgical review,1,1,back-notes-type,Data availabilityNo datasets were generated or analysed during the current study.
PMC12179638,40547439,comparison,2025,EClinicalMedicine,1,1,none,
PMC12181999,40527565,comparison,2025,BMJ open,1,1,back-sec-type,Data availability statementAll data relevant to the study are included in the article or uploaded as supplementary information.
PMC12182620,40546415,comparison,2025,Therapeutic advances in reproductive health,1,1,none,
PMC12182973,40219653,comparison,2025,HIV research & clinical practice,1,1,none,
PMC12183259,40552228,exposed,2025,Frontiers in public health,1,1,back-sec-type,"Data availability statementThe original contributions presented in the study are included in the article/supplementary material, further inquiries can be directed to the corresponding authors."
PMC12184944,40549713,exposed,2025,PloS one,1,1,front-notes-title,Data AvailabilityThe R object obj produced by the function gamlssReport prepared in line with the proposed recommendations is published on GitHub (rokblagus/gamlssReport/obj.Rdata) allowing complete replication of the reported results. The original FitBack dataset that was required to obtain the model fit is not publicly available due to violating confidentiality but may be obtained from a third party. The original FitBack dataset includes data from more than 100 datasets. Data sharing permission should be requested to the owners of each individual dataset. References for each dataset can be found at https://www.fitbackeurope.eu/fitness-map/Sources.
PMC12186028,40550711,comparison,2025,BMJ open,1,1,none,
PMC12186096,40167419,comparison,2025,Parasitology,1,1,none,
PMC12188230,40462259,comparison,2025,BJPsych open,1,1,back-sec-type,"Data availabilityThe data that support the findings of this study are available from the corresponding author, B.T., upon reasonable request."
PMC12188939,40567875,comparison,2025,Frontiers in psychology,1,1,none,
PMC12194687,40566597,comparison,2025,"Life (Basel, Switzerland)",1,1,back-notes-type,Data Availability StatementAll data generated or analyzed during this study are included in this published article [and its Supplementary Information files].
PMC12198332,40563020,comparison,2025,World journal of urology,1,1,back-notes-type,Data availabilityNo datasets were generated or analysed during the current study.
PMC12198706,40575232,comparison,2025,Cureus,1,1,none,
PMC12207133,40578863,comparison,2025,BMJ open,1,1,back-sec-type,Data availability statementAll data relevant to the study are included in the article or uploaded as supplementary information. Not applicable.
PMC12209649,40606389,comparison,2025,Quantitative imaging in medicine and surgery,1,1,none,
PMC12210527,40597638,exposed,2025,BMC medical research methodology,1,1,back-notes-type,Data availabilityAll dataset(s) and materials supporting the conclusions of this article are available in the OSF repository: https://osf.io/2jqxv/.
PMC12210777,40598532,comparison,2025,Journal of translational medicine,1,1,back-notes-type,Data availabilityThe data examined in this research can be obtained from the corresponding author upon a reasonable request.
PMC12211264,40597060,comparison,2025,BMC cancer,1,1,back-notes-type,Data availabilityData reported in this manuscript are available from the corresponding author on reasonable request.
PMC12212899,40059334,exposed,2025,"Rheumatology (Oxford, England)",1,0,none,
PMC12214098,40591145,comparison,2025,Discover oncology,1,1,back-notes-type,Data availabilityAll data generated or analyzed during this study are included in this published article or are available from the corresponding author on reasonable request.
PMC12214315,40606638,comparison,2025,Therapeutic advances in neurological disorders,1,1,none,
PMC12215461,40596596,comparison,2025,Scientific reports,1,1,back-notes-type,Data availability“All data generated or analyzed during this study are included in this published article and its supplementary information files”.
PMC12215880,40595306,comparison,2025,Scientific reports,1,1,back-notes-type,Data availabilityAll data relevant to the study are included in the article or uploaded as supplementary information and are widely available.
PMC12215962,40593026,exposed,2025,Scientific reports,1,1,back-notes-type,"Data availabilityThe datasets supporting the conclusions of this article are available in the Open Science Framework repository [https://osf.io/xh9ac/], 10.17605/OSF.IO/XH9AC."
PMC12220196,40604949,comparison,2025,"BMC sports science, medicine & rehabilitation",1,1,back-notes-type,Data availabilityThe datasets used during the current study are available from the corresponding author on reasonable request.
PMC12224346,40611071,comparison,2025,BMC nursing,1,1,back-notes-type,Data availabilityThe datasets used and analysed during the current study are available from the corresponding author on reasonable request.
PMC12224573,40610965,comparison,2025,BMC psychiatry,1,1,back-notes-type,Data availabilitySequence data that support the findings of this study have been deposited in the supplementary information files.
PMC12224838,40604993,comparison,2025,BMC medical education,1,1,back-notes-type,Data availabilityAll data generated or analysed during this study are included in this published article and its supplementary information files.
PMC12225210,40604554,comparison,2025,BMC pregnancy and childbirth,1,1,back-notes-type,Data availability No datasets were generated or analysed during the current study.
PMC12226885,40611029,comparison,2025,BMC medical ethics,1,1,back-notes-type,Data availabilityData collected for analysis included all coded text passages that represented reasons concerning the research question. These data will be made available on reasonable request to sarah.kuiter@stud.mh-hannover.de.
PMC12226948,40615143,exposed,2025,BMJ open,1,1,none,
PMC12228345,40618017,comparison,2025,BMC infectious diseases,1,1,back-notes-type,Data availabilityThe data set supporting this article is available on demand to the corresponding author.
PMC12230624,40621624,comparison,2025,Brain and behavior,1,1,back-sec-type,Data Availability StatementThis study is a meta‐analysis of publicly available data and does not involve direct interaction with human subjects or the use of identifiable information.
PMC12231985,40616195,comparison,2025,BMC nutrition,1,1,back-notes-type,Data availability No datasets were generated or analysed during the current study.
PMC12232763,40619391,exposed,2025,Journal of cheminformatics,1,1,back-notes-type,"Data availabilityThe implementation as described is available under http://chemwiki.scc.kit.edu/main/mediawiki/Main_Page. The code of the developments is available on github: https://github.com/ComPlat/ChemistryKnowledgeBase. The documentation of adaptations and extensions to MediaWiki are described on github https://github.com/ComPlat/ChemistryKnowledgeBase/blob/main/doc/ChemExtension.md. For an installation of the CKB, the dependencies on the three services need to be considered: (1) an R-group service which is used from the software ChemScanner (https://github.com/ComPlat/chem_scanner) and enables molecules from collections with R-groups, (2) a rendering service which renders molecules from molfiles and is based on Ketcher, and (3) the terminology service of TIB which is used for the tagging of terms to taxonomies."
PMC12237066,40627605,comparison,2025,PloS one,1,1,front-notes-title,Data AvailabilityAll relevant data are within the manuscript and its Supporting Information files
PMC12237134,40260456,comparison,2025,European journal of anaesthesiology,1,1,none,
PMC12248258,40614106,comparison,2025,Journal of medical Internet research,1,1,none,
PMC12251390,40649124,comparison,2025,Journal of clinical medicine,1,1,none,
PMC12256771,40653844,comparison,2025,"Endocrinology, diabetes & metabolism",1,1,back-sec-type,Data Availability StatementData sharing not applicable to this article as no datasets were generated or analysed during the current study.
PMC12257205,40767195,comparison,2025,International journal of health policy and management,1,1,none,
PMC12258550,40658700,comparison,2025,PloS one,1,1,front-notes-title,Data AvailabilityThe raw data for this study is available on the OSF platform (https://osf.io/r8s9j).
PMC12258586,40658719,comparison,2025,PLOS digital health,1,1,front-notes-title,Data AvailabilityAll relevant data are within the manuscript and Supporting Information files.
PMC12263929,40672816,comparison,2025,Frontiers in medicine,1,1,back-sec-type,"Data availability statementThe original contributions presented in the study are included in the article/Supplementary material, further inquiries can be directed to the corresponding author."
PMC12263965,40664672,exposed,2025,Scientific data,1,1,back-notes-type,"Data availabilityThe data are available in the supplemental file “Data for journals and editors”. The dataset included 3 sheets: “journal data” (data on journal characteristics), “variable list” (variables’ names and their corresponding descriptions), and “editor survey data” (online survey data from editors-in-chief). In the “editor survey data” sheet, each ‘1’ indicates that the editor’s response (as in the first column) contained the information linking with the keywords extracted."
PMC12265520,40672350,exposed,2025,bioRxiv : the preprint server for biology,1,1,back-sec-type,Data AvailabilityAll data for the study can be found at https://github.com/Mangul-Lab-USC/metadata-completeness and the supplementary materials.
PMC12269819,40673428,comparison,2025,Critical care explorations,1,1,none,
PMC12270493,40678444,comparison,2025,Neurology. Genetics,1,1,none,
PMC12270641,40678109,comparison,2025,AJOG global reports,1,1,none,
PMC12273130,40669893,comparison,2025,BMJ open,1,1,none,
PMC12273178,40669925,comparison,2025,BMJ open,1,1,none,
PMC12277685,40574698,comparison,2025,Journal of the American Medical Informatics Association : JAMIA,1,0,none,
PMC12277852,40693072,comparison,2025,Cureus,1,1,none,
PMC12278510,40691829,comparison,2025,BMC public health,1,1,back-notes-type,Data availabilityThe data used in this work are available upon reasonable request from the corresponding author.
PMC12278520,40691588,comparison,2025,BMC nursing,1,1,back-notes-type,Data availabilityNo datasets were generated or analysed during the current study.
PMC12278681,40685349,comparison,2025,Archives of public health = Archives belges de sante publique,1,1,back-notes-type,Data availabilityThe datasets used and/or analyzed during the current study available from the corresponding author on reasonable request.
PMC12280546,40697779,exposed,2025,SAGE open nursing,1,1,none,
PMC12283902,40434717,comparison,2025,Annals of hematology,1,1,back-notes-type,Data availabilityData is provided within the manuscript.
PMC12284522,40703323,comparison,2025,Infectious medicine,1,1,none,
PMC12284958,40609491,comparison,2025,Journal of communication disorders,1,1,none,
PMC12285080,40702421,comparison,2025,BMC psychiatry,1,1,back-notes-type,Data availabilityThe datasets used and/or analysed during the current study are available from the corresponding author on reasonable request.
PMC12286402,40700356,exposed,2025,PloS one,1,1,front-notes-title,"Data AvailabilityAll data utilised in this study, along with the detailed code, are available in the Zenodo repository dedicated to this paper (https://doi.org/10.5281/zenodo.14169649 ) and should be cited as (APA Style): “Deeb, H., Creasey, S., de Ugarte, D. L., Strevens, G., Usman, T., Yun Wong, H., Kutzer, M. A. M., Wilson, E., Zieliński, T., & Millar, A. J. (2024). A Decade of Progress: Open Data Practices in Bioscience at the University of Edinburgh (1.0) [Data set]. Zenodo. https://doi.org/10.5281/zenodo.14169649. ” The main repository of the project with all the previous data and output can be found on Github: BioRDM/InsightsOfOpenPracticesInBiosciences [Internet]. BioRDM; 2024 [cited 2025 Jan 7]. Available from: https://github.com/BioRDM/InsightsOfOpenPracticesInBiosciences. The detailed scoring protocol can be retrieved and adapted from the protocols.io repository: https://dx.doi.org/10.17504/protocols.io.kxygxyxmdl8j/v2. The preprint of the article can be found on BioRxiv."
PMC12286997,40708937,exposed,2025,Frontiers in oncology,1,1,back-sec-type,Data availability statementThe original contributions presented in the study are included in the article/supplementary material. further inquiries can be directed to the corresponding authors.
PMC12287636,40412395,comparison,2025,The Lancet. Global health,1,1,none,
PMC12292859,40722478,comparison,2025,"Bioengineering (Basel, Switzerland)",1,1,back-notes-type,Data Availability StatementThe data used in this manuscript are available in the Supplementary Files. Specific analysis data are available upon reasonable request to the corresponding author.
PMC12295344,40724869,comparison,2025,International journal of molecular sciences,1,1,back-notes-type,Data Availability StatementThe data used to generate the results in this manuscript are available in this manuscript.
PMC12295455,40680235,comparison,2025,Journal of medical Internet research,1,1,none,
PMC12297692,40713677,comparison,2025,BMC palliative care,1,1,back-notes-type,"Data availabilityFor copyright reasons, data used in this manuscript consist of published articles which cannot be shared by the authors but are available through subscription to the relevant journals or databases."
PMC12306207,40721261,comparison,2025,BMJ open,1,1,back-sec-type,Data availability statementAll data relevant to the study are included in the article or uploaded as supplementary information.
PMC12306259,40734956,comparison,2025,BMJ public health,1,1,back-sec-type,Data availability statementData are available upon reasonable request.
PMC12306300,40701601,exposed,2025,BMJ open,1,1,back-sec-type,Data availability statementAll data relevant to the study are included in the article or uploaded as supplementary information.
PMC12309345,40740552,comparison,2025,Medical journal of the Islamic Republic of Iran,1,1,none,
PMC12310030,40737348,comparison,2025,PloS one,1,1,front-notes-title,Data AvailabilityAll relevant data are within the manuscript and its Supporting Information files.
PMC12310245,40741552,comparison,2025,Cureus,1,1,none,
PMC12312837,40756224,comparison,2025,Indian journal of urology : IJU : journal of the Urological Society of India,1,1,none,
PMC12312997,40743446,comparison,2025,Journal of medical Internet research,1,1,none,
PMC12314942,40750285,comparison,2025,BMJ open,1,1,back-sec-type,Data availability statementNo data are available.
PMC12314993,40750279,comparison,2025,BMJ open,1,1,none,
PMC12317961,40762014,comparison,2025,Journal of environmental health science & engineering,1,0,none,
PMC12322349,40755274,comparison,2025,Cell transplantation,1,1,none,
PMC12322547,40771500,comparison,2025,"BMJ nutrition, prevention & health",1,1,back-sec-type,Data availability statementAll data relevant to the study are included in the article or uploaded as supplementary information.
PMC12323118,40760441,comparison,2025,Implementation science : IS,1,1,back-notes-type,Data availabilityNot applicable.
PMC12325190,40771482,comparison,2025,Frontiers in medicine,1,1,back-sec-type,"Data availability statementThe original contributions presented in the study are included in the article/Supplementary material, further inquiries can be directed to the corresponding author."
PMC12327111,40777957,comparison,2024,African health sciences,1,1,back-sec-type,Availability of data and materialsThe datasets analyzed during the current study are available from the corresponding author on reasonable request and will be attached to the editorial office when requested at any time.
PMC12329385,40699895,comparison,2025,JMIR research protocols,1,1,back-sec-type,Data AvailabilityData sharing is not applicable to this article as no new datasets were generated or analyzed during this study.
PMC12330066,40787284,comparison,2025,"Medical hypothesis, discovery & innovation ophthalmology journal",1,1,none,
PMC12331650,40786076,comparison,2025,Frontiers in medicine,1,1,back-sec-type,"Data availability statementThe original contributions presented in the study are included in the article/Supplementary material, further inquiries can be directed to the corresponding author."
PMC12335173,40783531,comparison,2025,Journal of neuroengineering and rehabilitation,1,1,back-notes-type,Data availabilityThe data sets generated during and/or analyzed during this study are available from the corresponding author on reasonable request.
PMC12335197,40787293,comparison,2025,The archives of bone and joint surgery,1,1,none,
PMC12337744,40781878,comparison,2025,Annals of medicine,1,1,back-sec-type,"Data availability statementAll authors confirm that all data used in this study were obtained from published randomized controlled trial articles in public databases, and all data and results are presented in the main text and supplementary files. Reasonable requests for the original statistical analysis data can be addressed to the corresponding author."
PMC12338890,40791708,exposed,2025,medRxiv : the preprint server for health sciences,1,1,back-sec-type,Data availabilityAll included publications are publicly available. The data that was extracted and analyzed in this systematic review is published along with this work (Supplementary Tables 3–7). No custom code was developed for this study.
PMC12338926,40791692,comparison,2025,medRxiv : the preprint server for health sciences,1,1,back-sec-type,Data Sharing StatementThe data that support the findings of this study are available from the corresponding author upon request.
PMC12341665,40800001,exposed,2023,Learned publishing : journal of the Association of Learned and Professional Society Publishers,1,1,back-sec-type,DATA AVAILABILITY STATEMENTThe data that support these findings of the study are provided as Supplementary tables referenced in the Methods section text and openly available in figshare at: Table S1—https://doi.org/10.6084/m9.figshare.22720399 and Table S2—https://doi.org/10.6084/m9.figshare.22720399.
PMC12346096,40808967,comparison,2025,EClinicalMedicine,1,1,none,
PMC12352202,40789729,comparison,2025,BMJ open,1,1,none,
PMC12352249,40812821,comparison,2025,BMJ open,1,1,none,
PMC12359039,40823805,exposed,2025,Nucleic acids research,1,1,back-sec-type,Data availabilityNo new sequence data were generated for this study. PMC and INSDC accession IDs used are listed in the supplementary tables. Code used for analysis and figure generation can be found at https://zenodo.org/records/16039307.
PMC12361984,40837149,comparison,2025,Integrative medicine research,1,1,back-sec-type,Data availabilityData sharing is not applicable to this article as no new data were created or analyzed in this study.
PMC12363089,40826125,comparison,2025,"Journal of health, population, and nutrition",1,1,back-notes-type,Data availabilityThe original data used during the current study can be obtained by contacting the corresponding author.
PMC12366598,40829827,comparison,2025,BMJ open,1,1,none,
PMC12366604,40829818,comparison,2025,BMJ open,1,1,back-sec-type,Data availability statementData are available upon reasonable request.
PMC12366717,40979925,exposed,2025,Advances in health information science and practice,1,0,none,
PMC12367584,40852540,comparison,2025,Indian journal of orthopaedics,1,1,back-notes-type,Data AvailabilityData are available upon request.
PMC12372245,40846904,exposed,2025,BMC medical research methodology,1,1,back-notes-type,Data availabilityThe datasets used and analyzed are available from the corresponding author upon request. A git repository of the codebase is made available under MIT license here: https://github.com/dellacortelab/auc_public.
PMC12373405,40857464,comparison,2024,Psychology of sexual orientation and gender diversity,1,1,back-sec-type,"Registration and Data AvailabilityThis protocol for this review is unregistered but available upon request, along with the completed PRISMA-P checklist. Template data collection forms are also available upon request. The completed PRISMA 2020 checklist is available as supplemental material (Table S2)."
PMC12374645,40840990,comparison,2025,BMJ open,1,1,none,
PMC12379428,40859296,comparison,2025,Biomedical engineering online,1,1,back-notes-type,Data availabilityNo datasets were generated or analysed during the current study.
PMC12380496,40858247,comparison,2025,Biology letters,1,1,back-sec-type,"Data accessibilityThe data from the publication analysis are included as electronic supplementary material. The Microsoft Excel file contains the data, and the metadata file describes the data contained in the Excel file, as well as the analysis performed.Supplementary material is available online [176]."
PMC12380900,40880774,comparison,2025,Frontiers in medicine,1,1,back-sec-type,"Data availability statementThe original contributions presented in the study are included in the article/Supplementary material, further inquiries can be directed to the corresponding authors."
PMC12381676,40862308,comparison,2025,Journal of medical Internet research,1,1,none,
PMC12395856,40883730,comparison,2025,BMC urology,1,1,back-notes-type,Data availabilityNo datasets were generated or analysed during the current study.
PMC12396984,40192792,comparison,2025,European journal of nuclear medicine and molecular imaging,1,1,back-notes-type,Data availabilityThe dataset used and/or analyzed in the current manuscript are available from the corresponding author upon reasonable request.
PMC12397251,40883282,comparison,2025,Translational psychiatry,1,1,back-notes-type,Data availabilityThe data that support the findings of this study are available from the corresponding author upon reasonable request.
PMC12399598,40901508,comparison,2025,Frontiers in medicine,1,1,back-sec-type,"Data availability statementThe data analyzed in this study is subject to the following licenses/restrictions: Heterogeneity of Studies: The included studies in the meta-analysis may have significant differences in terms of study design (e.g., randomized controlled trials vs. observational studies), patient populations (varying ages, comorbidities, and types of surgeries among elderly patients), the specific techniques of ultrasound-guided nerve blocks used (different approaches, frequencies, etc.), and outcome measures. This heterogeneity can limit the generalizability of the pooled results and may introduce bias. Requests to access these datasets should be directed to wangrong8710@163.com."
PMC12403310,40890807,exposed,2025,BMC medicine,1,1,back-notes-type,Data availability Data were collected from the literature and registration platforms. All the relevant data and coding were available on the OSF (https://osf.io/vwb7r/files/osfstorage).
PMC12403948,40890707,comparison,2025,BMC medical informatics and decision making,1,1,back-notes-type,Data availabilityThe datasets used and/or analysed during the current study are available from the corresponding author on reasonable request.
PMC12404463,40892776,exposed,2025,PloS one,1,1,front-notes-title,"Data AvailabilityThe datasets used and/or analyzed during the current study have been provided in the appendixes. The lead authors (the manuscript’s guarantors) affirm that the manuscript is an honest, accurate, and transparent account of the study being reported; that no important aspects of the study have been omitted; and that any discrepancies from the study as originally planned (and, if relevant, registered) have been explained."
PMC12406061,40892410,comparison,2025,JAMA network open,1,1,none,
PMC12406376,40898309,comparison,2025,Journal of eating disorders,1,1,back-notes-type,Data availabilityAll data generated or analysed during this study are available in this published article (and its supplementary information files).
PMC12410676,40903082,comparison,2025,BMJ open,1,1,back-sec-type,"Data availability statementData are available in a public, open access repository."
PMC12414212,40912715,comparison,2025,BMJ open,1,1,none,
PMC12414836,40926900,comparison,2025,EClinicalMedicine,1,1,none,
PMC12416095,40926970,exposed,2025,"Patterns (New York, N.Y.)",1,1,none,
PMC12418855,40932850,comparison,2025,EClinicalMedicine,1,1,none,
PMC12421755,40926267,exposed,2025,Genome biology,1,1,back-notes-type,"Data availabilityThe datasets used in this study are archived on GitHub: https://github.com/Mangul-Lab-USC/metadata-completeness [72]. The datasets are also archived with a DOI at Zenodo to ensure reproducibility of the results presented in this manuscript: 10.5281/zenodo.1673488574 [73]. Additionally, the data is included in the supplementary files section of this manuscript. Code availability The source code used in this study is publicly available under the MIT License at GitHub: https://github.com/Mangul-Lab-USC/metadata-completeness [72]. The code is archived with a DOI at Zenodo to ensure reproducibility of the results presented in this manuscript: 10.5281/zenodo.1673488574 [73]. The repository is compliant with the Open Source Initiative (OSI), and the license is stated on both the GitHub and Zenodo pages."
PMC12423402,40950803,exposed,2025,Integrative medicine research,1,1,back-sec-type,Data availabilityAll raw data files and R codes are available at https://osf.io/utdxw/.
PMC12424859,40950429,comparison,2025,medRxiv : the preprint server for health sciences,1,0,none,
PMC12432328,40949670,comparison,2025,Digital health,1,1,none,
PMC12432790,40950695,comparison,2025,Translational cancer research,1,1,none,
PMC12438449,40955474,exposed,2025,Alzheimer's & dementia : the journal of the Alzheimer's Association,1,1,none,
PMC12443193,40962348,comparison,2025,BMJ open,1,1,none,
PMC12443213,40962336,comparison,2025,BMJ open,1,1,none,
PMC12445121,40965312,comparison,2025,"Endocrinology, diabetes & metabolism",1,1,back-sec-type,Data Availability StatementData sharing not applicable to this article as no datasets were generated or analysed during the current study.
PMC12446900,40980149,comparison,2025,Oncology letters,1,1,back-sec-type,Availability of data and materialsThe data generated in the present study are included in the figures and/or tables of this article.
PMC12450010,40667836,comparison,2025,Journal of the American Heart Association,1,1,none,
PMC12454307,40995103,comparison,2025,Frontiers in medicine,1,1,none,
PMC12455711,40481658,exposed,2025,Annals of botany,1,1,none,
PMC12462301,40993644,comparison,2025,BMC public health,1,1,back-notes-type,Data availabilityThe data used and/or analyzed in the current study is available from the first author on reasonable request.
PMC12468861,41004556,comparison,2025,PloS one,1,1,front-notes-title,Data AvailabilityAll relevant data are within the manuscript.
PMC12470813,41010771,comparison,2025,Journal of clinical medicine,1,1,back-notes-type,Data Availability StatementData available upon reasonable request to the corresponding author.
PMC12472900,41010527,comparison,2025,Nutrients,1,1,back-notes-type,Data Availability StatementNo new data were created or analyzed in this study. Data sharing is not applicable to this article.
PMC12477799,41020725,comparison,2025,Veterinary medicine and science,1,1,back-sec-type,Data Availability StatementNo data were created or used for this study.
PMC12481397,41005780,comparison,2025,BMJ open,1,1,back-sec-type,Data availability statementData are available upon reasonable request.
PMC12482134,41023683,comparison,2025,BMC infectious diseases,1,1,back-notes-type,Data availabilityThe datasets used and/or analyzed during the current study are available from the corresponding author upon reasonable request.
PMC12485075,40850640,comparison,2025,International journal of infectious diseases : IJID : official publication of the International Society for Infectious Diseases,1,1,none,
PMC12486546,41035096,comparison,2025,Systematic reviews,1,1,back-notes-type,Data availabilityThe datasets used and analyzed during the current study are available from the corresponding author on reasonable request.
PMC12486973,41034912,comparison,2025,BMC musculoskeletal disorders,1,1,back-notes-type,Data availabilityThe datasets used and/or analysed during the current study are available from the corresponding author on reasonable request.
PMC12488035,41032725,exposed,2025,Journal of medical Internet research,1,1,none,
PMC12491099,39786671,comparison,2025,"Forensic science, medicine, and pathology",1,1,none,
PMC12495077,41048313,comparison,2025,European journal of obstetrics & gynecology and reproductive biology: X,1,1,back-sec-type,Data AvailabilityAll data utilized and examined in this study are openly accessible within the supporting files.
PMC12495640,41044529,comparison,2025,BMC public health,1,1,back-notes-type,Data availabilityThe data is available from the corresponding author and can be made available upon request.
PMC12496120,41033768,comparison,2025,BMJ open,1,1,none,
PMC12497613,41058616,comparison,2025,Frontiers in medicine,1,1,back-sec-type,"Data availability statementThe original contributions presented in this study are included in this article/Supplementary material, further inquiries can be directed to the corresponding authors."
PMC12498102,41047808,comparison,2025,Annals of Saudi medicine,1,1,none,
PMC12501939,41063800,comparison,2025,ACS catalysis,1,1,none,
PMC12503199,40524504,comparison,2025,International journal of urology : official journal of the Japanese Urological Association,1,1,none,
PMC12506189,41027703,exposed,2025,BMJ open,1,1,none,
PMC12506957,40411210,comparison,2025,The British journal of clinical psychology,1,1,back-sec-type,DATA AVAILABILITY STATEMENTThe data that support the findings of this study are available from the corresponding author upon reasonable request. The data are not publicly available due to privacy or ethical restrictions.
PMC12508663,40991937,comparison,2025,JMIR research protocols,1,1,none,
PMC12510610,41066321,comparison,2025,PloS one,1,1,front-notes-title,Data AvailabilityAll relevant data are within the manuscript and its Supporting information files.
PMC12512223,41070750,exposed,2025,The Journal of eukaryotic microbiology,1,1,back-sec-type,"Data Availability StatementMain URL for PPSDB: https://ppsdb.wikibase.cloud/. Export to tabular format for indexing in GloBI: https://github.com/kbseah/ppsdb‐globi‐export, archived on Zenodo: https://doi.org/10.5281/zenodo.12687626. Scripts for database maintenance: https://github.com/kbseah/ppsdb‐utils, archived on Zenodo: https://doi.org/10.5281/zenodo.12805883. XML export of the entire PPSDB database on Internet Archive (16 Aug 2024): https://archive.org/details/wiki‐ppsdbwikibasecloud_w."
PMC12512713,41073885,comparison,2025,BMC cardiovascular disorders,1,1,back-notes-type,Data availabilityNo datasets were generated or analysed during the current study.
PMC12514747,41074669,comparison,2025,Nursing in critical care,1,1,back-sec-type,Data Availability StatementThe data that support the findings of this study are available from the corresponding author upon reasonable request.
PMC12519350,40935415,exposed,2025,BMJ open,1,1,none,
PMC12521296,41085773,comparison,2025,Current cardiology reports,1,1,back-notes-type,Data AvailabilityNo datasets were generated or analysed during the current study.
PMC12522814,41088194,comparison,2025,World journal of surgical oncology,1,1,back-notes-type,Data availabilityThe data that support the findings of this study are available from the corresponding author upon reasonable request.
PMC12524582,41103608,comparison,2025,Journal of clinical orthopaedics and trauma,1,0,none,
PMC12524589,41096659,comparison,2025,International journal of molecular sciences,1,1,back-notes-type,Data Availability StatementData is contained within the article.
PMC12527478,38635267,comparison,2024,JAMA network open,1,1,none,
PMC12529940,41112531,comparison,2025,Frontiers in psychology,1,1,back-sec-type,"Data availability statementThe original contributions presented in the study are included in the article/supplementary material, further inquiries can be directed to the corresponding author/s."
PMC12531183,41113807,exposed,2025,Indian journal of psychological medicine,1,1,none,
PMC12532450,41102792,comparison,2025,BMC psychology,1,1,back-notes-type,Data availabilityThe data that support the findings of this study are available upon reasonable request from the corresponding author.
PMC12535336,39865467,comparison,2025,Journal of advanced nursing,1,1,back-sec-type,Data Availability StatementData available on request from the authors.
PMC12539342,41127308,exposed,2025,Bioscience,1,1,back-sec-type,"Data availability statementThe data from this manuscript are openly available from the UK Data Service ReShare repository, published together with a read me file explaining the data table. Please follow the link https://reshare.ukdataservice.ac.uk/857943/."
PMC12542130,41126137,comparison,2025,BMC public health,1,1,back-notes-type,Data availability.All generated or analyzed datasets are presented within the manuscript.
PMC12542142,41120981,comparison,2025,BMC cardiovascular disorders,1,1,back-notes-type,Data availabilityNo datasets were generated or analysed during the current study.
PMC12542537,41106863,comparison,2025,BMJ open,1,1,none,
PMC12542571,41120162,comparison,2025,BMJ open,1,1,back-sec-type,Data availability statementNo data are available.
PMC12548209,41131520,comparison,2025,Malaria journal,1,1,back-notes-type,Data availabilityAll data generated or analysed during this study are included in the supplementary files attached to this manuscript.
PMC12548256,41131546,exposed,2025,BMC palliative care,1,1,back-notes-type,Data availabilityNo datasets were generated or analysed during the current study.
PMC12548969,41129781,exposed,2025,JMIR formative research,1,1,none,
PMC12549607,41141595,comparison,2025,Frontiers in cellular and infection microbiology,1,1,back-sec-type,Data availability statementThe original contributions presented in the study are included in the article/ Supplementary Material . Further inquiries can be directed to the corresponding authors.
PMC12550538,41132055,comparison,2025,Journal of global health,1,1,none,
PMC12551973,41135053,exposed,2025,Journal of medical Internet research,1,1,none,
PMC12552085,41141431,comparison,2025,The Canadian journal of infectious diseases & medical microbiology = Journal canadien des maladies infectieuses et de la microbiologie medicale,1,1,back-sec-type,Data Availability StatementAll the data can be accessed from the primary author (Habtamu Gebrie).
PMC12554101,41146735,comparison,2025,Critical care and resuscitation : journal of the Australasian Academy of Critical Care Medicine,1,1,none,
PMC12557931,41146013,comparison,2025,BMC cardiovascular disorders,1,1,back-notes-type,Data availabilityNo datasets were generated or analysed during the current study.
PMC12558778,41163678,comparison,2025,Frontiers in endocrinology,1,1,none,
PMC12563757,41154317,comparison,2025,"Healthcare (Basel, Switzerland)",1,1,back-notes-type,Data Availability StatementThe datasets used and/or analysed during the current study are available from the corresponding author upon reasonable request.
PMC12573514,41179407,comparison,2025,"JSES reviews, reports, and techniques",1,1,none,
PMC12574339,41161847,comparison,2025,BMJ open,1,1,none,
PMC12574626,40693566,comparison,2025,Otolaryngology--head and neck surgery : official journal of American Academy of Otolaryngology-Head and Neck Surgery,1,1,none,
PMC12575141,41180178,comparison,2025,Frontiers in endocrinology,1,1,back-sec-type,"Data availability statementPublicly available datasets were analyzed in this study. This data can be found here: The datasets analyzed in this meta-analysis are derived from the following publicly available studies cited in the article: Qian T, et al. (2023) doi: 10.3389/fendo.2023.1224967;Tazeem MS, et al. (2024) doi: 10.7759/cureus.70289; and others listed in References 11-15, 27-34. No centralized repository or accession numbers are applicable; data are accessible via the respective journal articles."
PMC12576269,41180903,comparison,2025,"Multiple sclerosis journal - experimental, translational and clinical",1,1,none,
PMC12578435,41172347,exposed,2025,Journal of medical Internet research,1,1,none,
PMC12579180,41180133,comparison,2025,Global advances in integrative medicine and health,1,1,none,
PMC12579840,41185742,exposed,2025,Risk management and healthcare policy,1,1,none,
PMC12584438,41188841,comparison,2025,BMC medicine,1,1,back-notes-type,Data availabilityAll data generated or analysed during this study are included in this published article and Additional File 1–2.
PMC12584586,40479924,comparison,2025,Comprehensive psychiatry,1,1,none,
PMC12585024,41187145,comparison,2025,PloS one,1,1,front-notes-title,Data AvailabilityDeidentified research data will be made publicly available when the study is completed and published.
PMC12587907,41248401,comparison,2025,BMJ open,1,1,none,
PMC12587975,41193203,comparison,2025,BMJ open,1,1,none,
PMC12588187,40709612,comparison,2025,"Scandinavian journal of work, environment & health",1,1,none,
PMC12589177,40222935,comparison,2025,"Internal medicine (Tokyo, Japan)",1,1,none,
PMC12590235,41210384,comparison,2025,EClinicalMedicine,1,1,none,
PMC12591707,41198166,comparison,2025,International wound journal,1,1,back-sec-type,Data Availability StatementThe data that support the findings of this study are available from the corresponding author upon reasonable request.
PMC12593717,41209539,comparison,2025,Drug and alcohol dependence reports,1,1,none,
PMC12597932,41221513,comparison,2025,Frontiers in medicine,1,1,back-sec-type,"Data availability statementThe raw data supporting the conclusions of this article will be made available by the authors, without undue reservation."
PMC12598984,41213667,comparison,2025,BMJ open,1,1,none,
PMC12606986,41219724,comparison,2025,BMC public health,1,1,back-notes-type,Data availabilityAll data generated or analysed during this study are included in this published article [and its supplementary information files].
PMC12607203,41219940,comparison,2025,Systematic reviews,1,1,back-notes-type,Data availabilityNot applicable.
PMC12607528,41228128,exposed,2025,"Healthcare (Basel, Switzerland)",1,1,none,
PMC12613513,41225458,comparison,2025,BMC medical education,1,1,back-notes-type,Data availabilityThe datasets used and/or analyzed during the current study are available from the corresponding author on reasonable request.
PMC12613547,41225677,exposed,2025,"Journal of health, population, and nutrition",1,1,back-notes-type,Data availabilityData sharing is not applicable to this article as no new data were created or analyzed in this study.
PMC12616275,41246445,exposed,2025,Biodiversity data journal,1,1,none,
PMC12621389,41250169,comparison,2025,Thrombosis journal,1,1,back-notes-type,Data availabilityThe authors confirm that the data supporting the findings of this study are available from the corresponding author.
PMC126226,12213183,comparison,2002,BMC health services research,1,1,none,
PMC12623685,40135946,comparison,2025,Journal of advanced nursing,1,1,back-sec-type,Data Availability StatementThe authors have nothing to report.
PMC12625355,41250118,comparison,2025,Diabetology & metabolic syndrome,1,1,back-notes-type,Data availabilityNo datasets were generated or analysed during the current study.
PMC12625417,41254665,exposed,2025,Trials,1,1,back-notes-type,Data availabilityThe anonymised dataset will be available upon request from the corresponding author.
PMC12626209,40901701,comparison,2025,Journal of the American Medical Informatics Association : JAMIA,1,0,none,
PMC12626471,40705531,comparison,2025,"International journal of surgery (London, England)",1,1,back-sec-type,Data availability statementThe datasets generated during the current study are available from the corresponding author on reasonable request.
PMC12627258,41268028,comparison,2025,Cureus,1,1,none,
PMC12630220,40866745,comparison,2025,Cancer causes & control : CCC,1,1,back-notes-type,Data AvailabilityThe datasets used and/or analyzed during the current study are available from the corresponding author on reasonable request.
PMC12630549,41281165,comparison,2025,Health science reports,1,1,back-sec-type,Data Availability StatementThe data that supports the findings of this study are available in the supplementary material of this article.
PMC12631337,41281915,comparison,2025,Frontiers in physiology,1,1,back-sec-type,"Data availability statementThe original contributions presented in the study are included in the article/Supplementary Material, further inquiries can be directed to the corresponding author."
PMC12635701,41281473,comparison,2025,World journal of gastrointestinal oncology,1,1,none,
PMC12635862,41268793,exposed,2025,Alzheimer's & dementia : the journal of the Alzheimer's Association,1,1,none,
PMC12636158,41267076,comparison,2025,BMC health services research,1,1,back-notes-type,Data availabilityNo datasets were generated or analysed during the current study.
PMC12639239,41278522,comparison,2025,SAGE open medicine,1,1,none,
PMC12641409,41178084,comparison,2025,BJPsych open,1,1,back-sec-type,Data availabilityAll available data are contained within the submitted work.
PMC12645416,41053920,comparison,2025,JMIRx med,1,1,none,
PMC12646447,41289247,comparison,2025,PloS one,1,1,front-notes-title,Data AvailabilityNo datasets were generated or analysed during the current study. All relevant data from this study will be made available upon study completion.
PMC12647394,40464624,comparison,2025,Journal of health services research & policy,1,1,none,
PMC12654655,41304256,comparison,2025,Microorganisms,1,1,back-notes-type,Data Availability StatementThe original contributions presented in this study are included in the article/Supplementary Material. Further inquiries can be directed to the corresponding authors.
PMC12655566,41304813,comparison,2025,Pharmaceutics,1,1,back-notes-type,Data Availability StatementNo new data were created or analyzed in this study.
PMC12657694,41296113,comparison,2025,Discover oncology,1,1,back-notes-type,Data availabilityAll experimental information and analytical results obtained throughout this investigation are presented within this publication or can be accessed by contacting the corresponding author with appropriate justification.
PMC12659232,41299402,comparison,2025,BMC ophthalmology,1,1,back-notes-type,Data availabilityThe datasets generated during and/or analyzed during the current study are available from the corresponding author on reasonable request.
PMC12666126,41320223,comparison,2025,BMJ open,1,1,none,
PMC12666847,41332908,exposed,2025,Biochemistry and biophysics reports,1,1,back-sec-type,Data availabilityCode for tutorial and simulations.
PMC12668350,41334266,comparison,2025,Journal of education and health promotion,1,1,none,
PMC12670264,41324928,comparison,2026,JAMA neurology,1,0,none,
PMC12673401,41346641,comparison,2025,Frontiers in psychiatry,1,1,back-sec-type,Data availability statementThe original contributions presented in the study are included in the article/Supplementary Material. Further inquiries can be directed to the corresponding authors.
PMC12675313,40923549,comparison,2025,Tropical medicine & international health : TM & IH,1,1,back-sec-type,Data Availability StatementThe datasets generated and/or analyses in the current study are available from the corresponding author upon reasonable request.
PMC12676842,41340094,comparison,2025,BMC gastroenterology,1,1,back-notes-type,"Data availabilityThe datasets generated during and/or analyzed during the current study are available in the ClinicalTrials.gov, a public registry of trials (https://clinicaltrials.gov/)."
PMC12678152,41342882,comparison,2025,Cartilage,1,1,none,
PMC12683338,41143778,comparison,2025,Personality disorders,1,1,none,
PMC12683983,41358599,comparison,2025,Psychophysiology,1,1,back-sec-type,Data Availability StatementARTEM‐IS for ERP is maintained at https://github.com/INCF/artem‐is and additional Supporting Information can be found at https://osf.io/ahp3t/.
PMC12684196,41360476,comparison,2025,BMJ open,1,1,none,
PMC12687274,41377645,comparison,2025,Heart international,1,0,none,
PMC12688669,41377866,comparison,2025,Arthroplasty today,1,1,none,
PMC12691804,41373240,comparison,2025,"Healthcare (Basel, Switzerland)",1,1,back-notes-type,Data Availability StatementNo new data were created or analyzed in this study.
PMC12693010,41375881,comparison,2025,Journal of clinical medicine,1,1,back-notes-type,Data Availability StatementData abstracted from individual articles will be made available to other researchers upon request from the authors. The authors have reviewed and edited the output and take full responsibility for the content of this publication.
PMC12693841,41374057,comparison,2025,Nutrients,1,1,back-notes-type,Data Availability StatementThe raw data supporting the conclusions of this article will be made available by the authors on request. The listing of excluded studies can also be provided upon request.
PMC12694856,41383886,comparison,2025,Noro psikiyatri arsivi,1,0,none,
PMC12699326,41393956,comparison,2025,Frontiers in nutrition,1,1,back-sec-type,Data availability statementPublicly available datasets were analyzed in this study. This data can be found here: Figshare (doi: 10.6084/m9.figshare.29458958.v1).
PMC12699741,41360465,comparison,2025,BMJ open,1,1,back-sec-type,Data availability statementAll data relevant to the study are included in the article or uploaded as supplementary information.
PMC12704122,41384826,comparison,2025,Drug delivery,1,1,back-sec-type,Data availability statementThe authors confirm that the data supporting the findings of this study are available within its supplementary materials.
PMC12705126,41397291,comparison,2025,JMIR research protocols,1,1,none,
PMC12706105,41387014,comparison,2025,BMJ open,1,1,back-sec-type,"Data availability statementData are available in a public, open access repository. All the code for this study is available via open-source licensing on GitHub (https://github.com/quest-bih/prodigy). Data generated in this study are openly available under the Creative Commons Attribution 4.0 International license in OSF (https://doi.org/10.17605/OSF.IO/HQDNS)."
PMC12706194,41397751,comparison,2025,BMJ open,1,1,back-sec-type,Data availability statementNo data are available.
PMC12706198,41387016,exposed,2025,BMJ open,1,1,none,
PMC12707491,41409385,exposed,2025,Journal of biomolecular techniques : JBT,1,0,none,
PMC12715781,41416659,comparison,2025,CNS neuroscience & therapeutics,1,1,back-sec-type,Data Availability StatementThe data that support the findings of this study are available from the corresponding author upon reasonable request.
PMC12718562,41423269,exposed,2025,Journal for immunotherapy of cancer,1,1,none,
PMC12722833,41445752,comparison,2025,Frontiers in immunology,1,1,back-sec-type,Data availability statementThe original contributions presented in the study are included in the article/Supplementary Material. Further inquiries can be directed to the corresponding author/s.
PMC12723824,41430154,comparison,2025,BMC cancer,1,1,back-notes-type,Data availabilityAll data extracted and analyzed in this systematic review are provided in the supplementary files. Further details are available from the corresponding author upon reasonable request.
PMC12733375,41450841,comparison,2025,Frontiers in psychiatry,1,1,back-sec-type,"Data availability statementThe raw data supporting the conclusions of this article will be made available by the authors, without undue reservation."
PMC12735649,41441346,comparison,2025,"Nursing reports (Pavia, Italy)",1,1,back-notes-type,Data Availability StatementData sharing is not applicable to this article as no new data were created or analyzed in this study.
PMC12735701,41470853,comparison,2025,Nutrients,1,1,back-notes-type,Data Availability StatementData supporting the findings of this study are available from the corresponding author upon reasonable request.
PMC12735780,41441206,comparison,2025,NeuroSci,1,1,back-notes-type,Data Availability StatementThe original contributions presented in this study are included in the article/Supplementary Material. Further inquiries can be directed to the corresponding author(s).
PMC12737861,41451425,exposed,2025,OTA international : the open access journal of orthopaedic trauma,1,1,none,
PMC12738958,41458509,comparison,2025,Frontiers in medicine,1,1,back-sec-type,"Data availability statementThe original contributions presented in the study are included in the article/supplementary material, further inquiries can be directed to the corresponding author."
PMC12742080,41448704,comparison,2025,BMJ open,1,1,none,
PMC12742086,41448682,comparison,2025,BMJ open,1,1,none,
PMC12742153,41453784,comparison,2025,BMJ open,1,1,back-sec-type,Data availability statementData sharing is not applicable as no datasets were generated and/or analysed for this study.
PMC12745427,41473524,comparison,2025,Frontiers in psychology,1,1,back-sec-type,Data availability statementAll data and material reported in this review and meta-analysis were from peer reviewed publications. The datasets supporting the conclusions of this article are included within the article and its additional files.
PMC12746323,41472978,comparison,2025,Nigerian medical journal : journal of the Nigeria Medical Association,1,1,none,
PMC12751687,41286726,comparison,2025,BMC infectious diseases,1,1,back-notes-type,Data availabilityAll relevant data will be made available upon request from corresponding author.
PMC12751774,41272509,comparison,2025,BMC infectious diseases,1,1,back-notes-type,Data availabilityAll the datasets used and/or analyzed during the current study are available in the manuscript.
PMC12751865,41286634,comparison,2025,BMC infectious diseases,1,1,back-notes-type,Data availabilityThe data supporting this study are available upon reasonable request by contacting the primary authors at [**belaydesye.2001@gmail.com**](mailto:belaydesye.2001@gmail.com) **.**.
PMC12753421,41480533,comparison,2025,Frontiers in medicine,1,1,back-sec-type,"Data availability statementThe original contributions presented in the study are included in the article/Supplementary material, further inquiries can be directed to the corresponding author."
PMC12756362,41487528,comparison,2025,Frontiers in pharmacology,1,1,back-sec-type,"Data availability statementThe original contributions presented in the study are included in the article/Supplementary Material, further inquiries can be directed to the corresponding authors."
PMC12757973,41487621,comparison,2025,Frontiers in public health,1,1,back-sec-type,Data availability statementThe datasets presented in this study can be found in online repositories. The names of the repository/repositories and accession number(s) can be found below: All data in this paper are presented in scienceDB at 10.57760/sciencedb.23826.
PMC12759278,41488401,exposed,2026,Open research Europe,1,1,back-sec-type,"Data availabilityThe data used in this article comprises of bibliographic references, which are listed in the References section. The dataset is available in the Zenodo repository.Zenodo: Ethical Challenges and Opportunities at the intersection of One Health and Open Science in India: A Scoping Review. https://doi.org/10.5281/zenodo.15860636 62 .- Dataset scoping review:• PRISMA-ScR-Fillable-Checklist.pdf• Search strategy and articles retrieved.docx• ScR NViVO.nvp• Codebook-ScR.pdf- Extended data: https://doi.org/10.5281/zenodo.17159506 63 Data are available under the terms of the Creative Commons Attribution 4.0 International license (CC-BY 4.0).Statement on the use of Artificial Intelligence (AI): The authors confirm that no AI tools were used in the preparation of this manuscript."
PMC12764237,41488396,comparison,2025,International journal of chronic obstructive pulmonary disease,1,1,none,
PMC12764508,41483013,comparison,2026,International journal of colorectal disease,1,1,back-notes-type,Data availabilityNo datasets were generated or analysed during the current study.
PMC12765295,41310817,comparison,2025,BMC nutrition,1,1,back-notes-type,Data availabilityThe data sets generated and analyzed during the current study are available from the corresponding author on a reasonable request.
PMC12766822,41469071,comparison,2025,BMJ open,1,1,back-sec-type,Data availability statementData are available upon reasonable request.
PMC12767667,41497195,comparison,2025,Neurology research international,1,1,back-sec-type,Data Availability StatementAll data generated or analyzed during this study are included in this published article and its supporting information. Additional information can be made available from the corresponding author upon reasonable request.
PMC12771935,41327389,comparison,2025,Trials,1,1,back-notes-type,Data availabilityThe initial registry data from the AACT is available at https://github.com/maia-sh/california-trials (archived in Zenodo at 10.5281/zenodo.16949414). The final dataset used for analysis is available at https://codeberg.org/quest-bih/california-clinical-reporting/src/branch/main/data (archived in Zenodo at 10.5281/zenodo.16918178).
PMC12772029,41327315,comparison,2025,Antimicrobial resistance and infection control,1,1,back-notes-type,Data availabilityThe datasets are available through the corresponding author upon reasonable request.
PMC12777138,41272751,comparison,2025,Journal of orthopaedic surgery and research,1,1,back-notes-type,Data availabilityAll data generated or analysed during this study are included in this published article [and its supplementary information files].
PMC12790553,41518388,comparison,2026,Breast cancer research and treatment,1,1,back-notes-type,Data availabilityThe datasets generated during and/or analyzed during the current study are not publicly available to preserve privacy and intellectual property but are available from the corresponding author on reasonable request.
PMC12793718,41521649,exposed,2026,Journal of medical virology,1,1,back-sec-type,Data Availability StatementThe data that support the findings of this study are available in the supplementary material of this article.
PMC12795340,41525195,comparison,2025,Journal of food and drug analysis,1,1,none,
PMC12795790,41527313,exposed,2026,Journal of Korean medical science,1,1,none,
PMC12797722,41350906,comparison,2025,Virology journal,1,1,back-notes-type,Data availabilityAll data and materials have included in the manuscript.
PMC12798663,41521813,comparison,2026,Global health action,1,1,back-sec-type,Data availability statementThe data that support the findings of this review are openly available in the included articles of this review.
PMC12807730,41251150,exposed,2026,Nucleic acids research,1,1,none,
PMC12808618,41551051,comparison,2025,European journal of obstetrics & gynecology and reproductive biology: X,1,1,none,
PMC12808973,41505877,comparison,2026,International dental journal,1,1,none,
PMC12812064,41546545,comparison,2026,Journal of cerebral blood flow and metabolism : official journal of the International Society of Cerebral Blood Flow and Metabolism,1,1,none,
PMC12815107,41545296,comparison,2026,Open heart,1,1,back-sec-type,Data availability statementData are available upon reasonable request.
PMC12815122,41545043,exposed,2026,BMJ open,1,1,none,
PMC12815823,41567545,comparison,2026,Frontiers in neurology,1,1,back-sec-type,"Data availability statementThe original contributions presented in the study are included in the article/supplementary material, further inquiries can be directed to the corresponding author."
PMC12817627,41372938,comparison,2025,Systematic reviews,1,1,back-notes-type,Data availabilityData sharing is not applicable to this article as no datasets were generated or analysed during the current study.
PMC12817669,41389308,comparison,2025,Health economics review,1,1,back-notes-type,Data availabilityNo datasets were generated or analysed during the current study.
PMC12819312,41574365,comparison,2026,Frontiers in medicine,1,1,none,
PMC12824425,41583230,comparison,2025,Cureus,1,1,none,
PMC12825753,40968764,comparison,2025,"International journal of surgery (London, England)",1,1,back-sec-type,Data availability statementThe datasets analyzed during the current study are available from the corresponding author on reasonable request.
PMC12829155,41572405,comparison,2026,Research integrity and peer review,1,1,back-notes-type,Data availabilityNo datasets were generated or analysed during the current study.
PMC12829377,41565339,comparison,2026,BMJ open,1,1,none,
PMC12829556,41583239,comparison,2025,Cureus,1,1,none,
PMC12829951,41533739,comparison,2026,PLoS neglected tropical diseases,1,1,front-notes-title,Data AvailabilityAll data underlying the findings are fully available without restriction. The dataset and supplementary tables used in this study are included within the manuscript and Supporting information files.
PMC12831348,41351113,comparison,2025,BMC medical education,1,1,back-notes-type,Data availabilityData are provided in the manuscript or in supplementary information files.
PMC12833717,39024118,exposed,2024,"Health technology assessment (Winchester, England)",1,0,none,
PMC12834845,41608542,comparison,2025,Integrative medicine research,1,1,none,
PMC12835271,41580466,comparison,2026,Scientific reports,1,1,back-notes-type,Data availabilityAll articles evaluated in this study were obtained from publicly available journal databases; article references may be found in supplementary file 3. The COREQ checklist and definition of each criterion is provided in supplementary information file 3. Human-coded classifications of output data generated by Claude 3.5 Sonnet are available in supplementary information files 1 and 2. No personal patient or identifiable data was used in this study.
PMC12836501,41646212,exposed,2025,ESMO real world data and digital oncology,1,1,none,
PMC12838035,41595557,comparison,2025,Biomedicines,1,1,back-notes-type,Data Availability StatementThe original contributions presented in this study are included in the article. Further inquiries can be directed to the corresponding authors.
PMC12838467,41593823,exposed,2026,"Arthroplasty (London, England)",1,1,back-notes-type,Data availabilityNo datasets were generated or analysed during the current study.
PMC12839809,41594296,comparison,2026,"Diagnostics (Basel, Switzerland)",1,1,back-notes-type,Data Availability StatementData supporting the findings of this study are available from the corresponding author upon reasonable request.
PMC12841215,41595376,comparison,2026,"Healthcare (Basel, Switzerland)",1,1,back-notes-type,Data Availability StatementNo new data were created or analyzed in this study.
PMC12841915,41598770,comparison,2026,Journal of clinical medicine,1,1,back-notes-type,Data Availability StatementThe datasets generated during the current study are available from the corresponding author on reasonable request.
PMC12841992,41598663,comparison,2026,Journal of clinical medicine,1,1,back-notes-type,Data Availability StatementNo new data were created or analyzed in this study.
PMC12842343,41598689,comparison,2026,Journal of clinical medicine,1,1,back-notes-type,Data Availability StatementThe original contributions presented in this study are included in the article and Supplementary Material. Further inquiries can be directed to the corresponding author.
PMC12849152,41559794,comparison,2026,"Scandinavian journal of trauma, resuscitation and emergency medicine",1,1,back-notes-type,Data availabilityThe materials and data are available upon request.
PMC12849450,41454302,comparison,2025,BMC ophthalmology,1,1,back-notes-type,Data availabilityAll data generated or analyzed throughout this study are contained in this published article.
PMC12849454,41444887,exposed,2025,BMC medical informatics and decision making,1,1,back-notes-type,Data availabilityAll data generated or analysed during this study are included in this published article and its supplementary information files.
PMC12851513,41613939,exposed,2026,Journal of transplantation,1,1,back-sec-type,Data Availability StatementData are available upon request.
PMC12852907,41469448,comparison,2025,Scientific reports,1,1,back-notes-type,Data availabilityThe dataset analyzed in this study is available upon reasonable request from the corresponding author. Detailed descriptive statistics are provided in Supplementary Information.
PMC12853502,41592841,comparison,2026,BMJ open,1,1,none,
PMC12856813,41536012,exposed,2026,Conservation biology : the journal of the Society for Conservation Biology,1,1,none,
PMC12860446,41623326,exposed,2025,Blockchain in healthcare today,1,1,back-sec-type,"Data availability Statement (DAS), Data Sharing, Reproducibility, and Data RepositoriesThe data that support the findings of this study are available from the corresponding author upon reasonable request."
PMC12864770,41526582,comparison,2026,Scientific reports,1,1,back-notes-type,Data availabilityThe datasets generated and/or analyzed during the current study are available from the corresponding author on reasonable request but are not publicly available due to privacy/ethical restrictions.
PMC12867528,41640786,comparison,2025,The Journal of clinical and aesthetic dermatology,1,0,none,
PMC12869895,41556887,exposed,2026,"Health technology assessment (Winchester, England)",1,0,none,
PMC12872698,41639469,comparison,2026,Archives of gynecology and obstetrics,1,1,back-notes-type,Data availabilityNo datasets were generated or analysed during the current study.
PMC12874926,41501772,comparison,2026,BMC nursing,1,1,back-notes-type,Data availabilityThe datasets generated and/or analyzed during the current study are not publicly available but are available from the corresponding author upon reasonable request.
PMC12876007,41660476,comparison,2026,Journal of thoracic disease,1,1,none,
PMC12876333,30272101,comparison,2018,"The journal of nutrition, health & aging",1,1,none,
PMC12879530,40757395,comparison,2025,The British journal of educational psychology,1,1,back-sec-type,DATA AVAILABILITY STATEMENTThe data that support the findings of this study are available in the Supporting Information.
PMC12880829,41348663,comparison,2025,Digestive surgery,1,1,back-sec-type,Data Availability StatementThe data that support the findings of this study are not publicly available due to the extensive volume of the dataset but are available from the corresponding author upon reasonable request.
PMC12882613,41501667,comparison,2026,BMC cancer,1,1,back-notes-type,Data availabilityThe datasets supporting the conclusion of this article are included in the article.
PMC12883040,41664805,comparison,2025,Archives of academic emergency medicine,1,1,back-sec-type,7.1 Data AvailabilityData are available on reasonable request from the first or corresponding author.
PMC12884836,41631683,comparison,2026,"Health technology assessment (Winchester, England)",1,0,none,
PMC12887902,41148592,comparison,2025,Asian Pacific journal of cancer prevention : APJCP,1,1,back-sec-type,"Availability of data and materialarticles using the PubMed, EMBASE, Lilacs, Cochrane Library, SCOPUS, and Web of Science databases using the terms Barriers OR obstacles AND HPV vaccination OR HPV vaccine AND Brazil with no language or date restriction until july 2022."
PMC12888484,41664130,exposed,2026,Diagnostic and prognostic research,1,1,back-notes-type,Data availabilityNo datasets were generated or analysed during the current study.
PMC12893257,40971184,comparison,2025,Epilepsia,1,1,back-sec-type,DATA AVAILABILITY STATEMENTThe data supporting this study's findings are available in the supplementary material of this article.
PMC12894242,41696692,comparison,2026,Frontiers in digital health,1,1,back-sec-type,"Data availability statementThe original contributions presented in the study are included in the article/Supplementary Material, further inquiries can be directed to the corresponding author."
PMC12894597,39875769,exposed,2025,Journal of general internal medicine,1,1,none,
PMC12895156,41605500,exposed,2026,Journal of medical Internet research,1,1,back-sec-type,Data AvailabilityThe datasets generated or analyzed during this study are available from the corresponding author upon reasonable request.
PMC12896180,41559638,comparison,2026,BMC psychiatry,1,1,back-notes-type,Data availabilityNo datasets were generated or analysed during the current study.
PMC12897514,41693972,comparison,2026,World journal of gastroenterology,1,1,none,
PMC12907331,41705252,comparison,2026,Frontiers in immunology,1,1,back-sec-type,Data availability statementThe original contributions presented in the study are included in the article/Supplementary Material. Further inquiries can be directed to the corresponding author.
PMC12909180,41710879,comparison,2026,Frontiers in immunology,1,1,back-sec-type,Data availability statementThe original contributions presented in the study are included in the article/Supplementary Material. Further inquiries can be directed to the corresponding author/s.
PMC12911704,41692522,comparison,2026,BMJ open,1,1,none,
PMC12913067,41717610,comparison,2026,Frontiers in public health,1,1,back-sec-type,"Data availability statementThe original contributions presented in the study are included in the article/supplementary material, further inquiries can be directed to the corresponding author."
PMC12915812,41657030,comparison,2026,Pharmacogenomics,1,0,none,
PMC12918080,41593513,comparison,2026,BMC medical research methodology,1,1,back-notes-type,Data availabilityAll data generated or analysed during this study are included in this published article and its supplementary information files.
PMC12918779,41727021,exposed,2026,bioRxiv : the preprint server for biology,1,1,none,
PMC12919118,41728323,comparison,2026,medRxiv : the preprint server for health sciences,1,1,none,
PMC12919805,41712537,comparison,2026,PloS one,1,1,none,
PMC12923498,41718844,exposed,2026,Metabolomics : Official journal of the Metabolomic Society,1,1,back-notes-type,Data availabilityNo datasets were generated or analysed during the current study.
PMC12923938,41711081,comparison,2026,Therapeutic advances in respiratory disease,1,1,none,
PMC12926772,41737728,comparison,2026,Frontiers in psychiatry,1,1,back-sec-type,Data availability statementThe original contributions presented in the study are included in the article/Supplementary Material. Further inquiries can be directed to the corresponding author/s.
PMC12927224,41413505,exposed,2025,BMC medical ethics,1,1,back-notes-type,Data availabilityThe data that support the findings of this study are not openly available due to reasons of sensitivity and are available from the corresponding author upon reasonable request.
PMC12930299,41743507,comparison,2026,BioMed research international,1,1,back-sec-type,Data Availability StatementThe corresponding author can provide any data generated or analyzed during this study upon reasonable request.
PMC12931336,40539745,comparison,2025,Annals of medicine,1,1,back-sec-type,Data availability statementThe data that support the findings of this study are available from the corresponding author upon reasonable request.
PMC12932160,41757238,comparison,2026,Frontiers in endocrinology,1,1,back-sec-type,"Data availability statementThe raw data supporting the conclusions of this article will be made available by the authors, without undue reservation."
PMC12935681,41767005,comparison,2026,Frontiers in neurology,1,1,back-sec-type,"Data availability statementThe original contributions presented in the study are included in the article/Supplementary material, further inquiries can be directed to the corresponding author."
PMC12937657,41750506,comparison,2026,"Antibiotics (Basel, Switzerland)",1,1,back-notes-type,"Data Availability StatementThe complete dataset, including extracted data, and RoB assessments, is available in the Supplementary Materials."
PMC12942304,41753079,comparison,2026,Journal of clinical medicine,1,1,back-notes-type,Data Availability StatementNo new data were created or analyzed in this study. Data sharing does not apply to this article.
PMC12946003,41769088,comparison,2026,Frontiers in public health,1,1,back-sec-type,"Data availability statementThe original contributions presented in the study are included in the article/Supplementary material, further inquiries can be directed to the corresponding authors."
PMC12946635,41768922,comparison,2025,Journal of parasitic diseases : official organ of the Indian Society for Parasitology,1,0,none,
PMC12946804,41767582,comparison,2026,African journal of emergency medicine : Revue africaine de la medecine d'urgence,1,1,none,
PMC12951990,41622213,exposed,2026,Injury epidemiology,1,1,back-notes-type,"Data availabilityData will be available upon conclusion of the grant and study period on October 1, 2026 and upon request and data use agreement."
PMC12953682,39828926,comparison,2025,"Trauma, violence & abuse",1,1,none,
PMC12954709,41814967,exposed,2026,Journal of medical Internet research,1,1,none,
PMC12954985,41629819,comparison,2026,BMC infectious diseases,1,1,back-notes-type,Data availabilityThe datasets supporting the conclusions of this article are included within the article and its Supplementary Materials.
PMC12955299,41629909,comparison,2026,Malaria journal,1,1,back-notes-type,Data availabilityAll the required data are included in the manuscript.
PMC12956694,41789163,comparison,2026,Frontiers in neurology,1,1,back-sec-type,"Data availability statementThe original contributions presented in the study are included in the article/Supplementary material, further inquiries can be directed to the corresponding author/s."
PMC12958907,41748192,comparison,2026,BMJ open,1,1,none,
PMC12961178,41782208,comparison,2026,International journal of rheumatic diseases,1,1,back-sec-type,Data Availability StatementThe data that support the findings of this study are available from the corresponding author upon reasonable request.
PMC12961868,41787396,comparison,2026,BMC public health,1,1,back-notes-type,Data availabilityThe datasets supporting the conclusions of this article are included within the article and its additional files.
PMC12962441,41798051,comparison,2026,International journal of critical illness and injury science,1,1,none,
PMC12964991,41798774,comparison,2026,Journal of the Royal Society of New Zealand,1,1,none,
PMC12968735,41787938,comparison,2026,Journal of global health,1,1,none,
PMC12969334,41809592,comparison,2026,Metabolism open,1,1,none,
PMC12972275,40490647,comparison,2025,GeroScience,1,1,none,
PMC12972689,41730193,comparison,2026,Journal of medical Internet research,1,1,back-sec-type,"Data AvailabilityNo new primary data were generated in this systematic review. Data extracted from the included studies and the curated list of screened articles are available from the corresponding author upon reasonable request. The Python code used to support automated screening and study management is not publicly available, as it was developed for internal use; however, it can be shared upon reasonable request for purposes of methodological transparency."
PMC12974181,41816266,comparison,2025,Integrative medicine research,1,1,none,
PMC12975175,41790708,comparison,2026,Medicine,1,1,none,
PMC12977437,41652426,comparison,2026,Journal of orthopaedic surgery and research,1,1,back-notes-type,Data availabilityThe datasets used and/or analyzed during the current study are available from the corresponding author on reasonable request.
PMC12977579,41652425,comparison,2026,BMC pulmonary medicine,1,1,back-notes-type,Data availabilityNo datasets were generated or analysed during the current study.
PMC12982199,41817821,comparison,2026,Journal of neurology,1,1,back-notes-type,Availability of data and materialsThe datasets relevant to this paper can be found in Table 1 and can be checked in the references. The data that support the findings of this study are available from the included studies.
PMC12983559,41663960,comparison,2026,BMC cardiovascular disorders,1,1,back-notes-type,Data availabilityNo datasets were generated or analysed during the current study.
PMC12983744,41813053,exposed,2026,BMJ open,1,1,back-sec-type,Data availability statementAll data relevant to the study are included in the article or uploaded as supplementary information.
PMC12983781,41819573,comparison,2026,BMJ open,1,1,none,
PMC12984499,41827600,comparison,2026,"Healthcare (Basel, Switzerland)",1,1,back-notes-type,Data Availability StatementNo new data were created or analyzed in this study. Data sharing is not applicable to this article.
PMC12985249,41827523,comparison,2026,"Healthcare (Basel, Switzerland)",1,1,back-notes-type,Data Availability StatementNo new data were created or analyzed in this study.
PMC12989547,41847286,comparison,2026,Frontiers in digital health,1,1,back-sec-type,"Data availability statementThe original contributions presented in the study are included in the article/Supplementary Material, further inquiries can be directed to the corresponding author."
PMC12992384,41222605,comparison,2025,International journal of clinical pharmacy,1,1,back-notes-type,Data availabilityNo datasets were generated or analysed during the current study.
PMC12992711,41838317,comparison,2026,Insights into imaging,1,1,back-notes-type,Data availabilityData generated or analyzed during the study are available from the corresponding author upon request.
PMC12996902,41775344,comparison,2026,Journal of medical Internet research,1,1,back-sec-type,Data AvailabilityAll data generated and analyzed during this study are included in this published paper and Multimedia Appendix 3.
PMC12999802,41868833,comparison,2026,Frontiers in psychiatry,1,1,back-sec-type,"Data availability statementThe raw data supporting the conclusions of this article will be made available by the authors, without undue reservation."
PMC13002174,41855423,comparison,2026,Journal of global health,1,1,none,
PMC13002279,41867290,comparison,2025,The Indian journal of radiology & imaging,1,1,none,
PMC13005379,41689068,comparison,2026,Journal of eating disorders,1,1,back-notes-type,Data availabilityThe analysis code is available at https://github.com/LZasiekina/Eating-Pathology-Symptoms.git.
PMC13007147,41856594,exposed,2026,BMJ open,1,1,none,
PMC13007200,41857843,comparison,2026,BMJ open,1,1,none,
PMC13010937,41883875,comparison,2026,Journal of clinical tuberculosis and other mycobacterial diseases,1,1,none,
PMC13011358,41699570,comparison,2026,BMC surgery,1,1,back-notes-type,Data availabilityThe datasets generated and analyzed during the current study are not publicly available but can be obtained from the corresponding author upon reasonable request.
PMC13013291,41890926,comparison,2026,Frontiers in psychology,1,1,back-sec-type,"Data availability statementThe original contributions presented in the study are included in the article/Supplementary material, further inquiries can be directed to the corresponding authors."
PMC13016785,41779633,comparison,2026,The British journal of surgery,1,1,back-sec-type,Data availabilityAll data used in this study were extracted from previously published sources. No new primary data were generated. Extracted data and the analytical code are available from the corresponding author upon reasonable request.
PMC13019415,41909351,comparison,2026,Cureus,1,1,none,
PMC13019482,41907645,comparison,2026,Frontiers in oncology,1,1,back-sec-type,Data availability statementThe original contributions presented in the study are included in the article/Supplementary Material. Further inquiries can be directed to the corresponding author.
PMC13019767,41907046,comparison,2026,AJOG global reports,1,1,none,
PMC13020415,41715122,comparison,2026,BMC oral health,1,1,back-notes-type,Data availabilityData are available upon request. Contact corresponding author for further details.
PMC13029805,41894469,comparison,2026,PloS one,1,1,front-notes-title,Data Availabilityrelevant data are within the paper and its Supporting Information files.
PMC13031428,41721957,comparison,2026,Journal of patient-reported outcomes,1,1,back-notes-type,"Data availabilityWhere not publicly available as part of the updated 2025 KDIGO Clinical Practice Guideline for Anemia in Chronic Kidney Disease, data supporting findings of this study will be made available upon request."
PMC13032241,41723416,comparison,2026,BMC women's health,1,1,back-notes-type,Data availabilityThe dataset generated and analyzed during this study consists of data extracted from different articles included in this systematic review and meta-analysis. The dataset is available from the corresponding author upon reasonable request.
PMC13033870,41919071,comparison,2026,Therapeutic advances in neurological disorders,1,1,none,
PMC13035959,41910902,comparison,2026,Progress in orthodontics,1,1,back-notes-type,Data availabilityAll data generated or analyzed during this study are included in this published article.
PMC13038933,41930231,comparison,2026,"Frontiers in pain research (Lausanne, Switzerland)",1,1,back-sec-type,Data availability statementThe data analyzed in this study is subject to the following licenses/restrictions: The entirety of the data collected and extracted for systematic review will be available upon appropriate request. Requests to access these datasets should be directed to Vafi Salmasi (vsalmasi@stanford.edu).
PMC13040593,41891303,comparison,2026,Turkish archives of otorhinolaryngology,1,1,none,
PMC13042117,41929316,exposed,2026,medRxiv : the preprint server for health sciences,1,1,back-sec-type,"Data Sharing StatementAll data and analysis code used in this study are publicly available at https://github.com/24rahul/power-of-data-communities with no restrictions. The repository includes: (1) complete citation datasets for all four repositories (MIMIC, UK Biobank, OpenSAFELY, All of Us) collected from OpenAlex as of February 2026; (2) funding data compiled from publicly available grant databases, published reports, and institutional websites; (3) all analysis scripts for calculating metrics and generating figures in R and Python; and (4) a comprehensive data dictionary describing all variables and their sources. These data are available immediately and indefinitely with publication under a Creative Commons Attribution 4.0 International (CC BY 4.0) license. No registration or approval is required to access or use these data and code. Researchers may freely download, modify, and redistribute the materials with appropriate attribution. Questions about the data or code should be directed to the corresponding author."
PMC13043431,41938944,comparison,2026,Frontiers in public health,1,1,back-sec-type,"Data availability statementThe original contributions presented in the study are included in the article/Supplementary material, further inquiries can be directed to the corresponding authors."
PMC13044012,41939914,comparison,2026,Frontiers in immunology,1,1,back-sec-type,Data availability statementThe original contributions presented in the study are included in the article/Supplementary Material. Further inquiries can be directed to the corresponding authors.
PMC13047084,41939826,comparison,2026,Frontiers in pharmacology,1,1,back-sec-type,Data availability statementThe datasets used and/or analysed during the current study are available from the corresponding author on reasonable request.
PMC13050372,41943713,comparison,2026,Journal of the Intensive Care Society,1,0,none,
PMC13050992,41948169,comparison,2026,Journal of pain research,1,1,back-sec-type,"Data Sharing StatementAs previously noted, all data presented is publicly available and referenced. The full search strategy is provided in appendix 1. Data extraction was completed using the platform Covidence and exported into excel format. This is available at request to the corresponding author."
PMC13052333,41936385,comparison,2026,"Journal of cachexia, sarcopenia and muscle",1,1,back-sec-type,Data Availability StatementData are available upon request.
PMC13052444,41947820,exposed,2026,Frontiers in psychiatry,1,1,none,
PMC13059290,41765962,comparison,2026,BMC medical research methodology,1,1,back-notes-type,Data availabilityThe dataset consists of manually extracted information from publicly available published articles. The extracted data are available from the corresponding author upon reasonable request.
PMC13062176,41969403,comparison,2026,Frontiers in oral health,1,1,back-sec-type,"Data availability statementThe original contributions presented in the study are included in the article/Supplementary Material, further inquiries can be directed to the corresponding author."
PMC13064162,41951257,comparison,2026,BMJ open,1,1,back-sec-type,Supplementary material
PMC13064186,41946545,exposed,2026,BMJ open,1,1,back-sec-type,Data availability statementData sharing not applicable as no datasets generated and/or analysed for this study.
PMC13069254,40817700,comparison,2025,Journal of advanced nursing,1,1,back-sec-type,Data Availability StatementData will be provided upon request to the first author.
PMC13070186,41952659,comparison,2026,"Women's health (London, England)",1,1,none,
PMC13073387,41976928,comparison,2026,Journal of clinical medicine,1,1,back-notes-type,Data Availability StatementAll data supporting this study are publicly available from the original publications included in the meta-analysis. References to these studies are provided in the manuscript.
PMC13073772,41977109,comparison,2026,Journal of clinical medicine,1,1,back-notes-type,Data Availability StatementAll data underlying the findings of this systematic review and meta-analysis were extracted from published articles that are cited in the reference list. Extracted datasets and analytic code are available from the corresponding author upon reasonable request.
PMC13073837,41975796,comparison,2026,"Diagnostics (Basel, Switzerland)",1,1,back-notes-type,Data Availability StatementThe data presented in this study are included in the article. Further inquiries can be directed to the corresponding author.
PMC13076134,41988555,comparison,2026,Frontiers in veterinary science,1,1,back-sec-type,"Data availability statementThe raw data supporting the conclusions of this article will be made available by the authors, without undue reservation."
PMC13076803,41973296,exposed,2026,Saudi pharmaceutical journal : SPJ : the official publication of the Saudi Pharmaceutical Society,1,1,back-notes-type,"Data availabilityThe bibliometric data supporting the findings of this study were retrieved from three public databases: the Web of Science Core Collection (WoSCC), Scopus, and the China National Knowledge Infrastructure (CNKI). The raw data after deduplication and screening, along with all R analysis scripts, VOSviewer configuration files, keyword thesaurus for standardization, and intermediate processing files, are available in the supplementary materials of this article."
PMC13079635,41993895,comparison,2026,Frontiers in pediatrics,1,1,none,
PMC13080287,24338431,comparison,2013,The Cochrane database of systematic reviews,1,0,none,
PMC13082653,41984760,comparison,2026,PloS one,1,1,front-notes-title,Data AvailabilityAll relevant data are within the paper and its Supporting Information files.
PMC13083055,42005975,comparison,2026,Frontiers in digital health,1,1,none,
PMC13083279,42005092,comparison,2026,"Plastic surgery (Oakville, Ont.)",1,0,none,
PMC13083376,41620928,exposed,2026,Clinical pharmacology and therapeutics,1,1,none,
PMC13084785,42006763,comparison,2026,BMJ public health,1,1,back-sec-type,Data availability statementData are available upon reasonable request. All data relevant to the study are included in the article or uploaded as supplementary information.
PMC13084786,41985960,comparison,2026,BMJ open,1,1,none,
PMC13084879,41962974,comparison,2026,BMJ open,1,1,back-sec-type,Data availability statementData sharing not applicable as no datasets generated and/or analysed for this study.
PMC13084919,41963075,comparison,2026,BMJ open respiratory research,1,1,back-sec-type,Data availability statementNo data are available.
PMC13085572,41808115,comparison,2026,BMC nursing,1,1,back-notes-type,"Data availabilityNo new data and materials were generated or analyzed in this study. All data supporting the findings of this study are based on previously published studies, which are cited in the reference list."
PMC13086783,41991816,exposed,2026,Behavior research methods,1,1,back-notes-type,"Data availabilityAll data and code needed to replicate this work are publicly available at: 10.5281/zenodo.17592982. The overview website for the database can be found at https://slesche.github.io/ted-site, the submission tool can be found at https://github.com/SLesche/truth-effect-database, and the extraction package can be found at https://github.com/SLesche/acdc-query."
PMC13087434,41992647,comparison,2026,CNS neuroscience & therapeutics,1,1,back-sec-type,"Data Availability StatementThe data supporting this meta‐analysis are from previously published studies, which are all listed in the references. The synthesized dataset (extracted and compiled for analysis) is available from the corresponding author upon reasonable request."
PMC13089893,41996457,comparison,2026,PloS one,1,1,front-notes-title,Data AvailabilityAll relevant data are within the paper and its Supporting information files.
PMC13091170,42004834,comparison,2026,European urology open science,1,1,none,
PMC13091203,42005926,comparison,2026,EClinicalMedicine,1,1,none,
PMC13092839,42016032,comparison,2025,International journal of molecular and cellular medicine,1,1,none,
PMC13093130,42016902,exposed,2026,International journal of population data science,1,1,back-sec-type,Data Availability StatementThe data collected for this article can be found in Supplementary Tables 1 and 2.
PMC13094163,41814222,comparison,2026,BMC ophthalmology,1,1,back-notes-type,Data availabilityThe data used are described in the article. Datasets and code are available from the corresponding author upon request.
PMC13095280,41995519,comparison,2026,Medicine,1,1,none,
PMC13100468,42028439,comparison,2026,Frontiers in pharmacology,1,1,back-sec-type,"Data availability statementThe original contributions presented in the study are included in the article/Supplementary Material, further inquiries can be directed to the corresponding authors."
PMC13101815,42027997,comparison,2026,ClinicoEconomics and outcomes research : CEOR,1,1,back-sec-type,"Data Sharing StatementNo new data were generated or analyzed in this study; therefore, data sharing is not applicable."
PMC13104487,41840684,comparison,2026,Journal of ovarian research,1,1,back-notes-type,Data availabilityThe data that support the findings of this study are available within the article and its **Supporting Information.**.
PMC13105444,42024876,comparison,2026,JMIR aging,1,1,none,
PMC13105584,41427504,comparison,2026,"International journal of surgery (London, England)",1,1,back-sec-type,Data availability statementAll data generated in this study are included in the manuscript and supplementary materials. Additional information is available from the corresponding author. Further inquiries can be directed to the corresponding author.
PMC13106570,42039947,comparison,2026,Frontiers in oral health,1,1,back-sec-type,"Data availability statementThe original contributions presented in the study are included in the article/Supplementary Material, further inquiries can be directed to the corresponding author."
PMC13108464,42038457,comparison,2026,PeerJ,1,1,none,
PMC13110623,42020123,comparison,2026,BMJ open,1,1,none,
PMC13110915,40930084,comparison,2025,Annals of the New York Academy of Sciences,1,1,none,
PMC13110926,42036306,comparison,2026,Pharmacoepidemiology and drug safety,1,1,none,
PMC13111489,42051853,comparison,2026,Brain communications,1,1,back-sec-type,Data availabilityData sharing is not applicable to this article as no datasets or codes were generated or analysed during the current study.
PMC13112258,42051241,comparison,2026,EClinicalMedicine,1,1,none,
PMC13112914,41845455,comparison,2026,"Journal of health, population, and nutrition",1,1,back-notes-type,Data availabilityAll data extracted for this systematic review are available in the manuscript and supplementary materials. The study protocol is registered and publicly available at PROSPERO (https:/www.crd.york.ac.uk/PROSPERO/view/CRD420251269118). Statistical code is available from the corresponding author upon reasonable request. No individual patient data were accessed for this analysis.
PMC13113419,42041198,comparison,2026,Cancer medicine,1,1,back-sec-type,"Data Availability StatementThe data included in this meta‐analysis are available in the article, Figures S1–S3 and Tables S1–, S8."
PMC13115383,42042254,comparison,2026,"Epidemiologia (Basel, Switzerland)",1,1,back-notes-type,Data Availability StatementThe original contributions presented in this study are included in the article. Further inquiries can be directed to the corresponding authors.
PMC13123119,41715034,comparison,2026,BMC women's health,1,1,back-notes-type,Data availabilityAll data generated or analyzed during this study are included in this published article (and its supplementary information files).
PMC13125087,42063754,comparison,2026,Frontiers in medicine,1,1,none,
PMC13126206,41992897,comparison,2025,Research synthesis methods,1,1,back-sec-type,Data availability statementData sharing not applicable—no new data generated.
PMC13126963,41862977,comparison,2026,Journal of ovarian research,1,1,back-notes-type,"Data availabilityThe data used in this study primarily originated from PubMed, Cochrane library, embase, web of science, Medline. We managed and stored the raw data in line with relevant privacy and ethical regulations. Some data can’t be fully shared publicly due to restrictions like personal privacy and trade secrets. But we can supply de-identified research-related data to researchers with valid requests, in compliance with regulations. For data access to verify or further research, contact the corresponding author, yuanyuan email: yuanyuan19871207@163.com, to discuss details and conditions. Part of the data used in this study has been stored in PROSPERO. You can refer to its storage and access methods via this link: https://www.crd.york.ac.uk/PROSPERO. We are committed to enhancing data availability and transparency within legal and ethical boundaries to boost academic exchange and scientific progress."
PMC13131719,42078337,comparison,2026,medRxiv : the preprint server for health sciences,1,1,none,
PMC13133309,42060239,comparison,2026,Progress in orthodontics,1,1,back-notes-type,Data availabilityThe datasets utilized and/or analyzed in this review can be obtained from the corresponding author upon reasonable request.
PMC13134557,36070591,comparison,2022,Journal of integrative and complementary medicine,1,0,none,
PMC13136256,42087981,comparison,2026,Frontiers in dental medicine,1,1,back-sec-type,"Data availability statementThe original contributions presented in the study are included in the article/Supplementary Material, further inquiries can be directed to the corresponding author."
PMC13140039,41257434,comparison,2025,Medical and veterinary entomology,1,1,back-sec-type,DATA AVAILABILITY STATEMENTThe data that support the findings of this study are openly available in Dryad at https://doi.org/10.5061/dryad.8w9ghx41c (Schlittenlacher et al. 2025).
PMC13140816,41877399,comparison,2026,Journal of nursing management,1,1,back-sec-type,Data Availability StatementData sharing is not applicable to this study as no datasets were generated during the current study.
PMC13140953,42082231,comparison,2026,BMJ open,1,1,none,
PMC13141223,42049315,comparison,2026,BMJ open,1,1,back-sec-type,"Data availability statementData are available in a public, open access repository (https://doi.org/10.5281/zenodo.14949157)."
PMC13141235,42055611,exposed,2026,BMJ open,1,1,none,
PMC13141572,41888845,comparison,2026,Cardiovascular diabetology,1,1,back-notes-type,Data availabilityNo datasets were generated or analysed during the current study.
PMC13143992,42100542,comparison,2026,Frontiers in public health,1,1,back-sec-type,"Data availability statementThe original contributions presented in the study are included in the article/Supplementary material, further inquiries can be directed to the corresponding author."
PMC13144026,42099524,comparison,2026,Frontiers in pediatrics,1,1,none,
PMC13144259,39377935,exposed,2024,Journal of cancer survivorship : research and practice,1,1,back-notes-type,Data availabilityNo datasets were generated or analysed during the current study.
PMC13148407,41527909,exposed,2026,"G3 (Bethesda, Md.)",1,1,back-sec-type,"Data availabilityAll the data and the analyses scripts used to produce benchmarks can be downloaded from https://github.com/QuantGen/G2P-Datasets.The web application code and repository used in this study have been permanently archived in Zenodo and are publicly available (repository, https://doi.org/10.5281/zenodo.17604233; web application, https://doi.org/10.5281/zenodo.17604237).Supplemental material available at G3 online."
PMC13150647,42090153,comparison,2026,JAMA network open,1,1,none,
PMC13150867,42091153,exposed,2026,BMJ open,1,1,none,
PMC13151306,41904417,comparison,2026,BMC psychiatry,1,1,back-notes-type,Data availabilityAll data generated or analysed during this study are included in this published article (and its supplementary information files).
PMC13154502,41933284,comparison,2026,Genes & nutrition,1,1,back-notes-type,Data availabilityAll data generated or analysed during this study are included in this published article and its Supplementary materials.
PMC13156232,41942708,comparison,2026,Cardiovascular and interventional radiology,1,1,none,
PMC13156937,42112149,comparison,2026,Sexual medicine,1,1,back-sec-type,"Data availabilityThe original contributions presented in this study are included in the article/Supplementary material, further inquiries can be directed to the corresponding authors."
PMC13156962,42109533,comparison,2026,Neurology. Genetics,1,1,none,
PMC13157968,42116839,exposed,2025,The journal of the Canadian Health Libraries Association,1,1,back-sec-type,"Data availability statementThe Qualtrics form used to extract data for this study may be found in Appendix 1 in the online supplementary files. The data extracted from the Qualtrics form and EndNote, which was analyzed to produce this study’s results, may be found in an Excel spreadsheet and CSV file in Appendices 2 and 3 in the online supplementary files. The corresponding author welcomes inquiries concerning these files or any other aspect of the study."
PMC13159320,41913279,exposed,2026,Annals of general psychiatry,1,1,back-notes-type,Data availabilityThe dataset compiled for this study is available upon reasonable request to the corresponding authors.
PMC13160333,42113849,comparison,2026,PloS one,1,1,front-notes-title,Data AvailabilityAll data are in the paper and/or supporting information files.
PMC13162469,42115982,comparison,2026,BMC psychiatry,1,1,back-notes-type,Data availabilityAll data generated or analysed during this study are included in this published article and its supplementary information file.
PMC13162811,42122222,comparison,2026,Cancers,1,1,back-notes-type,Data Availability StatementNo new data were created or analyzed in this study.
PMC13163444,42121659,exposed,2026,"Healthcare (Basel, Switzerland)",1,1,back-notes-type,Data Availability StatementThe data presented in this study are available upon request from the corresponding author. The data are not publicly available due to privacy and ethical restrictions related to the protection of participant confidentiality.
PMC13164143,42123069,comparison,2026,Journal of clinical medicine,1,1,back-notes-type,Data Availability StatementThe data presented in this study are available on request from the corresponding author.
PMC13168911,42137196,comparison,2026,Journal of nutritional science,1,1,none,
PMC13176026,41843042,comparison,2026,International journal of clinical pharmacy,1,1,back-notes-type,Data availabilityData are available upon request from the corresponding author.
PMC13180693,42144551,exposed,2026,Clinical and translational science,1,1,none,
PMC13185025,42150834,comparison,2026,BMJ open,1,1,none,
PMC13185749,41742701,comparison,2026,The British journal of dermatology,1,1,back-sec-type,Data availabilityAll data are incorporated in the article and Supporting Information.
PMC13185914,42163977,comparison,2026,Journal of clinical tuberculosis and other mycobacterial diseases,1,1,none,
PMC13186371,42154750,comparison,2026,PloS one,1,1,front-notes-title,Data AvailabilityNo datasets were generated or analysed during the current study. All relevant data from this study will be made available upon study completion.
PMC13187235,42028799,comparison,2026,Autism : the international journal of research and practice,1,1,none,
PMC13188239,41935296,comparison,2026,Malaria journal,1,1,back-notes-type,Data availabilityThe data that support the findings of this study are available from the corresponding author upon reasonable request.
PMC13190464,42182566,comparison,2026,Frontiers in aging neuroscience,1,1,back-sec-type,"Data availability statementThe original contributions presented in the study are included in the article/supplementary material, further inquiries can be directed to the corresponding author."
PMC13192013,41618273,comparison,2026,BMC veterinary research,1,1,back-notes-type,Data availabilityAll data generated or analyzed during this study are included in this published article.The datasets used in the current study are available from the corresponding author upon reasonable request.
PMC13195871,42169119,comparison,2026,BMC medical informatics and decision making,1,1,back-notes-type,"Data availabilityThe datasets analysed during the current study are available in the PADME development GitLab repository at https://git.rwth-aachen.de/groups/padme-development, the DataLad GitHub repository at https://github.com/datalad/datalad, and the MetaLad GitHub repository at https://github.com/datalad/datalad-metalad."
PMC13195928,42179735,exposed,2023,"Forum, qualitative social research",1,1,none,
PMC13197116,42181700,exposed,2026,JAMIA open,1,1,back-sec-type,Data availabilityThe data underlying this article will be shared on reasonable request to the corresponding author.
PMC13200393,42152138,comparison,2026,Archives of public health = Archives belges de sante publique,1,1,back-notes-type,Data availabilityAll data generated or analyzed during this study is available upon a reasonable request from the corresponding author.
PMC13201076,41990112,comparison,2026,GigaScience,1,1,none,
PMC13201827,42205317,comparison,2026,Journal of diabetes and metabolic disorders,1,0,none,
PMC13202077,42161421,comparison,2026,Open heart,1,1,back-sec-type,"Data availability statementData are available in a public, open access repository. Data are available upon reasonable request. All data relevant to the study are included in the article or uploaded as supplementary information."
PMC13207823,42194944,comparison,2026,Journal of clinical medicine,1,1,back-notes-type,Data Availability StatementThe data set generated during the current study is available in the Supplementary Materials. It includes all extracted variables and the coding framework applied in the comparative analyses necessary to reproduce the results reported in this article.
PMC13208625,42188369,comparison,2026,Journal of personalized medicine,1,1,back-notes-type,Data Availability StatementData are contained within the article. Additional information is available from the corresponding author upon reasonable request.
PMC13214424,41857779,exposed,2026,"Perioperative medicine (London, England)",1,1,back-notes-type,Data availabilityData sharing is not applicable to this article as no datasets were generated or analysed during the current study.
PMC13217775,42001040,comparison,2026,BMC medical informatics and decision making,1,1,back-notes-type,Data availabilityThe data supporting the findings of this study are available from the corresponding author upon reasonable request.
PMC13218247,42220331,comparison,2026,Osteoarthritis and cartilage open,1,1,none,
PMC13218636,42222636,comparison,2026,Cureus,1,1,none,
PMC13220526,41998562,comparison,2026,BMC public health,1,1,back-notes-type,Data availabilityAll data generated and analyzed during the current study are available from the corresponding author upon reasonable request.
PMC13220599,42210259,comparison,2026,Cancer cell international,1,1,back-notes-type,Data availabilityNo datasets were generated or analysed during the current study.
PMC13221087,42221049,exposed,2026,Current addiction reports,1,1,none,
PMC13221145,42166479,comparison,2026,PLoS medicine,1,1,front-notes-title,Data AvailabilityStandardized data extraction form is available from Review Manager (RevMan v.9.5.1; https://revman.cochrane.org). Data extracted from included studies are provided in the manuscript and Supporting information. Data used for all analyses are available in the manuscript. Code for reproducibility is publicly available in Zenodo (https://doi.org/10.5281/zenodo.17885011).
PMC13221991,42222483,comparison,2026,PeerJ,1,1,none,
PMC13223003,42232330,comparison,2026,Frontiers in surgery,1,1,back-sec-type,"Data availability statementThe original contributions presented in the study are included in the article/Supplementary Material, further inquiries can be directed to the corresponding author."
PMC13223009,42232182,comparison,2026,Frontiers in pharmacology,1,1,back-sec-type,"Data availability statementThe original contributions presented in the study are included in the article/Supplementary Material, further inquiries can be directed to the corresponding authors."
PMC13223620,42209008,comparison,2026,BMJ open,1,1,none,
PMC13223955,42215266,comparison,2026,BMJ open,1,1,none,
PMC13224517,42226199,comparison,2026,"Journal of occupational medicine and toxicology (London, England)",1,1,back-notes-type,Data availabilityAll data generated or analysed during this study are included in this published article and its additional files.
PMC13225150,42232156,comparison,2026,Journal of inflammation research,1,1,back-sec-type,Data Sharing StatementData sharing is not applicable to this article as no new data were created or analysed in this study.
PMC13225659,42172294,comparison,2026,PLoS medicine,1,1,front-notes-title,"Data AvailabilityAll data and code used in this analysis, including the final systematic review dataset, can be found on GitHub: https://github.com/nswartwo/tb-lmic-prevalence-review/ and archived on Zenodo: (DOI: https://doi.org/10.5281/zenodo.20029353)."
PMC13227817,42015238,comparison,2026,BMC nursing,1,1,back-notes-type,"Data availabilityThe data supporting the findings of this study are openly available in Zenodo at [10.5281/zenodo.15772367](10.5281/zenodo.15772367), reference number 15772367."
PMC13228004,42037378,comparison,2026,Microbiology spectrum,1,1,back-sec-type,DATA AVAILABILITYThe raw data of the analyzed LAMP assays can be found on the TU Wien Research Data repository under DOI https://doi.org/10.48436/2qqyd-pc940.
PMC13229315,42228679,comparison,2026,PLoS medicine,1,1,front-notes-title,"Data AvailabilityThe data included in this study are subject to restrictions by the Human Research Ethics Committee (HREC) and require data use agreements for access, therefore they are not publicly available. For access to the dataset, please contact the HREC of the University of Sydney (human.ethics@sydney.edu) and refer to the relevant authors listed in Table B in S1 Appendix. The statistical code is provided in the Supporting information."
PMC13229689,42244952,comparison,2026,Frontiers in endocrinology,1,1,back-sec-type,Data availability statementThe original contributions presented in the study are included in the article/Supplementary Material. Further inquiries can be directed to the corresponding author.
PMC13230082,42245297,exposed,2026,Frontiers in surgery,1,1,back-sec-type,Data availability statementThe datasets presented in this study can be found in online repositories. The names of the repository/repositories and accession number(s) can be found in the article/supplementary material.
PMC13231429,41684226,comparison,2026,Crisis,1,1,none,
PMC13234517,42219754,comparison,2026,Psychological medicine,1,1,back-sec-type,Data availability statementAll data generated or analyzed in this study are included in this article and its supplementary material files. Further inquiries may be directed to the corresponding author.
PMC13238974,42227235,comparison,2026,EFORT open reviews,1,1,none,
PMC13239084,42253440,comparison,2026,"Alzheimer's & dementia (New York, N. Y.)",1,1,none,
PMC13239710,42236085,comparison,2026,BMJ open,1,1,none,
PMC13241671,42256902,comparison,2026,Orthopaedic journal of sports medicine,1,1,none,
PMC13243918,41289953,comparison,2025,Animal bioscience,1,1,back-sec-type,"DATA AVAILABILITYUpon reasonable request, the datasets of this study can be available from the corresponding author."
PMC13244636,42267277,comparison,2026,Frontiers in public health,1,1,back-sec-type,"Data availability statementThe original contributions presented in the study are included in the article/Supplementary material, further inquiries can be directed to the corresponding author."
PMC13244923,42032711,comparison,2026,BMC nutrition,1,1,back-notes-type,"Data availabilityThe original contributions presented in the study are included in the article, further inquiries can be directed to the corresponding author/s."
PMC13249594,42265867,comparison,2026,JMIR research protocols,1,1,none,
PMC13250019,42262619,exposed,2026,Insights into imaging,1,1,none,
PMC13250214,42259559,comparison,2026,BMJ open,1,1,none,
PMC13251288,42015099,comparison,2026,BMC surgery,1,1,back-notes-type,Data availabilityNo datasets were generated or analysed during the current study.
PMC13252408,42282195,exposed,2026,medRxiv : the preprint server for health sciences,1,1,none,
PMC13253264,42292246,comparison,2026,Frontiers in medicine,1,1,back-sec-type,"Data availability statementThe original contributions presented in the study are included in the article/Supplementary material, further inquiries can be directed to the corresponding author."
PMC13253953,42290997,comparison,2026,Frontiers in psychiatry,1,1,back-sec-type,Data availability statementThe original contributions presented in the study are included in the article/Supplementary Material. Further inquiries can be directed to the corresponding author.
PMC13254227,42272081,exposed,2026,Birth defects research,1,1,back-sec-type,Data Availability StatementThe data that support the findings of this study are available from the corresponding author upon reasonable request.
PMC13254782,34331655,comparison,2021,Brain imaging and behavior,1,1,back-sec-type,Data availabilityData is available upon reasonable request.
PMC13254879,42293732,comparison,2026,Research and practice in thrombosis and haemostasis,1,1,none,
PMC13262598,42293061,comparison,2026,Access microbiology,1,1,none,
PMC13264046,42294492,comparison,2026,Journal of health economics and outcomes research,1,1,back-sec-type,Availability of Data and MaterialAvailable on request; only publicly available data were used for analysis.
PMC13264846,42270110,comparison,2026,BMJ open,1,1,back-sec-type,Data availability statementData sharing not applicable as no datasets were generated and/or analysed for this study. All data relevant to the study are included in the article or uploaded as supplementary information.
PMC13265526,42305850,comparison,2026,Frontiers in psychiatry,1,1,back-sec-type,Data availability statementThe original contributions presented in the study are included in the article/Supplementary Material. Further inquiries can be directed to the corresponding author.
PMC13266228,42306492,comparison,2026,EClinicalMedicine,1,1,none,
PMC13268664,42305878,comparison,2026,"Asian biomedicine : research, reviews and news",1,1,none,
PMC13269973,42311841,exposed,2026,Digital health,1,1,none,
PMC13270495,42312286,comparison,2026,International journal of biomedical imaging,1,1,back-sec-type,"Data Availability StatementNo new datasets were generated or analyzed during the current study. All data used in this systematic literature review were obtained from previously published studies, which are cited in the reference list. The extracted data supporting the findings of this review are available within the article and its supporting materials."
PMC13270612,41975389,exposed,2026,BMC medical ethics,1,1,back-notes-type,"Data availabilityThe China HGRs collection projects, international cooperation projects, Preservation projects, and exit projects released by the MOST and NHC can be obtained from this website (https://fuwu.most.gov.cn/html/jgcx/xzxkgs/) and (https://apply.hgrg.net/login)."
PMC13272457,42317758,comparison,2026,Frontiers in microbiology,1,1,back-sec-type,"Data availability statementThe original contributions presented in the study are included in the article/Supplementary material, further inquiries can be directed to the corresponding author."
PMC13272577,42318161,comparison,2026,Obesity pillars,1,1,none,
PMC13272892,42317221,exposed,2026,Health science reports,1,1,back-sec-type,Data Availability StatementAll data are available within this article.
PMC13273103,42032086,comparison,2026,Scientific reports,1,1,back-notes-type,Data availabilityThe datasets used and/or analysed during the current study are available from the corresponding author on reasonable request.
PMC13274115,42057050,comparison,2026,International journal of mental health systems,1,1,back-notes-type,Data availabilityThe datasets used and/or analyzed during the current study are available from the corresponding author upon reasonable request.
PMC13275329,42309987,exposed,2026,Alzheimer's & dementia : the journal of the Alzheimer's Association,1,1,none,
PMC13277251,42062923,comparison,2026,BMC infectious diseases,1,1,back-notes-type,"Data availabilityThe datasets generated and/or analyzed during the current study are not publicly available to protect the privacy of the study. Still, they are available from the corresponding author upon reasonable request."
PMC13283486,42202210,comparison,2026,"The journals of gerontology. Series A, Biological sciences and medical sciences",1,1,back-sec-type,Data availabilityData are available upon request.
PMC13284799,42338681,comparison,2026,ERJ open research,1,1,none,
PMC13285243,41770259,exposed,2026,Epilepsia,1,1,back-sec-type,"DATA AVAILABILITY STATEMENTData extracted and analyzed for this systematic review and meta‐analysis are fully reported within the article, figures, and supplementary tables. No new primary data were generated for this study."
PMC13285462,42071194,comparison,2026,BMC neurology,1,1,back-notes-type,"Data availabilityAll data generated or analyzed during this study are included in this published article, which were extracted from previously published reports and articles, and are listed in **Additional file 2, Table S1.**."
PMC13285571,42338865,comparison,2026,Cureus,1,1,none,
PMC13287029,42344499,comparison,2026,Frontiers in medicine,1,1,back-sec-type,"Data availability statementThe original contributions presented in the study are included in the article/Supplementary material, further inquiries can be directed to the corresponding author."
PMC13287831,42333728,exposed,2026,Canadian respiratory journal,1,1,back-sec-type,Data Availability StatementThe datasets generated and/or analyzed during the current study are available from the corresponding author on reasonable request.
PMC13288450,42334075,comparison,2026,Diabetes/metabolism research and reviews,1,1,back-sec-type,Data Availability StatementData sharing not applicable to this article as no datasets were generated or analysed during the current study.
PMC13288692,42331572,comparison,2026,BMJ open,1,1,back-sec-type,Data availability statementData are available upon reasonable request.
PMC13289467,42323554,comparison,2026,BMC medical education,1,1,back-notes-type,Data availabilityAll data supporting the findings of this study are available within the paper and tables (additional files).
PMC13294224,42368806,comparison,2026,Frontiers in psychiatry,1,1,back-sec-type,Data availability statementThe original contributions presented in the study are included in the article/Supplementary Material. Further inquiries can be directed to the corresponding author.
PMC13295002,42369078,comparison,2026,Journal of pain research,1,1,back-sec-type,Data Sharing StatementAll data generated or analyzed during this study are included in this article and its supplementary materials; additional materials are available from the corresponding author on reasonable request.
PMC13295771,42336789,comparison,2026,BMJ open,1,1,none,
PMC13295782,42342291,comparison,2026,BMJ open respiratory research,1,1,back-sec-type,Data availability statementData sharing not applicable as no datasets generated and/or analysed for this study.
PMC13300626,42355575,comparison,2026,Journal of clinical medicine,1,1,back-notes-type,Data Availability StatementThe original contributions presented in this study are included in the article/Supplementary Material. Further inquiries can be directed to the corresponding author.
PMC13305018,42347222,comparison,2026,"Pathogens (Basel, Switzerland)",1,1,back-notes-type,Data Availability StatementNo new data were created or analysed in this systematic review.
PMC13305783,42333464,comparison,2026,Integrative cancer therapies,1,1,back-sec-type,Data Availability StatementThe datasets generated during and/or analyzed during the current study are available from the corresponding author upon reasonable request.*
PMC13308290,42369465,comparison,2026,medRxiv : the preprint server for health sciences,1,1,back-sec-type,Data availabilityThe data used for all experiments and analyses in this study are publicly available at https://osf.io/kznx4/.
PMC13310435,42177492,comparison,2026,BMC oral health,1,1,back-notes-type,Data availabilityAll data generated or analysed during this study are included in this article and its supplementary information.
PMC13311999,42376494,comparison,2026,EClinicalMedicine,1,1,none,
PMC13313282,41766048,comparison,2026,Journal of the Egyptian National Cancer Institute,1,1,back-notes-type,Data availabilityNot applicable.
PMC13318083,42378528,comparison,2026,JMIR research protocols,1,1,none,
PMC13320039,42303245,comparison,2026,Journal of medical Internet research,1,1,back-notes-type,Data AvailabilityAll data generated or analyzed during this study are included in this published article and its multimedia appendices.
PMC13320103,42381161,comparison,2026,Journal of evidence-based medicine,1,1,none,
PMC13321282,42396500,comparison,2026,Research square,1,1,none,
PMC13321576,42098823,comparison,2026,Trials,1,1,back-notes-type,Data availabilityData will be made available upon reasonable request.
PMC13321724,41781978,exposed,2026,BMC medical ethics,1,1,back-notes-type,Data availabilityAll data generated or analysed during this study are included in this published article and its supplementary information files.
PMC13322527,42384614,comparison,2026,PloS one,1,1,front-notes-title,"Data AvailabilitySupplemental appendices, data used to perform our meta-analysis, and associated R code are available at Open Science Framework (doi: 10.17605/OSF.IO/BTKD3)."
PMC13322840,42394937,comparison,2026,Frontiers in neurology,1,1,back-sec-type,"Data availability statementThe original contributions presented in the study are included in the article/supplementary material, further inquiries can be directed to the corresponding author."
PMC13323548,42396244,comparison,2026,Journal of intensive medicine,1,1,none,
PMC13323550,42395651,exposed,2026,Biosafety and health,1,1,none,
PMC13330471,42106663,comparison,2026,BMC public health,1,1,back-notes-type,"Data availabilityThe data that support the findings of this study are openly available in PubMed, Cochrane Library, Embase, Web of Science, MEDLINE, and PsycINFO."
PMC13330952,42392636,comparison,2026,BMJ open,1,1,back-sec-type,Data availability statementData are available upon reasonable request.
PMC13331111,42392642,comparison,2026,BMJ open,1,1,none,
PMC13334070,42169623,comparison,2026,Journal of Alzheimer's disease : JAD,1,1,none,
PMC13334921,42222905,comparison,2026,"Human reproduction (Oxford, England)",1,1,back-sec-type,Data availabilityData underlying this manuscript can be obtained from the authors upon request.
PMC13335341,42121182,comparison,2026,Archives of public health = Archives belges de sante publique,1,1,back-notes-type,"Data availabilityAll data generated or analyzed during this study are included in this published article and its Supplementary Information file. However, raw data (Excel spreadsheets) used in the statistical analyses will be made available upon request through the corresponding author (Zhao Dexi)."
PMC13335612,42406583,comparison,2026,Nursing open,1,1,back-sec-type,Data Availability StatementThe data that supports the findings of this study are available in the Supporting Information of this article.
PMC13339798,42416179,exposed,2026,Alpha psychiatry,1,1,back-sec-type,"Availability of Data and MaterialsSince this article describes the protocol for the TAMS registry, no individual-level dataset is available at the time of publication. The data will be available from the corresponding author upon reasonable request."
PMC13339851,42092871,comparison,2026,BMC oral health,1,1,back-notes-type,Data availabilityAll data generated or analysed during this study are included in this published article [and its supplementary information files].
PMC13342267,42422718,comparison,2026,Frontiers in artificial intelligence,1,1,back-sec-type,"Data availability statementThe original contributions presented in the study are included in the article/supplementary material, further inquiries can be directed to the corresponding author."
PMC13343546,42129680,comparison,2026,BMC geriatrics,1,1,back-notes-type,Data availabilityAggregated data supporting the findings are included within the article and its supplementary materials. Individual-level data cannot be shared publicly due to ethics and data-protection restrictions. Requests for access to de-identified data and analysis code may be directed to the corresponding author and will be considered in line with institutional and ethics requirements.
PMC13343898,42129919,comparison,2026,Systematic reviews,1,1,back-notes-type,Data availabilityAll data and materials will be shared in the article's supplementary materials for access.
PMC13346840,42082515,exposed,2026,Scientific data,1,1,back-notes-type,"Code availabilityResearchers can pull the code at this address https://github.com/Zaiwen/PGMD, which includes code related to data processing, such as data cleaning, transformation, and analysis of raw data"
PMC13349041,42428290,comparison,2026,Contemporary clinical dentistry,1,1,none,
PMC13349230,42424585,exposed,2026,Journal of medical Internet research,1,1,none,
PMC13349297,42424408,comparison,2026,PloS one,1,1,front-notes-title,Data AvailabilityAll relevant data from this study are available within the manuscript.
PMC13350021,42433401,comparison,2026,Frontiers in public health,1,1,back-sec-type,"Data availability statementThe original contributions presented in the study are included in the article/Supplementary material, further inquiries can be directed to the corresponding author."
PMC13352184,42424043,comparison,2026,JAMA otolaryngology-- head & neck surgery,1,0,none,
PMC13353172,42340218,comparison,2026,La Medicina del lavoro,1,1,none,
PMC13354201,42527524,exposed,2025,npj health systems,1,1,back-notes-type,Data availabilityNo datasets were generated or analysed during the current study.
PMC13358309,42431671,comparison,2026,BMJ open,1,1,none,
PMC13360874,42143297,comparison,2026,BMC infectious diseases,1,1,back-notes-type,Data availabilityAll data generated or analyzed during this study are included in this published article and its supplementary information files.
PMC13362339,42450908,comparison,2026,"Healthcare (Basel, Switzerland)",1,1,back-notes-type,Data Availability StatementNo new data were created or analyzed in this study.
PMC13366169,42386575,comparison,2026,Environmental health and preventive medicine,1,1,back-sec-type,Data availability statementThe data and figures generated and analyzed during this study are available from the corresponding authors upon reasonable request.
PMC13370733,42454543,comparison,2026,Drug and alcohol review,1,1,back-sec-type,Data Availability StatementThe data that support the findings of this study are available from the corresponding author upon reasonable request.
PMC13374797,42462070,comparison,2026,Journal of medical Internet research,1,1,none,
PMC13375024,42461799,exposed,2026,PloS one,1,1,front-notes-title,Data AvailabilityNo datasets were generated or analysed during the current study. All relevant data from this study will be made available upon study completion.
PMC13377370,42491380,comparison,2026,Frontiers in medicine,1,1,back-sec-type,"Data availability statementThe raw data supporting the conclusions of this article will be made available by the authors, without undue reservation."
PMC13379121,42467702,comparison,2026,PLoS medicine,1,1,front-notes-title,Data AvailabilityData and R code file that supported this work are available on the Open Science Framework through the DOI link: https://doi.org/10.17605/OSF.IO/QFTJ3.
PMC13380528,42431091,comparison,2026,International dental journal,1,1,none,
PMC13381384,42472399,comparison,2026,International ophthalmology,1,1,back-notes-type,Data availabilityNo datasets were generated or analysed during the current study.
PMC13383979,42519184,exposed,2026,Biodiversity data journal,1,1,none,
PMC13384120,42463202,comparison,2026,BMJ open,1,1,none,
PMC13384142,42468964,exposed,2026,BMJ open,1,1,none,
PMC13384244,42518892,comparison,2026,Cureus,1,1,none,
PMC13386653,42458453,exposed,2026,Journal of translational medicine,1,1,back-notes-type,Data availabilityAll data analyzed are included in the article.
PMC13387249,42558150,comparison,2025,Journal of medical extended reality,1,1,none,
PMC13387461,42085091,comparison,2026,Noise & health,1,1,none,
PMC13387667,42482862,comparison,2026,The Journal of clinical and aesthetic dermatology,1,0,none,
PMC13387846,42478255,exposed,2026,Journal of Korean medical science,1,1,none,
PMC13388244,42487972,comparison,2026,Frontiers in medicine,1,1,back-sec-type,"Data availability statementThe original contributions presented in the study are included in the article/Supplementary material, further inquiries can be directed to the corresponding author."
PMC13389268,42488386,comparison,2026,Frontiers in neurology,1,1,back-sec-type,"Data availability statementThe original contributions presented in the study are included in the article/Supplementary material, further inquiries can be directed to the corresponding authors."
PMC13390182,42484063,comparison,2026,Cancer medicine,1,1,back-sec-type,Data Availability StatementThe data that support the findings of this study are available from the corresponding author upon reasonable request.
PMC13393003,42558141,comparison,2025,Journal of medical extended reality,1,1,back-sec-type,Availability of Data and MaterialsThe data generated during these studies will not be publicly available but will be available upon reasonable request to the corresponding author.
PMC13393907,42204678,comparison,2026,BMC medical research methodology,1,1,back-notes-type,Data availabilityThe datasets supporting the conclusions of this article are included within the article and its additional files.
PMC13397204,42500374,comparison,2026,Journal of International Society of Preventive & Community Dentistry,1,1,none,
PMC13399533,42500760,comparison,2026,Cureus,1,1,none,
PMC13404632,42516715,comparison,2026,BMJ public health,1,1,none,
PMC13407104,42523589,comparison,2026,Frontiers in nutrition,1,1,back-sec-type,"Data availability statementThe original contributions presented in the study are included in the article/Supplementary material, further inquiries can be directed to the corresponding author."
PMC13410919,42486520,comparison,2026,BMJ open,1,1,none,
PMC13412861,42513431,comparison,2026,Journal of clinical medicine,1,1,back-notes-type,Data Availability StatementThe datasets used in the current study are available from the corresponding author on reasonable request.
PMC13419376,42538917,exposed,2026,bioRxiv : the preprint server for biology,1,1,back-sec-type,"Data AvailabilityFull results—open data rates for all 1,833 funders and 1,388 journals—are available as supplementary CSV files in the manuscript repository at https://github.com/nimh-dsst/osm-preprint-2026, together with the analysis code that generates every table and figure in this paper and the full revision history of the manuscript itself. The interactive dashboard at https://www.opensciencemetrics.org provides dynamic exploration of these results; its source code is available at https://github.com/nimh-dsst/osm-dashboard. Open data detection used oddpub v7.2.3 (19), an open-source R package available at https://github.com/quest-bih/oddpub; PDF text extraction used MinerU (18). The high-performance computing workflows that apply this detection pipeline across the full corpus are specific to our compute environment and are being prepared for public release."
PMC13423630,42539429,comparison,2026,Frontiers in endocrinology,1,1,back-sec-type,Data availability statementThe original contributions presented in the study are included in the article/Supplementary Material. Further inquiries can be directed to the corresponding author.
PMC13426239,42540624,comparison,2026,Sexual medicine,1,1,back-sec-type,Data availabilityThe data that support the findings of this study are available from the corresponding author upon reasonable request.
PMC13428452,42542554,comparison,2026,BMC musculoskeletal disorders,1,1,back-notes-type,Data availabilityAll data generated or analysed during this study are included in this published article and its supplementary information files.
PMC13429777,42528340,comparison,2026,Clinical psychopharmacology and neuroscience : the official scientific journal of the Korean College of Neuropsychopharmacology,1,1,none,
PMC13429954,42548955,comparison,2025,Iranian journal of public health,1,1,none,
PMC13431559,41698820,comparison,2026,AJNR. American journal of neuroradiology,1,0,none,
PMC13432213,42549395,comparison,2026,Journal of conservative dentistry and endodontics,1,1,none,
PMC13432977,42113889,comparison,2026,Ultrasound in obstetrics & gynecology : the official journal of the International Society of Ultrasound in Obstetrics and Gynecology,1,1,back-sec-type,DATA AVAILABILITY STATEMENTThe data that support the findings of this study are available from the corresponding author upon reasonable request.
PMC13433046,42536534,comparison,2026,Medicine,1,1,none,
PMC13433309,42553159,comparison,2026,Frontiers in cardiovascular medicine,1,1,back-sec-type,"Data availability statementThe original contributions presented in the study are included in the article/Supplementary Material, further inquiries can be directed to the corresponding author/s."
PMC13433554,42204078,comparison,2026,Emergency radiology,1,1,back-notes-type,Data availabilityAll data supporting the findings of this study are available within the paper and its Supplementary Information.
PMC13434145,42548102,comparison,2026,Journal of oral & facial pain and headache,1,1,back-sec-type,"Availability of data and materialsData sharing is not applicable to this article, as no datasets were generated or analyzed during the current study."
PMC13434851,42553481,comparison,2026,Frontiers in medicine,1,1,back-sec-type,"Data availability statementThe original contributions presented in the study are included in the article/Supplementary material, further inquiries can be directed to the corresponding author."
PMC13435547,42167807,comparison,2026,"Journal of nuclear medicine : official publication, Society of Nuclear Medicine",1,1,none,
PMC13435968,42489561,comparison,2026,Journal of comparative effectiveness research,1,1,none,
PMC13436078,42538110,comparison,2026,BMJ open,1,1,none,
PMC13438877,42558966,exposed,2026,Health science reports,1,1,back-sec-type,"Data Availability StatementData sharing is not applicable to this article, as no new data were created or analyzed in this study."
PMC13439576,42554297,exposed,2026,JMIR research protocols,1,1,none,
PMC13448852,42417183,comparison,2026,"Diabetes, obesity & metabolism",1,0,none,
PMC13450800,42566424,comparison,2026,PloS one,1,1,front-notes-title,"Data AvailabilityNo datasets were generated or analyzed during the current study. De-identified data derived from the Delphi rounds and pilot testing will be deposited in the Open Science Framework (OSF) and made publicly available upon completion of the study, subject to ethical and confidentiality restrictions."
PMC13450891,42566769,comparison,2026,JMIR perioperative medicine,1,1,none,
PMC13453482,42576934,comparison,2026,EClinicalMedicine,1,1,none,
PMC13453574,42576973,comparison,2026,NAM journal,1,1,back-sec-type,Data availabilityAll data supporting the findings of this study are included within the manuscript and its supplementary information.
PMC13453693,42577074,comparison,2026,Frontiers in medicine,1,1,back-sec-type,"Data availability statementThe original contributions presented in the study are included in the article/Supplementary material, further inquiries can be directed to the corresponding author."
PMC13459099,42582993,comparison,2026,Frontiers in medicine,1,1,back-sec-type,Data availability statementThe datasets presented in this study can be found in online repositories. The names of the repository/repositories and accession number(s) can be found in the article/Supplementary material.
PMC13459352,42251309,comparison,2026,BMC public health,1,1,back-notes-type,"Data availabilityAll data analysed in this study are derived from previously published articles, which are cited within the manuscript. Extracted data used for the meta-analysis are available from the corresponding author upon reasonable request."
PMC13459384,42249274,comparison,2026,BMC medical research methodology,1,1,back-notes-type,Data availabilityThe datasets generated and analyzed during the current study are available from the corresponding author on reasonable request. All data were derived from publicly available journal articles and journal instructions for authors.
PMC13460311,42424418,exposed,2026,The Journal of bone and joint surgery. American volume,1,1,none,
PMC13463658,42584033,comparison,2026,Journal of nursing scholarship : an official publication of Sigma Theta Tau International Honor Society of Nursing,1,1,back-sec-type,Data Availability StatementThe data that support the findings of this study are available from the corresponding author upon reasonable request.
PMC13465469,42587704,comparison,2026,"Diagnostics (Basel, Switzerland)",1,1,back-notes-type,Data Availability StatementThe study-level quantitative dataset and reconstruction calculation used in the revised domain-specific meta-analysis are reported in Supplementary Table S4. The broader extraction dataset and post-extraction audit are available from the corresponding author upon reasonable request. The exact archived Embase and Scopus search strings and the study-level log for the 110 reports excluded before formation of the master dataset were not present in the retained review archive and were not retrospectively reconstructed.
PMC13466081,42237207,comparison,2026,Pilot and feasibility studies,1,1,back-notes-type,Data availabilityThe datasets used and/or analysed during the current study are available from the corresponding author on reasonable request.
PMC13469348,42597724,comparison,2026,"Frontiers in pain research (Lausanne, Switzerland)",1,1,back-sec-type,"Data availability statementThe original contributions presented in the study are included in the article/Supplementary Material, further inquiries can be directed to the corresponding author/s."
PMC13470341,42598071,comparison,2026,Frontiers in dental medicine,1,1,none,
PMC13471484,42249414,comparison,2026,Research integrity and peer review,1,1,back-notes-type,"Data availabilityThe analyses in this study are based exclusively on descriptive counts derived from publicly available journal articles. All extracted variables and summary counts are fully reported in the tables and figures within the manuscript, and no additional item-level data were generated beyond these classifications."
PMC13473371,42602171,comparison,2026,Frontiers in psychiatry,1,1,back-sec-type,Data availability statementThe original contributions presented in the study are included in the article/Supplementary Material. Further inquiries can be directed to the corresponding author.
PMC13474300,41198136,comparison,2025,Child and adolescent mental health,1,1,back-sec-type,Data availabilityData sharing is not applicable to this article as no new data were created or analysed in this study.
PMC13475130,42580836,comparison,2026,BMJ open,1,1,none,
PMC13476551,42604024,comparison,2026,EClinicalMedicine,1,1,none,
PMC13480088,42271357,comparison,2026,BMC pulmonary medicine,1,1,back-notes-type,Data availabilityAll data referenced in this article are publicly available in the original publication and cited sources. No new data was generated or analyzed in the preparation of this manuscript.
PMC13480170,42277686,comparison,2026,BMC cardiovascular disorders,1,1,back-notes-type,Data availabilityAll data generated or analysed during this study are included in this published article [and its supplementary information files].
PMC13480653,42607088,comparison,2026,PloS one,1,1,front-notes-title,Data AvailabilityAll relevant data are within the paper and its Supporting Information files.
PMC13481198,42614185,comparison,2026,Frontiers in oncology,1,1,back-sec-type,Data availability statementThe original contributions presented in the study are included in the article/Supplementary Material. Further inquiries can be directed to the corresponding authors.
PMC13481974,41863663,comparison,2026,Discover oncology,1,1,back-notes-type,Data availabilityAll data analysed in this study are included in the published articles referenced in the review. No additional primary data were generated or used.
PMC13483694,42613641,comparison,2026,Infectious diseases of poverty,1,1,back-notes-type,Data availabilityAll data presented in this study are available upon request by contact with the corresponding author.
PMC13486865,42580118,exposed,2026,Developmental cognitive neuroscience,1,1,none,
PMC13488824,39420382,comparison,2024,"Advances in rheumatology (London, England)",1,1,back-notes-type,Data availabilityThe datasets used and/or analysed during the current study are available from the corresponding author on reasonable request.
PMC13491430,42626115,comparison,2026,Frontiers in cellular and infection microbiology,1,1,back-sec-type,"Data availability statementThe data presented in the study are deposited in the Figshare, https://doi.org/10.6084/m9.figshare.33086348. Further inquiries can be directed to the corresponding author."
PMC13492484,42623169,comparison,2026,Journal of medical Internet research,1,1,none,
PMC13492536,42712294,comparison,2025,BMJ digital health & AI,1,1,back-sec-type,Data availability statementAll data relevant to the study are included in the article or uploaded as supplementary information.
PMC13496023,42631199,comparison,2026,Wideochirurgia i inne techniki maloinwazyjne = Videosurgery and other miniinvasive techniques,1,1,none,
PMC13500511,42639033,comparison,2026,Frontiers in neuroscience,1,1,back-sec-type,Data availability statementThe datasets presented in this study can be found in an online repository at: https://osf.io/xtd9g/.
PMC13504512,42608037,comparison,2026,BMJ open,1,1,none,
PMC13505603,42640816,comparison,2026,Journal of medical Internet research,1,1,none,
PMC13506944,42656875,exposed,2026,Frontiers in oral health,1,1,back-sec-type,"Data availability statementThe dataset supporting the conclusions of this article, including the article-level coded data and the analysis outputs, is openly available in Zenodo at https://doi.org/10.5281/zenodo.21397136 under a CC BY 4.0 licence. All other contributions presented in the study are included in the article/Supplementary Material."
PMC13515853,42646516,comparison,2026,Methods and protocols,1,1,back-notes-type,"Data Availability StatementNo new datasets were generated or analyzed during the current study. This work was based on a review of the published literature and publicly available journal instructions for authors. Therefore, data sharing is not applicable."
PMC13517042,42646372,comparison,2026,Neurology international,1,1,back-notes-type,Data Availability StatementAll data analyzed during this study are included in the published article. No new datasets were generated.
PMC1352049,16415336,comparison,2006,BMJ (Clinical research ed.),1,0,none,
PMC13521491,42659035,comparison,2026,Journal of global health,1,1,none,
PMC13523104,42657674,comparison,2026,Global health action,1,1,none,
PMC13525802,42668994,comparison,2026,Psychology research and behavior management,1,1,back-sec-type,Data Sharing StatementThe data generated in study are available from the corresponding author upon request.
PMC13525842,42667682,comparison,2026,International journal of epidemiology,1,1,back-sec-type,"Data availabilityThe German National Cohort (NAKO Gesundheitsstudie, NAKO) data are not openly available due to data protection measures. However, scientists can apply for data access following the official usage regulations and upon formal request to the NAKO use and access committee (https://transfer.nako.de). Participant data from the Bremen STEMI Registry U45 Study (BSR-U45) are not publicly available. Due to University of Guelph Research Ethics Board restrictions and participant confidentiality, no Guelph Family Health Study (GFHS) participant data are publicly available. The GFHS welcomes outside collaborators. Interested investigators can contact GFHS investigators to explore this option, which preserves participant confidentiality and meets the requirements of the University of Guelph Research Ethics Board, to protect human subjects."
PMC13526509,42670551,comparison,2026,Cureus,1,1,none,
PMC13526621,42676424,comparison,2026,Frontiers in oncology,1,1,back-sec-type,Data availability statementThe original contributions presented in the study are included in the article/Supplementary Material. Further inquiries can be directed to the corresponding author.
PMC13527111,42230977,exposed,2026,Communications medicine,1,1,back-notes-type,"Data availabilityThe source data underlying this study, including extracted bibliographic, methodological, and authorship variables from included articles, are provided as a Supplementary Data file (Supplementary Data 1.xlsx)."
PMC13527486,42676606,exposed,2026,Data in brief,1,1,none,
PMC13527568,30948521,comparison,2019,Occupational and environmental medicine,1,1,none,
PMC13530203,42230743,comparison,2026,NPJ digital medicine,1,1,back-notes-type,"Data availabilityAll data are publicly accessible via the PubMed (MEDLINE), Embase, Web of Science, ClinicalTrial.gov, and WHO ICTRP databases. This study contains no individual participant data. Clinical trial number is not applicable."
PMC13531780,42321895,comparison,2026,Conflict and health,1,1,back-notes-type,"Data availabilityAll critical data was available within the manuscript. Additionally, supportive information was attached as supplementary materials. Furthermore, study-level estimates and R 4.4.1 analysis code were shared through the OSF public repository (https://osf.io/xzm8k/files/vufqb)."
PMC13531916,42675485,comparison,2026,BMC nursing,1,1,back-notes-type,Data availabilityAll data extracted and analysed in this scoping review are available within the article and its additional files. The review protocol is publicly available on the Open Science Framework (DOI: https://doi.org/10.17605/OSF.IO/TKQPJ).
PMC13534140,42688457,comparison,2026,Frontiers in immunology,1,1,back-sec-type,Data availability statementThe original contributions presented in the study are included in the article/Supplementary Material. Further inquiries can be directed to the corresponding author.
PMC13534217,42587222,comparison,2026,Canadian journal of anaesthesia = Journal canadien d'anesthesie,1,1,none,
PMC13536017,42674671,comparison,2026,Family medicine and community health,1,1,none,
PMC13536098,42642085,exposed,2026,BMJ open,1,1,none,
PMC13536650,42316087,comparison,2026,BMC psychiatry,1,1,back-notes-type,"Data availabilityThe original contributions presented in the study are included in the manuscript/Supplementary material. Further inquiries can be directed to the corresponding author at, g-mail: [girmawmedfu@gmail.com](mailto: girmawmedfu@gmail.com)."
PMC13537411,41741220,comparison,2026,AJNR. American journal of neuroradiology,1,0,none,
PMC13538718,42467724,comparison,2026,Human reproduction update,1,1,back-sec-type,Data availabilityNo new data were generated or analyzed in support of this research. Detailed analysis and figure source codes are available at: https://github.com/CellularGenomicMedicine/ovarian_omics_review
PMC13539842,42552132,comparison,2026,Occupational and environmental medicine,1,1,none,
PMC13542112,42336835,exposed,2026,Nutrition & diabetes,1,1,back-notes-type,Data availabilityData and code are publicly available here: https://osf.io/6jkwy/. The two datasets we received can be requested from the corresponding authors of the respective papers. We did not have any special access privileges that others would not have.
PMC13543670,42695586,comparison,2026,Health expectations : an international journal of public participation in health care and health policy,1,1,back-sec-type,Data Availability StatementThe data supporting the findings of this systematic review are available in the appendix.
PMC13546688,42703400,comparison,2026,International journal of women's health,1,1,none,
PMC13547244,42707398,exposed,2026,Frontiers in artificial intelligence,1,1,back-sec-type,"Data availability statementThe original contributions presented in the study are included in the article/supplementary material, further inquiries can be directed to the corresponding author."
PMC13548304,42684946,comparison,2026,EFORT open reviews,1,1,none,
PMC13548604,42321701,comparison,2026,BMC nephrology,1,1,back-notes-type,Data availabilityAll data generated or analysed during this study are included in this published article [and its supplementary information files].
PMC13550375,42332274,exposed,2026,Discover oncology,1,1,back-notes-type,"Data availabilityThe datasets analyzed in this study were retrieved from the Web of Science Core Collection (WoSCC) database. The complete search strategy and inclusion/exclusion criteria are described in the Methods section. The bibliometric datasets generated during the analysis—including annual publication counts, country/institution/author rankings, journal metrics, keyword co-occurrence data, and supplementary tables—are provided in the Supplementary Materials. The raw bibliographic records exported from WoSCC can be obtained from the corresponding author upon reasonable request, subject to the terms of the Clarivate Analytics data usage agreement."
PMC13553241,42718560,comparison,2026,Frontiers in neurology,1,1,back-sec-type,"Data availability statementThe original contributions presented in the study are included in the article/Supplementary material, further inquiries can be directed to the corresponding author/s."
PMC13555093,42719537,comparison,2026,Archives animal breeding,1,1,back-sec-type,Data availabilityAll data extracted from the primary publications are compiled in tabular form and are available from the corresponding author on reasonable request. The study generated no unpublished primary data.
PMC13556082,42351257,comparison,2026,Pilot and feasibility studies,1,1,back-notes-type,Data availabilityNo datasets were generated or analysed during the current study.
PMC13559362,42724310,comparison,2026,Journal of thoracic disease,1,1,none,
PMC13559899,42703825,comparison,2026,The Eurasian journal of medicine,1,1,none,
PMC13560004,42728931,exposed,2026,F1000Research,1,1,back-sec-type,"Data availability statementUnderlying dataOpen Science Framework (OSF): 3.1. Computational reproducibility checks, Folder “Underlying_data”, https://doi.org/10.17605/OSF.IO/6YSRH, Gelsleichter et al., 2024.Folder, as .zip file, contains the following subfolders and files: ‐Project root folder, contains all files for reproducibility,‐from conceptualization to analyses (Zip file)‐The 1, 2, 3 represents the chronological order of developmento1 Protocol_survey/ 1. (Study protocol)o2 Survey_documents_from_LimeSurvey/ 1. Set of materials implemented in the LimeSurvey online platform ▪form_and_questions/ ▪Original survey materials, exported from the LimeSurvey platform ▪README - Computational reproducibility status survey.txt▪ Supports overview of underlying files▪ (other exported survey materials)▪ survey_responses/▪ Raw anonymous responses, exported to several formats allowed▪ by LimeSurvey platform▪ README.txt▪ (response data files)o3 Survey_responses_analyses/ 1. Analysis of survey responses (R with quarto)o input/ 1. Raw input files and other annexes used for the analysiso script/ 1. Complete analysis script to support reproducibility 2. with R language in Quarto environmento rendered_output/ 1. Result files generated from the Quarto document ▪*.docx ▪*.odt ▪*.pdf ▪*.pptx ▪*.epub ▪*.html ▪*.ipynb (Jupyter Notebook) Extended dataOpen Science Framework (OSF): 3.1. Computational reproducibility checks, Folder “Extended_data”, https://doi.org/10.17605/OSF.IO/6YSRH, Gelsleichter et al., 2024.Folder contains the following files: - S1_Study_protocol.pdf (also the informed consent page of the survey) https://osf.io/6ysrh/files/5ktsf - S2_Survey_questions.pdf https://osf.io/6ysrh/files/8du9x - S3_Responses_for_open_ended_questions_referred through_OSF.pdf https://osf.io/6ysrh/files/vca2w - S4_Cherries_checklist_filled.pdf https://osf.io/6ysrh/files/tqvdm - S5_Analyses_graphs_Jupyter_Notebook.ipynb (recommended for quick visualization directly within the OSF; high graphical resolution) https://osf.io/6ysrh/files/dgk2s - S6_Analyses_graphs_HTML.html (recommended for offline navigation; includes a table of contents sidebar and opens directly in any web browser) https://osf.io/6ysrh/files/gta6j - S7_Analyses_graphs_PDF.pdf (Use if.ipynb or.html files cannot be viewed) https://osf.io/6ysrh/files/az4qu - S8_Calculations_ranking.xlsx https://osf.io/6ysrh/files/69ufs Reporting guidelinesOpen Science Framework (OSF): 3.1. Computational reproducibility checks, Folder “Extended_data”, Checklist for ‘Survey about Barriers and Solutions for Enhancing Computational Reproducibility in Scientific Research’, file “S4_Cherries_checklist_filled.pdf”, https://doi.org/10.17605/OSF.IO/6YSRH, Gelsleichter et al., 2024.Data are available under the terms of the Creative Commons Attribution 4.0 International license (CC-BY 4.0).Declaration of generative AI and AI-assisted technologies in the writing processDuring the revision of this manuscript, the authors used ChatGPT (GPT-5.6 Sol, OpenAI; accessed July 2026) to assist with language editing and to improve the clarity and concision of the text. All AI-assisted suggestions were critically reviewed and edited by the authors, who take full responsibility for the final content of the manuscript."
PMC13560040,42728900,comparison,2026,F1000Research,1,1,back-sec-type,"Data availabilityUnderlying and Extended dataZenodo: Dataset: Entrepreneurial Leadership in Business Organizations: a systematic review and meta-analysis. https://doi.org/10.5281/zenodo.18425242 ( Amborowati, A., et al., 2026).This project contains the following underlying data: 1.Dataset_Entrepreneurial Leadership.xlsx2.PRISMA flow diagram for Entrepreneurial Leadership.pdf3. PRISMA_Checklist_Literature Data Integration of Entrepreneurial Leadership.docx Data is available under the terms of the e Creative Commons Attribution 4.0 International license (CC-BY 4.0)."
PMC13560113,42723103,comparison,2026,"BMC sports science, medicine & rehabilitation",1,1,back-notes-type,Data availabilityAll data generated or analysed during this study are included in this published article and its supplementary information files.
PMC13560966,42711075,comparison,2026,BMJ open,1,1,back-sec-type,"Data availability statementData are available in a public, open access repository."
PMC13561195,42721319,exposed,2026,JMIR medical informatics,1,1,none,
PMC13561197,42721356,comparison,2026,JMIR AI,1,1,none,
PMC13562263,42474951,comparison,2026,Obesity surgery,1,1,back-notes-type,Data AvailabilityNo datasets were generated or analysed during the current study.
PMC13562723,42331977,comparison,2026,Scientific reports,1,1,back-notes-type,Data availabilityAll data generated or analysed during this study are included in this published article and its Supplementary Information files.
PMC13566555,42739833,comparison,2026,Journal of clinical medicine,1,1,back-notes-type,Data Availability StatementThe datasets analyzed in this meta-analysis are included within the article and its Supplementary Materials. No new raw clinical data were generated for this study. All relevant literature screening records and pooled statistical results are available in the Supplementary Files. Further inquiries can be directed to the corresponding author.
PMC13568781,42730470,comparison,2026,World journal of oncology,1,1,back-sec-type,Data AvailabilityThe data supporting the findings of this study are available from the corresponding author upon reasonable request.
PMC13569033,41241763,comparison,2025,Asia-Pacific journal of clinical oncology,1,0,none,
PMC13570228,42732297,comparison,2026,Cureus,1,1,none,
PMC13574908,42745997,exposed,2026,Pattern analysis and applications : PAA,1,1,back-notes-type,Data availabilityNo datasets were generated or analysed during the current study.
PMC13575366,42738799,comparison,2026,"Facts, views & vision in ObGyn",1,1,none,
PMC1382780,7672658,comparison,1995,Gut,1,0,none,
PMC1497008,9754515,comparison,1998,Journal of general internal medicine,1,0,none,
PMC1550721,16879753,comparison,2006,BMC medical research methodology,1,1,none,
PMC156459,12775615,comparison,2003,BMJ (Clinical research ed.),1,0,none,
PMC1570136,16948835,comparison,2006,BMC medical research methodology,1,1,none,
PMC1590046,16965628,comparison,2006,BMC medical research methodology,1,1,none,
PMC1695167,8342719,comparison,1993,American journal of public health,1,0,none,
PMC1702351,17156458,comparison,2006,Health research policy and systems,1,1,none,
PMC1747867,15175541,comparison,2004,Tobacco control,1,0,none,
PMC1755051,15194568,comparison,2004,Annals of the rheumatic diseases,1,0,none,
PMC1772540,15722299,comparison,2005,The British journal of ophthalmology,1,0,none,
PMC1824709,17389922,comparison,2007,PloS one,1,1,none,
PMC1845145,17359550,comparison,2007,World journal of emergency surgery : WJES,1,1,none,
PMC1857560,16956912,comparison,2006,The British journal of ophthalmology,1,0,none,
PMC1896173,17537243,comparison,2007,BMC medicine,1,1,none,
PMC1975649,9685114,comparison,1998,Health services research,1,0,none,
PMC2131700,17980183,comparison,2007,American journal of obstetrics and gynecology,1,0,none,
PMC2206475,17448226,comparison,2007,"Critical care (London, England)",1,1,none,
PMC2216683,18270568,comparison,2008,PloS one,1,1,none,
PMC2241774,18271997,comparison,2007,Patient safety in surgery,1,1,none,
PMC2246037,18301772,comparison,2008,PloS one,1,1,none,
PMC2248150,1482871,comparison,1992,Proceedings. Symposium on Computer Applications in Medical Care,1,0,none,
PMC2361579,16106245,comparison,2005,British journal of cancer,1,1,none,
PMC2386171,17897515,comparison,2007,Canadian journal of surgery. Journal canadien de chirurgie,1,0,none,
PMC2398753,18517032,comparison,2008,Sleep,1,0,none,
PMC2518111,18769481,comparison,2008,PloS one,1,1,none,
PMC2542663,7819982,comparison,1994,BMJ (Clinical research ed.),1,0,none,
PMC2574950,18535005,comparison,2008,Human reproduction update,1,0,none,
PMC2577179,18063831,comparison,2007,Stroke,1,1,none,
PMC2583977,18662411,comparison,2008,BMC oral health,1,1,none,
PMC2653744,19209175,comparison,2009,British journal of cancer,1,1,none,
PMC2655927,18998887,exposed,2008,AMIA ... Annual Symposium proceedings. AMIA Symposium,1,0,none,
PMC2663327,18978412,comparison,2008,The Journal of bone and joint surgery. American volume,1,0,none,
PMC2674061,19356245,comparison,2009,BMC medical research methodology,1,1,none,
PMC2713689,19513073,comparison,2009,British journal of cancer,1,1,none,
PMC2742730,16452336,comparison,2006,Pediatrics,1,1,none,
PMC2775624,19901314,comparison,2009,Annals of family medicine,1,0,none,
PMC2780848,22477498,comparison,2009,"The International journal of angiology : official publication of the International College of Angiology, Inc",1,0,none,
PMC2788535,19930576,comparison,2009,Trials,1,1,none,
PMC2789098,19941636,comparison,2009,BMC medical research methodology,1,1,none,
PMC2793689,19900949,comparison,2010,The Journal of antimicrobial chemotherapy,1,0,none,
PMC2804713,20021637,comparison,2009,BMC cancer,1,1,none,
PMC2805870,20078607,comparison,2010,British journal of clinical pharmacology,1,1,none,
PMC2809039,20040100,comparison,2009,BMC cardiovascular disorders,1,1,none,
PMC2809295,19910503,comparison,2009,Diabetes care,1,1,none,
PMC2811705,20015404,comparison,2009,Trials,1,1,none,
PMC2824801,20174560,exposed,2010,PloS one,1,1,none,
PMC2833170,20158899,comparison,2010,BMC medical research methodology,1,1,none,
PMC2846857,20361022,comparison,2010,PLoS biology,1,1,none,
PMC2864873,20469800,comparison,2010,Sleep,1,0,none,
PMC2876024,20520824,comparison,2010,PloS one,1,1,none,
PMC2882303,20543892,exposed,2010,International journal of information management,1,1,none,
PMC2886040,20482769,comparison,2010,Trials,1,1,none,
PMC2899324,19408018,comparison,2009,"European spine journal : official publication of the European Spine Society, the European Spinal Deformity Society, and the European Section of the Cervical Spine Research Society",1,1,none,
PMC2911423,20615225,comparison,2010,Trials,1,1,none,
PMC2914031,20689853,comparison,2010,PloS one,1,1,none,
PMC2940773,20813027,exposed,2010,BMC research notes,1,1,none,
PMC2944309,20819229,comparison,2010,Parasites & vectors,1,1,none,
PMC2990274,20349403,exposed,2010,Journal of biomedical discovery and collaboration,1,1,none,
PMC3000394,21078183,comparison,2010,Environmental health : a global access science source,1,1,none,
PMC3011304,21289914,comparison,2008,GMS health technology assessment,1,1,none,
PMC3011345,21289965,comparison,2006,GMS health technology assessment,1,1,none,
PMC3016816,21212122,comparison,2011,BMJ (Clinical research ed.),1,1,none,
PMC3018376,21176224,comparison,2010,BMC pediatrics,1,1,none,
PMC3025772,20921117,comparison,2010,Archives of general psychiatry,1,1,none,
PMC3055831,21356072,comparison,2011,Trials,1,1,none,
PMC3057588,11641531,comparison,2001,Journal of Korean medical science,1,1,none,
PMC3072982,21494616,comparison,2011,PloS one,1,1,none,
PMC3076188,19951686,comparison,2009,Cell stem cell,1,1,none,
PMC3082698,21246352,exposed,2011,European journal of clinical pharmacology,1,1,none,
PMC3093764,21415396,comparison,2011,Stroke,1,1,none,
PMC3112149,21695195,comparison,2011,PloS one,1,1,none,
PMC3114769,21569452,comparison,2011,Trials,1,1,none,
PMC3118373,21651756,comparison,2011,BMC medicine,1,1,none,
PMC3127851,21612587,exposed,2011,Parasites & vectors,1,1,none,
PMC3136753,19884113,comparison,2011,Evidence-based complementary and alternative medicine : eCAM,1,1,none,
PMC3139602,21818296,comparison,2011,PloS one,1,1,none,
PMC3141762,21599949,comparison,2011,BMC cancer,1,1,none,
PMC3146924,21767349,comparison,2011,BMC psychiatry,1,1,none,
PMC3149080,21829330,comparison,2011,PLoS medicine,1,1,none,
PMC3159964,21897815,comparison,2011,Frontiers in neuroinformatics,1,1,none,
PMC3160295,21886848,comparison,2011,PLoS neglected tropical diseases,1,1,none,
PMC3166328,21912683,comparison,2011,PloS one,1,1,none,
PMC3173641,21710311,comparison,2011,The journal of headache and pain,1,1,none,
PMC3176483,21859470,comparison,2011,BMC complementary and alternative medicine,1,1,none,
PMC3181495,21529739,comparison,2011,The American journal of cardiology,1,1,none,
PMC3194810,22022380,comparison,2011,PloS one,1,1,none,
PMC3196048,21855836,comparison,2011,The American journal of cardiology,1,1,none,
PMC3198117,22031811,comparison,2011,GMS health technology assessment,1,1,none,
PMC3205044,21999425,exposed,2011,Journal of cheminformatics,1,1,none,
PMC3215336,21536950,comparison,2011,Archives of pediatrics & adolescent medicine,1,1,none,
PMC3222234,21890791,comparison,2011,The American journal of psychiatry,1,1,none,
PMC3232225,22163017,comparison,2011,PloS one,1,1,none,
PMC3236820,22146889,comparison,2011,BMJ open,1,1,none,
PMC3245075,22121220,exposed,2011,Nucleic acids research,1,1,none,
PMC3247193,22126516,comparison,2011,BMC medical research methodology,1,1,none,
PMC3258221,22151233,comparison,2011,BMC medical research methodology,1,1,none,
PMC3268102,22230294,comparison,2012,Malaria journal,1,1,none,
PMC3271487,22345837,comparison,2011,Indian journal of psychological medicine,1,1,none,
PMC3283559,22363213,comparison,2012,PLoS medicine,1,1,none,
PMC3289976,22448141,comparison,2012,TheScientificWorldJournal,1,1,none,
PMC3298445,22040834,comparison,2011,Gynecologic oncology,1,1,none,
PMC3308934,22448149,comparison,2012,PLoS medicine,1,1,none,
PMC3317062,22143005,comparison,2011,Molecular psychiatry,1,1,none,
PMC3324501,22509336,comparison,2012,PloS one,1,1,none,
PMC3332236,22536169,exposed,2012,Frontiers in neuroscience,1,1,none,
PMC3338712,22558178,comparison,2012,PloS one,1,1,none,
PMC3348673,22587842,comparison,2012,Systematic reviews,1,1,none,
PMC3372886,22719222,comparison,2012,International journal of biological sciences,1,1,none,
PMC3382226,22730543,comparison,2012,BMJ (Clinical research ed.),1,1,none,
PMC3383954,22555977,comparison,2012,Molecular biology reports,1,1,none,
PMC3384362,23074421,comparison,2012,Ontario health technology assessment series,1,0,none,
PMC3388076,22768293,comparison,2012,PloS one,1,1,none,
PMC3400493,22826816,comparison,2012,Surgical neurology international,1,1,none,
PMC3406072,22848554,comparison,2012,PloS one,1,1,none,
PMC3411392,22891187,comparison,2012,Canadian respiratory journal,1,0,none,
PMC3419740,22916163,comparison,2012,PloS one,1,1,none,
PMC3429412,22937158,comparison,2012,PloS one,1,1,none,
PMC3439255,22554313,exposed,2012,AIDS research and therapy,1,1,none,
PMC3440403,22984414,exposed,2012,PloS one,1,1,none,
PMC3444298,22993484,comparison,2012,Molecular vision,1,1,none,
PMC3445543,23029024,comparison,2012,PloS one,1,1,none,
PMC3445696,22700393,comparison,2012,Journal of general internal medicine,1,0,none,
PMC3446138,23056824,comparison,2011,Iranian journal of pediatrics,1,1,none,
PMC3459654,23055711,comparison,2012,International journal of chronic obstructive pulmonary disease,1,1,none,
PMC3459788,22943282,comparison,2012,BMC medical genetics,1,1,none,
PMC3462189,23049705,comparison,2012,PloS one,1,1,none,
PMC3462776,23056195,comparison,2012,PloS one,1,1,none,
PMC3464149,22925442,comparison,2012,BMC medicine,1,1,none,
PMC3489160,19070681,comparison,2008,Contemporary clinical trials,1,1,none,
PMC3491930,22820538,comparison,2012,Environmental health perspectives,1,1,none,
PMC3492022,22709676,comparison,2012,Trials,1,1,none,
PMC3492247,23145005,comparison,2012,PloS one,1,1,none,
PMC3493819,23226753,comparison,2012,Experimental and therapeutic medicine,1,1,none,
PMC3494026,23125080,comparison,2012,Journal of Zhejiang University. Science. B,1,0,none,
PMC3497590,22607024,comparison,2012,BMC medical genetics,1,1,none,
PMC3498197,23166724,comparison,2012,PloS one,1,1,none,
PMC3502517,23185136,comparison,2012,PLoS medicine,1,1,none,
PMC3502744,23169870,exposed,2012,BMJ (Clinical research ed.),1,1,none,
PMC3506232,23185182,comparison,2012,Archives of medical science : AMS,1,1,none,
PMC3511571,23226285,comparison,2012,PloS one,1,1,none,
PMC3511845,23060188,comparison,2012,Nature,1,1,none,
PMC3524959,23284199,exposed,2012,Bulletin of the World Health Organization,1,0,none,
PMC3526566,23157985,comparison,2012,BMC cancer,1,1,none,
PMC3528897,22961316,comparison,2012,Clinical orthopaedics and related research,1,0,none,
PMC3532197,23121760,comparison,2012,BMC medicine,1,1,none,
PMC3534032,23300871,comparison,2012,PloS one,1,1,none,
PMC3534584,23075379,comparison,2012,Systematic reviews,1,1,none,
PMC3537637,22747701,comparison,2012,Journal of foot and ankle research,1,1,none,
PMC3540528,23304310,comparison,2012,AMIA ... Annual Symposium proceedings. AMIA Symposium,1,0,none,
PMC3544927,23341949,comparison,2013,PloS one,1,1,none,
PMC3553514,23321511,comparison,2013,British journal of cancer,1,1,none,
PMC3559790,23383022,comparison,2013,PloS one,1,1,none,
PMC3559840,23382919,comparison,2013,PloS one,1,1,none,
PMC3561464,23147525,comparison,2012,The American journal of gastroenterology,1,1,none,
PMC3565599,23382495,comparison,2013,American journal of hypertension,1,1,none,
PMC3566397,23396660,comparison,2012,Health services & outcomes research methodology,1,1,none,
PMC3567321,23407325,comparison,2013,Journal of preventive medicine and public health = Yebang Uihakhoe chi,1,1,none,
PMC3570676,23203481,comparison,2012,Human genetics,1,1,none,
PMC3574856,23249186,comparison,2012,BMC cancer,1,1,none,
PMC3576153,22156764,comparison,2011,Schizophrenia bulletin,1,0,none,
PMC3577647,23302739,comparison,2013,Systematic reviews,1,1,none,
PMC3577825,23437053,comparison,2013,PloS one,1,1,none,
PMC3578943,23437223,comparison,2013,PloS one,1,1,none,
PMC3594197,23536781,comparison,2013,PloS one,1,1,none,
PMC3598322,22929026,comparison,2012,European journal of human genetics : EJHG,1,0,none,
PMC3598649,23311978,exposed,2013,BMC biotechnology,1,1,none,
PMC3601005,23496911,comparison,2013,World journal of surgical oncology,1,1,none,
PMC3613358,23560041,comparison,2013,PloS one,1,1,none,
PMC3614510,23565066,comparison,2013,PLoS medicine,1,1,none,
PMC3616119,23573257,comparison,2013,PloS one,1,1,none,
PMC3616132,23569365,comparison,2013,Patient preference and adherence,1,1,none,
PMC3621753,23585737,comparison,2013,PLoS medicine,1,1,none,
PMC3621846,23497538,exposed,2013,Journal of biomedical semantics,1,1,none,
PMC3625950,21931319,comparison,2011,Molecular psychiatry,1,1,none,
PMC3629080,23613723,comparison,2013,PloS one,1,1,none,
PMC3630123,23637862,comparison,2013,PloS one,1,1,none,
PMC3637913,22424985,comparison,2012,Journal of clinical epidemiology,1,1,none,
PMC3638583,23662117,comparison,2013,Evidence-based complementary and alternative medicine : eCAM,1,1,none,
PMC3641459,23576000,comparison,2013,BMJ open,1,1,none,
PMC3660576,23704929,comparison,2013,PloS one,1,1,none,
PMC3661459,23717594,comparison,2013,PloS one,1,1,none,
PMC3662474,22975314,comparison,2012,Journal of biomedical informatics,1,1,none,
PMC3665471,23687965,comparison,2013,Systematic reviews,1,1,none,
PMC3666983,23734256,comparison,2013,PloS one,1,1,none,
PMC3667615,23566720,comparison,2013,The Journal of hand surgery,1,1,none,
PMC3671901,23737888,comparison,2013,Experimental and therapeutic medicine,1,1,none,
PMC3672155,23750263,comparison,2013,PloS one,1,1,none,
PMC3673932,23748255,comparison,2013,Pain research & management,1,0,none,
PMC3681778,23785409,comparison,2013,PloS one,1,1,none,
PMC3682918,23634657,comparison,2013,Systematic reviews,1,1,none,
PMC3688612,23818992,comparison,2013,PloS one,1,1,none,
PMC3697418,23818558,comparison,2013,BMJ (Clinical research ed.),1,1,none,
PMC3699389,23758638,comparison,2013,BMC public health,1,1,none,
PMC3702507,23861796,comparison,2013,PloS one,1,1,none,
PMC3702538,23861749,comparison,2013,PloS one,1,1,none,
PMC3717464,23864210,comparison,2013,BMJ open,1,1,none,
PMC3724674,23922856,comparison,2013,PloS one,1,1,none,
PMC3733774,23940632,comparison,2013,PloS one,1,1,none,
PMC3734408,23653099,comparison,2013,Clinical orthopaedics and related research,1,0,none,
PMC3734845,23412385,comparison,2013,Cell death & disease,1,1,none,
PMC3741436,23767666,comparison,2013,Journal of endourology,1,0,none,
PMC3745806,23758751,comparison,2013,International journal of paediatric dentistry,1,1,none,
PMC3751723,23962139,exposed,2013,BMC research notes,1,1,none,
PMC3771067,24032093,comparison,2013,PeerJ,1,1,none,
PMC3778857,23966430,comparison,2013,The American journal of clinical nutrition,1,0,none,
PMC3780595,23089040,comparison,2012,International journal of infectious diseases : IJID : official publication of the International Society for Infectious Diseases,1,1,none,
PMC3786911,24098798,comparison,2013,PloS one,1,1,none,
PMC3787085,24098690,comparison,2013,PloS one,1,1,none,
PMC3787107,24098689,comparison,2013,PloS one,1,1,none,
PMC3787508,24078752,comparison,2013,BMJ open,1,1,none,
PMC3793003,24115912,comparison,2013,PLoS medicine,1,1,none,
PMC3796945,23814102,comparison,2013,Human reproduction update,1,0,none,
PMC3797836,24146806,comparison,2013,PloS one,1,1,none,
PMC3806278,23175139,comparison,2012,International journal of cancer,1,1,none,
PMC3806805,24194831,comparison,2013,PloS one,1,1,none,
PMC3807237,23160115,exposed,2012,NeuroImage,1,1,none,
PMC3808334,24043847,exposed,2013,Journal of experimental botany,1,1,none,
PMC3812492,24187468,comparison,2013,World journal of gastroenterology,1,0,none,
PMC3818463,24223897,comparison,2013,PloS one,1,1,none,
PMC3830841,24288671,comparison,2013,BioMed research international,1,1,none,
PMC3832286,24195770,comparison,2013,Trials,1,1,none,
PMC3832645,24260330,comparison,2013,PloS one,1,1,none,
PMC3834077,23818138,comparison,2013,International journal of cancer,1,1,none,
PMC3835577,24278358,comparison,2013,PloS one,1,1,none,
PMC3842323,24312416,comparison,2013,PloS one,1,1,none,
PMC3849378,24312582,comparison,2013,PloS one,1,1,none,
PMC3851343,24311947,comparison,2013,"Current oncology (Toronto, Ont.)",1,0,none,
PMC3855044,23876493,comparison,2013,Circulation. Cardiovascular genetics,1,1,none,
PMC3858442,24340103,comparison,2013,PloS one,1,1,none,
PMC3866091,24358022,comparison,2013,PLoS biology,1,1,none,
PMC3871533,24376736,comparison,2013,PloS one,1,1,none,
PMC3871759,24138207,comparison,2013,BMC medical research methodology,1,1,none,
PMC3873640,24377091,comparison,2013,International journal of circumpolar health,1,1,none,
PMC3875889,24366180,comparison,2013,JMIR research protocols,1,1,none,
PMC3875902,24366112,comparison,2013,JMIR research protocols,1,1,none,
PMC3893922,23403436,comparison,2013,Circulation. Heart failure,1,1,none,
PMC3898583,24401468,comparison,2014,BMJ (Clinical research ed.),1,1,none,
PMC3903631,24475258,comparison,2014,PloS one,1,1,none,
PMC3909252,24498212,comparison,2014,PloS one,1,1,none,
PMC3915109,24263062,comparison,2013,British journal of cancer,1,1,none,
PMC3915791,24600292,comparison,2012,"Adolescent health, medicine and therapeutics",1,1,none,
PMC3926164,24325761,comparison,2013,Genetic testing and molecular biomarkers,1,0,none,
PMC3930985,24587664,comparison,2014,World journal of gastroenterology,1,0,none,
PMC3935869,24586679,comparison,2014,PloS one,1,1,none,
PMC3937384,24587357,comparison,2014,PloS one,1,1,none,
PMC3949412,24618053,comparison,2014,BMJ (Clinical research ed.),1,1,none,
PMC3952720,23879311,comparison,2014,British journal of clinical pharmacology,1,0,none,
PMC3961244,24651702,comparison,2014,PloS one,1,1,none,
PMC3962437,24658609,comparison,2014,PloS one,1,1,none,
PMC3963092,24650809,comparison,2014,BMJ open,1,1,none,
PMC3964939,24203703,exposed,2013,Nucleic acids research,1,1,none,
PMC3965010,24243840,exposed,2013,Nucleic acids research,1,1,none,
PMC3969935,24692807,comparison,2008,"Current therapeutic research, clinical and experimental",1,0,none,
PMC3975147,24621446,comparison,2014,BMC family practice,1,1,none,
PMC3983712,23798465,comparison,2013,American journal of hematology,1,1,none,
PMC3989883,23845586,comparison,2013,The Journal of hand surgery,1,1,none,
PMC3990208,24748978,comparison,2014,Biomedical reports,1,1,none,
PMC3994893,24085772,exposed,2013,"Clinical trials (London, England)",1,1,none,
PMC3995769,24755673,comparison,2014,PloS one,1,1,none,
PMC3997826,24596076,comparison,2014,Wiener klinische Wochenschrift,1,1,none,
PMC3999277,24790452,comparison,2014,Therapeutics and clinical risk management,1,1,none,
PMC4012033,24808996,comparison,2014,SpringerPlus,1,1,none,
PMC4012960,24718516,comparison,2014,The oncologist,1,0,none,
PMC4016714,20498174,comparison,2010,Pediatrics,1,1,none,
PMC4021727,24641974,comparison,2014,Systematic reviews,1,1,none,
PMC4022327,24779384,comparison,2014,BMC medicine,1,1,none,
PMC4022589,24830459,comparison,2014,PloS one,1,1,none,
PMC4033473,24876756,comparison,2014,World journal of gastroenterology,1,0,none,
PMC4039599,24940462,comparison,2014,Canadian Urological Association journal = Journal de l'Association des urologues du Canada,1,0,none,
PMC4041890,24887257,comparison,2014,PloS one,1,1,none,
PMC4045316,24899650,comparison,2014,BMJ (Clinical research ed.),1,1,none,
PMC4047268,24910716,exposed,2014,Journal of cheminformatics,1,1,none,
PMC4053605,24590265,comparison,2014,Tumour biology : the journal of the International Society for Oncodevelopmental Biology and Medicine,1,1,none,
PMC4057256,24168782,comparison,2013,"Critical care (London, England)",1,1,none,
PMC4062485,24941260,comparison,2014,PloS one,1,1,front-notes-title,Data AvailabilityThe authors confirm that all data underlying the findings are fully available without restriction. All data are held in the Github repository for the project at https://github.com/rOpenHealth/ClinicalCodes/tree/master/paper and on Figshare: http://figshare.com/account/projects/1286.
PMC4065043,24950053,comparison,2014,PloS one,1,1,front-notes-title,Data AvailabilityThe authors confirm that all data underlying the findings are fully available without restriction. Not applicable.
PMC4069060,24960039,comparison,2014,PloS one,1,1,none,
PMC4073407,24976992,comparison,2014,Journal of thoracic disease,1,0,none,
PMC4076455,25009565,comparison,2014,Journal of geriatric cardiology : JGC,1,1,none,
PMC4080412,24593923,comparison,2014,Toxicology and applied pharmacology,1,1,none,
PMC4082617,24972453,comparison,2014,Systematic reviews,1,1,none,
PMC4100543,23631575,comparison,2013,Journal of periodontology,1,1,none,
PMC4101835,24884458,comparison,2014,BMC cardiovascular disorders,1,1,none,
PMC4105469,25048246,comparison,2014,PloS one,1,1,front-notes-title,Data AvailabilityThe authors confirm that all data underlying the findings are fully available without restriction. Relevant data are included within the Supporting Information files.
PMC4107599,24997590,comparison,2014,Systematic reviews,1,1,none,
PMC4126494,25114829,comparison,2014,Annals of intensive care,1,1,none,
PMC4138026,25136829,comparison,2014,PloS one,1,1,none,
PMC4138528,25115725,comparison,2014,Systematic reviews,1,1,none,
PMC4144946,25124461,comparison,2014,Medical science monitor : international medical journal of experimental and clinical research,1,1,none,
PMC4147164,25138616,comparison,2014,Implementation science : IS,1,1,none,
PMC4148308,25165807,exposed,2014,PloS one,1,1,none,
PMC4167217,25004061,comparison,2014,"Shock (Augusta, Ga.)",1,1,none,
PMC4170071,20447919,comparison,2010,"Cancer epidemiology, biomarkers & prevention : a publication of the American Association for Cancer Research, cosponsored by the American Society of Preventive Oncology",1,1,none,
PMC4170554,25253922,comparison,2014,Toxicology international,1,1,none,
PMC4177786,25254655,comparison,2014,PLoS neglected tropical diseases,1,1,none,
PMC4179845,25257822,comparison,2014,Diagnostic pathology,1,1,none,
PMC4182573,25268988,comparison,2014,PloS one,1,1,front-notes-title,Data AvailabilityThe authors confirm that all data underlying the findings are fully available without restriction. All the data are available in the tables reported in the article.
PMC4182942,25162809,exposed,2014,Nature genetics,1,1,none,
PMC4189736,25248284,comparison,2014,BMC neurology,1,1,none,
PMC4190105,24713692,comparison,2014,Medical decision making : an international journal of the Society for Medical Decision Making,1,1,none,
PMC4198261,25328585,exposed,2014,The Pan African medical journal,1,1,none,
PMC4202955,25211744,comparison,2014,American journal of public health,1,0,none,
PMC4208050,25335963,comparison,2014,BMJ open,1,1,none,
PMC4213464,25338638,comparison,2014,BMC cancer,1,1,none,
PMC4219668,25369324,comparison,2014,PloS one,1,1,none,
PMC4222774,24261578,comparison,2013,BMC neurology,1,1,none,
PMC4223131,25395935,comparison,2014,Archives of medical science : AMS,1,1,none,
PMC4226258,24206922,comparison,2013,BMC complementary and alternative medicine,1,1,none,
PMC4228083,25370505,comparison,2014,Systematic reviews,1,1,none,
PMC4232126,25322302,comparison,2014,American journal of public health,1,0,none,
PMC4232321,23782338,comparison,2013,Clinical oral implants research,1,1,none,
PMC4232634,25376700,comparison,2014,BMC cancer,1,1,none,
PMC4239526,25473192,comparison,2014,World journal of gastroenterology,1,0,none,
PMC4240443,25416499,comparison,2014,BMJ (Clinical research ed.),1,1,none,
PMC4247631,25420433,comparison,2014,BMC medical research methodology,1,1,none,
PMC4251149,25469253,comparison,2014,Biomedical reports,1,0,none,
PMC4251694,25404155,comparison,2014,Orphanet journal of rare diseases,1,1,none,
PMC4256542,25448625,comparison,2014,BMJ open,1,1,none,
PMC4262114,25344355,comparison,2014,The international journal of behavioral nutrition and physical activity,1,1,none,
PMC4264870,25501357,comparison,2014,PloS one,1,1,front-notes-title,Data AvailabilityThe authors confirm that all data underlying the findings are fully available without restriction. All relevant data are within the paper and its Supporting Information files.
PMC4267075,25510889,comparison,2014,BMJ open,1,1,none,
PMC4274704,25516265,comparison,2014,Systematic reviews,1,1,none,
PMC4276044,25510820,comparison,2014,Systematic reviews,1,1,none,
PMC4276156,25550898,comparison,2014,International journal of clinical and experimental medicine,1,0,none,
PMC4276158,25550900,comparison,2014,International journal of clinical and experimental medicine,1,0,none,
PMC4281530,25550297,comparison,2014,BMJ open,1,1,none,
PMC4287677,25589913,comparison,2014,Applied clinical informatics,1,0,none,
PMC4288402,25580234,comparison,2014,F1000Research,1,1,none,
PMC4288414,25580239,exposed,2014,F1000Research,1,1,none,
PMC4288766,25584364,exposed,2014,Information security and computer fraud,1,1,none,
PMC4292582,25628562,exposed,2015,Frontiers in neuroinformatics,1,1,none,
PMC4299503,25653457,comparison,2014,The Journal of applied ecology,1,1,none,
PMC4301215,25062429,comparison,2014,Psychological medicine,1,1,none,
PMC4301938,25496056,comparison,2014,BMC cancer,1,1,none,
PMC4302169,25609214,comparison,2015,Journal of the International AIDS Society,1,1,none,
PMC4306361,25648829,comparison,2015,Disease markers,1,1,none,
PMC4314970,25663859,comparison,2015,Oncology letters,1,1,none,
PMC4315381,25432001,comparison,2014,The Permanente journal,1,0,none,
PMC4320495,25626862,comparison,2015,Trials,1,1,none,
PMC4321798,22176942,comparison,2012,Journal of the American Academy of Child and Adolescent Psychiatry,1,1,none,
PMC4322348,25666381,comparison,2015,Scientific reports,1,1,none,
PMC4329770,25802478,comparison,2015,Disease markers,1,1,none,
PMC4331335,25855867,comparison,2015,BMC medicine,1,1,none,
PMC4339253,25717374,comparison,2015,Antimicrobial resistance and infection control,1,1,none,
PMC4348386,25492113,comparison,2014,Journal of cerebral blood flow and metabolism : official journal of the International Society of Cerebral Blood Flow and Metabolism,1,0,none,
PMC4353284,25722024,comparison,2015,BMJ (Clinical research ed.),1,1,none,
PMC4358488,25785033,comparison,2015,International journal of clinical and experimental medicine,1,0,none,
PMC4360860,25798264,comparison,2014,Molecular and clinical oncology,1,0,none,
PMC4364505,25885168,comparison,2015,BMC cancer,1,1,none,
PMC4367718,25806352,comparison,2015,Translational lung cancer research,1,0,none,
PMC4368673,25793517,comparison,2015,PloS one,1,1,front-notes-title,Data AvailabilityAll relevant data are within the paper and its Supporting Information files.
PMC4370129,25834539,comparison,2015,African health sciences,1,0,none,
PMC4371424,25848584,exposed,2014,"EGEMS (Washington, DC)",1,1,none,
PMC4372226,25888747,exposed,2015,BMC medical informatics and decision making,1,1,none,
PMC4379849,25931915,comparison,2014,Ulusal cerrahi dergisi,1,0,none,
PMC4400380,25901117,exposed,2015,ZooKeys,1,1,none,
PMC4402793,25932146,comparison,2015,International journal of clinical and experimental medicine,1,0,none,
PMC4404750,25072931,comparison,2014,Gynecologic oncology,1,1,none,
PMC4408483,25945024,comparison,2015,World journal of gastroenterology,1,0,none,
PMC4408693,25949959,comparison,2015,Journal of family medicine and primary care,1,1,none,
PMC4408955,25945039,comparison,2015,"Drug design, development and therapy",1,1,none,
PMC4409975,25937778,comparison,2015,Chinese journal of cancer research = Chung-kuo yen cheng yen chiu,1,0,none,
PMC4410299,24491308,comparison,2014,European urology,1,1,none,
PMC4415590,25927401,comparison,2015,Scientific reports,1,1,none,
PMC4427698,25987799,comparison,2015,World journal of gastroenterology,1,0,none,
PMC4430520,25970426,comparison,2015,PloS one,1,1,front-notes-title,Data AvailabilityThe data used in this meta-analysis are extracted from previously published papers and their references are available within the paper.
PMC4432947,25956903,comparison,2015,BMC cardiovascular disorders,1,1,none,
PMC4437159,26023643,comparison,2015,Journal of clinical and diagnostic research : JCDR,1,0,none,
PMC4439031,25993344,comparison,2015,PloS one,1,1,front-notes-title,Data AvailabilityAll relevant data are within the paper and its Supporting Information files.
PMC4440809,25996928,comparison,2015,PloS one,1,1,front-notes-title,Data AvailabilityData are available in the paper and its Supporting Information files.
PMC4443135,26064301,comparison,2015,International journal of clinical and experimental medicine,1,0,none,
PMC4443248,26064414,comparison,2015,International journal of clinical and experimental medicine,1,0,none,
PMC4450458,26027955,comparison,2015,BMC cancer,1,1,none,
PMC4450847,25952159,comparison,2015,BMC women's health,1,1,none,
PMC4450905,25989337,comparison,2015,Inflammatory bowel diseases,1,1,none,
PMC4454667,26038827,comparison,2015,PloS one,1,1,front-notes-title,Data AvailabilityAll relevant data are within the paper and its Supporting Information files.
PMC4467605,26038188,comparison,2015,Medical science monitor : international medical journal of experimental and clinical research,1,1,none,
PMC4471021,25735938,comparison,2015,Journal of general internal medicine,1,0,none,
PMC4472353,26086391,comparison,2015,PloS one,1,1,front-notes-title,Data AvailabilityAll data are included within the manuscript
PMC4476582,26098665,comparison,2015,PloS one,1,1,front-notes-title,Data AvailabilityAll relevant data are within the paper and its Supporting Information files.
PMC4479982,26108476,comparison,2015,Scientific reports,1,1,none,
PMC4480115,26093516,comparison,2015,Medical science monitor : international medical journal of experimental and clinical research,1,1,none,
PMC4481576,25217611,comparison,2014,"Human reproduction (Oxford, England)",1,0,none,
PMC4483169,26114883,comparison,2015,PloS one,1,1,front-notes-title,Data AvailabilityAll relevant data are within the paper.
PMC4483466,25062463,comparison,2014,The Journal of clinical endocrinology and metabolism,1,0,none,
PMC4484020,26131175,comparison,2015,International journal of clinical and experimental medicine,1,0,none,
PMC4488593,26132205,exposed,2015,PloS one,1,1,front-notes-title,Data AvailabilityAll data are provided in Table 3. Actual individual sources remain de-identified as per our practice since our interest is in aggregate trends and not the practices of any individual source.
PMC4488865,26133117,comparison,2015,Scientific reports,1,1,none,
PMC4490675,26137892,comparison,2015,Trials,1,1,none,
PMC4494627,26170681,comparison,2015,Therapeutics and clinical risk management,1,1,none,
PMC4498191,25569783,comparison,2015,NPJ primary care respiratory medicine,1,1,none,
PMC4506038,26186510,comparison,2015,PloS one,1,1,front-notes-title,Data AvailabilityAll relevant data are within the paper and its Supporting Information files.
PMC4511425,25918834,comparison,2015,American journal of respiratory and critical care medicine,1,0,none,
PMC4513637,26206479,comparison,2015,BMC medical ethics,1,1,none,
PMC4520622,26236490,comparison,2015,Pharmacology research & perspectives,1,1,none,
PMC4524628,26241042,comparison,2015,PloS one,1,1,front-notes-title,Data AvailabilityAll relevant data and syntax can be accessed via the Open Science Framework platform (here is the link: https://osf.io/nxm69/).
PMC4524775,25159014,comparison,2014,Urologic oncology,1,1,none,
PMC4526270,25578825,comparison,2015,The Lancet. Infectious diseases,1,1,none,
PMC4527773,26247870,comparison,2015,PloS one,1,1,front-notes-title,Data AvailabilityAll relevant data are within the paper and its Supporting Information files.
PMC4528214,26279840,comparison,2015,United European gastroenterology journal,1,0,none,
PMC4534102,26265377,comparison,2015,Journal of physiological anthropology,1,1,none,
PMC4537579,26275820,comparison,2015,BMC medicine,1,1,none,
PMC4538033,26309569,comparison,2015,International journal of clinical and experimental medicine,1,0,none,
PMC4538071,26309542,comparison,2015,International journal of clinical and experimental medicine,1,0,none,
PMC4541993,26306174,exposed,2015,Ecology and evolution,1,1,none,
PMC4545856,26253548,comparison,2015,Trials,1,1,none,
PMC4546113,26287998,comparison,2015,PloS one,1,1,front-notes-title,Data AvailabilityData are available as Supporting Information.
PMC4551161,26133966,comparison,2015,Annals of oncology : official journal of the European Society for Medical Oncology,1,0,none,
PMC4556815,26380814,comparison,2015,Meta gene,1,1,none,
PMC4565237,26379854,comparison,2015,International journal of clinical and experimental medicine,1,0,none,
PMC4565255,26379872,comparison,2015,International journal of clinical and experimental medicine,1,0,none,
PMC4565257,26379874,comparison,2015,International journal of clinical and experimental medicine,1,0,none,
PMC4566373,26379408,comparison,2015,World journal of gastroenterology,1,0,none,
PMC4569349,26368938,comparison,2015,PloS one,1,1,front-notes-title,Data AvailabilityAll relevant data can be found within the manuscript and its Supplementary files.
PMC4574457,26385379,comparison,2015,Trials,1,1,none,
PMC4577928,26391631,comparison,2015,BMJ open,1,1,none,
PMC4588271,26419458,comparison,2015,Systematic reviews,1,1,none,
PMC4589340,26422604,comparison,2015,PloS one,1,1,front-notes-title,"Data AvailabilityAll relevant data from published studies and a number of the unpublished studies are within the paper and its Supporting Information files. We cannot make the data from all unpublished studies publicly available as we obtained it this data from third parties (the original investigators of these studies), who did not provide us permission to do so. However, others can request this data from the relevant investigators. Contact information can be retrieved from ""http://projectreporter.nih.gov/reporter.cfm"" by entering the relevant grant number listed in Table 1 of this manuscript."
PMC4590639,26445542,comparison,2015,Therapeutics and clinical risk management,1,1,none,
PMC4593150,26423854,comparison,2015,BMJ open,1,1,none,
PMC4599640,26491356,comparison,2015,OncoTargets and therapy,1,1,none,
PMC4603034,25929930,comparison,2015,Medicine,1,1,none,
PMC4606422,26453590,comparison,2015,BMJ open,1,1,none,
PMC4608184,26472248,comparison,2015,Journal of translational medicine,1,1,none,
PMC4612916,26550231,comparison,2015,International journal of clinical and experimental medicine,1,0,none,
PMC4612944,26550259,comparison,2015,International journal of clinical and experimental medicine,1,0,none,
PMC4616322,25340495,comparison,2014,Medicine,1,1,none,
PMC4616690,26266362,comparison,2015,Medicine,1,1,none,
PMC4616710,26266354,comparison,2015,Medicine,1,1,none,
PMC4624739,26528332,comparison,2015,Archives of medical science : AMS,1,1,none,
PMC4627756,26517553,comparison,2015,PloS one,1,1,front-notes-title,"Data AvailabilityWe re-analyze the largest collection of conscientiousness validity data from Shaffer and Postlethwaite (2012). With their permission, we made the data are available at the Open Science Framework (https://osf.io/9s6e3/) in the project “Validity of Conscientiousness” (https://osf.io/az8uw/)."
PMC4627914,26528420,comparison,2015,PeerJ,1,1,none,
PMC4633157,26536628,comparison,2015,PloS one,1,1,front-notes-title,Data AvailabilityAll relevant data are within the paper and its Supporting Information files.
PMC4640014,26623392,comparison,2015,Perspectives in clinical research,1,1,none,
PMC4640555,26556485,comparison,2015,PloS one,1,1,front-notes-title,Data AvailabilityAll relevant data are within the paper and its Supporting Information files.
PMC4645480,26576268,comparison,2015,Archives of public health = Archives belges de sante publique,1,1,none,
PMC4647516,26573269,comparison,2015,BMC psychiatry,1,1,none,
PMC4650202,26581191,comparison,2015,BMC medicine,1,1,none,
PMC4651548,26581079,comparison,2015,PloS one,1,1,front-notes-title,Data AvailabilityAll relevant data are within the paper and its Supporting Information files.
PMC4654562,26587586,comparison,2015,PLoS neglected tropical diseases,1,1,front-notes-title,"Data AvailabilityAll relevant data are within the paper and its Supporting Information files, and in public database such as PubMed."
PMC4657365,26597174,comparison,2015,BMC pulmonary medicine,1,1,none,
PMC4658911,26629022,comparison,2015,International journal of clinical and experimental medicine,1,0,none,
PMC4659407,26194320,exposed,2015,Alzheimer's & dementia : the journal of the Alzheimer's Association,1,1,none,
PMC4666828,26140821,comparison,2015,Biological psychiatry,1,1,none,
PMC4669303,26112433,comparison,2015,Journal of clinical epidemiology,1,1,none,
PMC4671160,26644987,comparison,2015,PeerJ,1,1,none,
PMC4682547,26173844,exposed,2015,Human mutation,1,1,none,
PMC4682944,26675816,comparison,2015,PloS one,1,1,front-notes-title,Data AvailabilityAll relevant data are within the paper.
PMC4694227,26770327,comparison,2015,International journal of clinical and experimental medicine,1,0,none,
PMC4694814,26208480,comparison,2015,Oncotarget,1,1,none,
PMC4696542,20798928,comparison,2010,Osteoporosis international : a journal established as result of cooperation between the European Foundation for Osteoporosis and the National Osteoporosis Foundation of the USA,1,1,none,
PMC4697915,26442916,comparison,2016,"Sports medicine (Auckland, N.Z.)",1,1,none,
PMC4699702,26726926,comparison,2016,PLoS biology,1,1,front-notes-title,Data AvailabilityAll relevant data are within the paper and its Supporting Information files. All authors had full access to all of the data (including statistical reports and tables) in the study and can take responsibility for the integrity of the data and accuracy of the data analysis.
PMC4701416,26731428,comparison,2016,PloS one,1,1,front-notes-title,Data AvailabilityAll relevant data are within the paper and its Supporting Information files.
PMC4701449,26731736,comparison,2016,PloS one,1,1,front-notes-title,Data AvailabilityAll relevant data are within the paper and its Supporting Information files.
PMC4702022,26668300,comparison,2015,Pediatrics,1,0,none,
PMC4703397,26735955,comparison,2016,PloS one,1,1,front-notes-title,Data AvailabilityAll relevant data are within the paper.
PMC4705514,26742493,comparison,2016,Scientific reports,1,1,none,
PMC4723758,26884913,comparison,2015,International journal of clinical and experimental medicine,1,0,none,
PMC4723848,26885003,comparison,2015,International journal of clinical and experimental medicine,1,0,none,
PMC4727252,21805213,exposed,2011,Science and engineering ethics,1,1,none,
PMC4727379,26809779,comparison,2016,BMC genetics,1,1,none,
PMC4727518,26855585,comparison,2016,OncoTargets and therapy,1,1,none,
PMC4730425,26703645,exposed,2015,International journal of environmental research and public health,1,1,none,
PMC4731557,26821255,comparison,2016,PloS one,1,1,front-notes-title,Data AvailabilityAll relevant data are within the paper and its Supporting Information files.
PMC4735132,26801469,comparison,2016,BMJ open,1,1,none,
PMC4735304,26781507,comparison,2016,BMJ open,1,1,none,
PMC4745642,26877629,comparison,2016,Nutrition and metabolic insights,1,1,none,
PMC4747009,26817978,comparison,2016,Journal of the American Association for Laboratory Animal Science : JAALAS,1,0,none,
PMC4748898,26844481,comparison,2016,Medicine,1,1,none,
PMC4752749,26873063,comparison,2016,BMC medical research methodology,1,1,none,
PMC4754196,26598376,comparison,2015,CMAJ : Canadian Medical Association journal = journal de l'Association medicale canadienne,1,0,none,
PMC4757565,26886581,exposed,2016,PloS one,1,1,front-notes-title,Data AvailabilityAll raw and processed data for this paper are shared at ScholarsArchive@OSU - Oregon State University's repository for scholarly materials. Data may be accessed at: http://dx.doi.org/10.7267/N9W66HPQ.
PMC4774896,26370729,comparison,2015,Psychological medicine,1,1,none,
PMC4777572,26938879,comparison,2016,PloS one,1,1,front-notes-title,Data AvailabilityAll relevant data are within the paper and its Supporting Information files.
PMC4779927,26973400,comparison,2016,World journal of gastroenterology,1,0,none,
PMC4784383,26956181,comparison,2016,BMC complementary and alternative medicine,1,1,none,
PMC4785311,26936908,comparison,2016,BMJ open,1,1,none,
PMC4792237,26976019,comparison,2016,Clinical and experimental otorhinolaryngology,1,1,none,
PMC4804439,26904992,comparison,2016,Chinese medical journal,1,1,none,
PMC4805252,27008536,comparison,2016,PloS one,1,1,front-notes-title,Data AvailabilityAll relevant data are within the paper and its Supporting Information files.
PMC4808456,26804762,comparison,2016,Ophthalmology,1,1,none,
PMC481067,15236664,comparison,2004,BMC medical research methodology,1,1,none,
PMC4816296,27031618,comparison,2016,PloS one,1,1,front-notes-title,"Data AvailabilityData are from the included studies whose authors may be contacted at doi: 10.1006/gyno.1997.4914, doi: 10.1097/pas.0000000000000454, doi: 10.1002/ijc.25629, doi: 10.1016/j.ygyno.2004.07.026, doi: 10.1007/s13277-013-0955-0, doi: Paor.2006.12.3.0153, doi: 10.1097/01.pai.0000213118.81343.32, Int J Gynecol Pathol. 2006 Jan;25(1):22-9. from Pubmed, Web of Science and Embase, Chinese articles from Sichuan Medical Journal (05):405-406,Maternal and Child Health Care of China (22):3168-3170., Master thesis: Qingdao University. hin J Clin Oncol Rehabil (01):6-8., Master thesis: China Medical University. from CNKI database."
PMC4818385,27039079,comparison,2016,BMC public health,1,1,none,
PMC4818387,27042293,exposed,2016,GigaScience,1,1,none,
PMC4819934,26847617,comparison,2016,International journal of colorectal disease,1,1,none,
PMC4820973,27044264,comparison,2016,BMC medical education,1,1,none,
PMC4822312,27048501,comparison,2016,Reproductive health,1,1,none,
PMC4825335,27069444,comparison,2016,Radiology and oncology,1,1,none,
PMC4827640,27077047,comparison,2015,Biomolecular detection and quantification,1,1,none,
PMC4830322,25963363,comparison,2015,Chinese medical journal,1,1,none,
PMC4832335,26220709,exposed,2015,Human mutation,1,1,none,
PMC4833052,27114919,comparison,2016,Meta gene,1,1,none,
PMC4838306,27096951,comparison,2016,PloS one,1,1,front-notes-title,Data AvailabilityAll data are contained in the paper and its Supporting Information files.
PMC4838717,27067893,comparison,2016,BMJ open,1,1,none,
PMC4839892,26986111,comparison,2016,Medicine,1,1,none,
PMC4839926,26986145,comparison,2016,Medicine,1,1,none,
PMC4844274,27102449,comparison,2016,Medical science monitor : international medical journal of experimental and clinical research,1,1,none,
PMC4848913,27043536,comparison,2016,International journal of molecular sciences,1,1,none,
PMC4852360,27195302,comparison,2016,Journal of diabetes research,1,1,none,
PMC4854655,27152309,comparison,2016,Journal of menopausal medicine,1,1,none,
PMC4856419,27419046,comparison,2016,FEBS open bio,1,1,none,
PMC4857040,27199606,exposed,2016,ZooKeys,1,1,none,
PMC4859545,27153114,comparison,2016,PloS one,1,1,front-notes-title,Data AvailabilityAll relevant data are within the paper and its Supporting Information files.
PMC4865119,27171007,exposed,2016,PLoS biology,1,1,front-notes-title,"Data AvailabilityAll data and materials are publicly accessible at https://osf.io/rfgdw/. Also, we preregistered our study design and analysis plan. You can find the preregistration at https://osf.io/ipkea/."
PMC4870738,27195107,exposed,2016,GigaScience,1,1,none,
PMC4871926,26821358,comparison,2016,International archives of occupational and environmental health,1,1,none,
PMC4872963,23579739,comparison,2013,"Einstein (Sao Paulo, Brazil)",1,1,none,
PMC4873261,27196439,comparison,2016,PloS one,1,1,front-notes-title,Data AvailabilityAll relevant data are within the paper and its Supporting Information files.
PMC4878797,27218655,comparison,2016,PLoS medicine,1,1,front-notes-title,"Data AvailabilityThe reference list of included articles, raw data and statistical analysis code are publicly available from the Open Science Framework (DOI: osf.io/7mn8e)."
PMC4883817,27284255,comparison,2016,OncoTargets and therapy,1,1,none,
PMC4885602,27242038,exposed,2016,Database : the journal of biological databases and curation,1,1,none,
PMC4886629,27243945,comparison,2016,Scientific reports,1,1,none,
PMC4889846,27298732,comparison,2016,Journal of ophthalmology,1,1,none,
PMC4890757,27253331,comparison,2016,PloS one,1,1,front-notes-title,Data AvailabilityAll relevant data are within the paper and its Supporting Information files.
PMC4893854,27259528,comparison,2016,BMJ open,1,1,none,
PMC4897597,26472296,comparison,2015,Physical therapy,1,0,none,
PMC4900647,27280407,comparison,2016,PloS one,1,1,front-notes-title,Data AvailabilityAll relevant data are within the paper.
PMC4902221,27285387,comparison,2016,PloS one,1,1,front-notes-title,Data AvailabilityAll relevant data are within the paper and its Supporting Information files.
PMC4906922,27347104,comparison,2016,Oncology letters,1,1,none,
PMC4910665,27340361,comparison,2016,World journal of gastroenterology,1,0,none,
PMC4912080,27314853,comparison,2016,PloS one,1,1,front-notes-title,Data AvailabilityAll relevant data are within the paper and its Supporting Information files.
PMC4912966,26861737,comparison,2016,Pain and therapy,1,1,none,
PMC4915899,26554798,comparison,2015,Medicine,1,1,none,
PMC4918126,27334018,comparison,2016,Trials,1,1,none,
PMC4919536,27428439,comparison,2016,EBioMedicine,1,1,none,
PMC4920154,27483498,exposed,2016,Disease models & mechanisms,1,1,none,
PMC4927102,27355649,comparison,2016,PloS one,1,1,front-notes-title,Data AvailabilityAll relevant data are within the paper and its Supporting Information files.
PMC4937963,27368049,comparison,2016,Medicine,1,1,none,
PMC4940607,27349305,comparison,2016,Journal of medical Internet research,1,1,none,
PMC4940871,27401875,comparison,2016,Journal of orthopaedic surgery and research,1,1,back-sec-title,"Availability of data and materialAs a meta-analysis, all raw data of this study are extracted from seven included studies. The datasets supporting the conclusions of this article are available in the seven included studies [21–27]."
PMC4944926,27468249,comparison,2016,Clinical epidemiology,1,1,none,
PMC4947788,27371555,comparison,2016,BMJ open,1,1,none,
PMC4956043,27441570,comparison,2016,PloS one,1,1,front-notes-title,Data AvailabilityAll relevant data are within the paper and its Supporting Information files.
PMC4958862,27499958,comparison,2016,Journal of thoracic disease,1,0,none,
PMC4959364,27454467,exposed,2016,Biomedical engineering online,1,1,none,
PMC4960395,27401660,comparison,2016,Yonsei medical journal,1,1,none,
PMC4960739,27455845,comparison,2016,BMC psychiatry,1,1,back-sec-title,Availability of data and materialsThe datasets supporting the conclusions of this article are included within the article and its additional files.
PMC4961396,27459365,comparison,2016,PloS one,1,1,front-notes-title,Data AvailabilityAll relevant data are within the paper and its Supporting Information files.
PMC4961451,27459193,comparison,2016,PloS one,1,1,front-notes-title,Data AvailabilityAll relevant data are within the paper and its Supporting Information files.
PMC4963137,27463246,comparison,2016,PloS one,1,1,front-notes-title,Data AvailabilityAll relevant data are within the paper and its Supporting Information files and at the following https://figshare.com/articles/Trastuzumab_preclinical_SRMA_-_raw_dataset/3406513.
PMC4967498,23817350,comparison,2013,Nature reviews. Neurology,1,1,none,
PMC4967812,26132578,exposed,2015,"Health technology assessment (Winchester, England)",1,0,none,
PMC4968033,27474138,comparison,2016,Perspectives on psychological science : a journal of the Association for Psychological Science,1,1,none,
PMC4979242,26304898,comparison,2015,Journal of clinical oncology : official journal of the American Society of Clinical Oncology,1,0,none,
PMC4979793,27495039,comparison,2016,Medicine,1,1,none,
PMC4980763,27511796,comparison,2016,Scientific reports,1,1,none,
PMC4981347,27513564,comparison,2016,PloS one,1,1,front-notes-title,Data AvailabilityAll relevant data are within the paper and its Supporting Information files.
PMC4989384,27535548,comparison,2016,BMC cancer,1,1,back-sec-title,Availability of data and materialsThe datasets supporting the conclusions of this article are included within the article and its additional files.
PMC4995498,27407173,comparison,2016,Bioscience reports,1,1,none,
PMC4996262,27357636,exposed,2016,Cardiovascular research,1,1,none,
PMC4998362,27015167,comparison,2016,Medicine,1,1,none,
PMC4998406,27015211,comparison,2016,Medicine,1,1,none,
PMC5003081,27601916,comparison,2016,OncoTargets and therapy,1,1,none,
PMC5004819,27688834,comparison,2016,American health & drug benefits,1,0,none,
PMC5005734,27747697,comparison,2016,International journal of implant dentistry,1,1,none,
PMC5008478,26656333,comparison,2015,Medicine,1,1,none,
PMC5008480,26656335,comparison,2015,Medicine,1,1,none,
PMC5008543,27583859,comparison,2016,Medicine,1,1,none,
PMC5010762,27590604,comparison,2016,BMC geriatrics,1,1,back-sec-title,Availability of data and materialsThe dataset supporting the conclusions of this article are presented in the tables within the manuscript and supplementary materials.
PMC5013326,27600024,comparison,2016,Scientific reports,1,1,none,
PMC5014984,27558834,comparison,2016,Journal of medical Internet research,1,1,none,
PMC5015251,27610356,comparison,2016,Journal of diabetes and metabolic disorders,1,1,back-sec-title,Availability of data and materialsData on which this article is based are available from the authors on request.
PMC5016957,27612877,comparison,2016,Orphanet journal of rare diseases,1,1,back-sec-title,Availability of data and materialData supporting the findings of this study are included in this published article and its supplementary information files. The datasets generated during and/or analysed during the current study are available from the corresponding author upon reasonable request.
PMC5017877,27611583,comparison,2016,PloS one,1,1,front-notes-title,Data AvailabilityAll relevant data are within the paper and its Supporting Information files.
PMC5019567,27631029,exposed,2013,"Data integration in the life sciences : ... International Workshop, DILS ... : proceedings. DILS (Conference)",1,1,none,
PMC5020078,27679558,exposed,2016,Frontiers in neuroscience,1,1,none,
PMC5020579,27668084,comparison,2015,Evidence-based preclinical medicine,1,1,none,
PMC5021649,27652121,comparison,2016,SpringerPlus,1,1,none,
PMC5023900,27603377,comparison,2016,Medicine,1,1,none,
PMC5025908,27656610,comparison,2016,Advanced biomedical research,1,1,none,
PMC5029817,27649528,comparison,2016,PLoS medicine,1,1,front-notes-title,Data AvailabilityAll data are within the paper and its Supporting Information files.
PMC5045033,26905373,comparison,2016,The Cochrane database of systematic reviews,1,0,none,
PMC5046161,27401803,comparison,2016,Journal of cerebral blood flow and metabolism : official journal of the International Society of Cerebral Blood Flow and Metabolism,1,1,none,
PMC5051435,27650765,comparison,2016,BMJ open,1,1,none,
PMC5052771,27757242,comparison,2016,JRSM open,1,1,none,
PMC5064790,27737631,comparison,2016,BMC medical research methodology,1,1,back-sec-title,Availability of data and materialsThe datasets during and/or analyzed during the current study available from the corresponding author on reasonable request.
PMC5064935,27737710,comparison,2016,Systematic reviews,1,1,back-sec-title,Availability of data and materialsAdditional file 3 contains the complete PMID list of included studies accompanied with journal name. Other data are available on request.
PMC5065258,27785055,comparison,2016,OncoTargets and therapy,1,1,none,
PMC5065559,27525656,comparison,2016,Journal of assisted reproduction and genetics,1,0,none,
PMC5066955,27749930,comparison,2016,PloS one,1,1,front-notes-title,Data AvailabilityAll relevant data are within the paper and its Supporting Information files.
PMC5069996,27756332,comparison,2016,Reproductive biology and endocrinology : RB&E,1,1,back-sec-title,Availability of data and materialsThe datasets supporting the conclusions of this article are included within the article.
PMC5072958,27741131,comparison,2016,Medicine,1,1,none,
PMC5073489,27737882,exposed,2016,BMJ open,1,1,none,
PMC5083037,26146755,exposed,2015,Harvard review of psychiatry,1,1,none,
PMC5107265,27094521,comparison,2016,"Neurosciences (Riyadh, Saudi Arabia)",1,1,none,
PMC5107493,27867572,comparison,2016,Journal of thoracic disease,1,0,none,
PMC5107915,27841367,comparison,2016,Scientific reports,1,1,none,
PMC5112731,27852288,comparison,2016,Chinese journal of cancer,1,1,none,
PMC5116815,27866472,comparison,2016,Alzheimer's research & therapy,1,1,back-sec-title,Availability of data and materialsNot applicable.
PMC5124679,27965889,comparison,2016,Journal of ophthalmology,1,1,none,
PMC5126856,27894295,comparison,2016,BMC medicine,1,1,none,
PMC5127572,27898705,comparison,2016,PloS one,1,1,front-notes-title,Data AvailabilityAll relevant data are within the paper and its Supporting Information files.
PMC5128905,27872116,comparison,2016,BMJ open,1,1,none,
PMC5128996,27864250,comparison,2016,BMJ open,1,1,none,
PMC5129217,27899150,comparison,2016,BMC medicine,1,1,back-sec-title,Availability of data and materialsAll data are available for academic researchers upon request.
PMC5129348,27854255,comparison,2016,International journal of environmental research and public health,1,1,none,
PMC5130324,27909654,comparison,2016,International journal of spine surgery,1,0,none,
PMC5133591,27910873,comparison,2016,Scientific reports,1,1,none,
PMC5135049,27911901,comparison,2016,PloS one,1,1,front-notes-title,Data AvailabilityThe original data files are available from the figshare database (accession number 10.6084/m9.figshare.3796155).
PMC5142807,27926919,comparison,2016,PLoS neglected tropical diseases,1,1,front-notes-title,Data AvailabilityAll relevant data are within the paper and its Supporting Information files.
PMC5148639,27450931,comparison,2016,"Addiction (Abingdon, England)",1,1,none,
PMC5148658,27312228,comparison,2016,Journal of clinical epidemiology,1,1,none,
PMC5149115,27297680,comparison,2016,European urology,1,1,none,
PMC5153252,27870924,comparison,2016,eLife,1,1,none,
PMC5154189,27958344,comparison,2016,Scientific reports,1,1,none,
PMC5156378,27973571,comparison,2016,PloS one,1,1,front-notes-title,"Data AvailabilityDue to confidentiality agreements between the Central Committee on Research Involving Human Subjects (CCMO) and trial applicants, we are not permitted to publish any data relating to individual companies, drugs, or investigators. Therefore, we uploaded the dataset containing all variables used in our analyses, but excluding identification numbers, titles, and drug names as Supporting Information to the paper."
PMC5168538,27881524,exposed,2016,BMJ open,1,1,none,
PMC5168695,27965249,comparison,2016,BMJ open,1,1,none,
PMC5171544,27830254,exposed,2016,Yearbook of medical informatics,1,0,none,
PMC517858,15451835,comparison,2004,CMAJ : Canadian Medical Association journal = journal de l'Association medicale canadienne,1,0,none,
PMC5178806,27884850,exposed,2016,BMJ open,1,1,none,
PMC5193327,27664214,comparison,2016,"Human reproduction (Oxford, England)",1,1,none,
PMC5198533,27958230,comparison,2016,Chinese medical journal,1,1,none,
PMC5215197,28070282,exposed,2016,Ecology and evolution,1,1,none,
PMC5217955,28060869,comparison,2017,PloS one,1,1,front-notes-title,Data AvailabilityAll relevant data are within the paper and its Supporting Information files.
PMC5223007,28115787,comparison,2016,Disease markers,1,1,none,
PMC523109,15469946,comparison,2004,BMJ (Clinical research ed.),1,0,none,
PMC5234152,28086754,comparison,2017,BMC geriatrics,1,1,back-sec-title,"Availability of data and materialsData collection forms and protocols are available from the primary author. Data is not available for researchers outside of the co-investigators. This protocol is registered with ClinicalTrials.gov ID: NCT02800291, retrospectively registered June 7, 2016."
PMC5240197,28095769,comparison,2017,BMC bioinformatics,1,1,back-sec-title,Availability of data and materialsProject name: PCM-SABREProject home page: http://erubin85.wixsite.com/website/pcm-sabre Operating system: WindowsProgramming language: RThe dataset analyzed during the current study is available in https://drive.google.com/file/d/0B9pANNl-7eDdX1FpdzU4RTE2QkE/view?usp=sharing
PMC5251172,28127355,comparison,2016,Iranian journal of parasitology,1,1,none,
PMC5251322,28109324,comparison,2017,Trials,1,1,back-sec-title,Availability of data and materialsAll data generated or analyzed during this study are included in this published article.
PMC5253553,28087553,comparison,2017,BMJ open,1,1,none,
PMC5253595,28104710,exposed,2017,BMJ open,1,1,none,
PMC5258684,27576241,exposed,2016,IEEE transactions on bio-medical engineering,1,1,none,
PMC526263,15500690,comparison,2004,BMC medicine,1,1,none,
PMC5265781,27442664,comparison,2016,Medicine,1,1,none,
PMC5291568,26825898,comparison,2016,Medicine,1,1,none,
PMC5292645,28051764,comparison,2016,"Health technology assessment (Winchester, England)",1,0,none,
PMC5292811,28162095,comparison,2017,Infectious diseases of poverty,1,1,back-sec-title,Availability of data and materialsWe declare that the data supporting the conclusions of this article are fully described in the article.
PMC5302962,27486968,comparison,2016,Oncotarget,1,1,none,
PMC5306508,28188154,comparison,2017,BMJ open,1,1,none,
PMC5308020,28139521,comparison,2017,Chinese medical journal,1,1,none,
PMC5310957,28228693,comparison,2016,Journal of chiropractic medicine,1,0,none,
PMC5318285,27793332,exposed,2016,Biological psychiatry,1,1,none,
PMC5320705,28348833,exposed,2016,Microbial genomics,1,1,none,
PMC5323148,27533449,comparison,2016,Oncotarget,1,1,none,
PMC5323388,28286481,comparison,2017,Frontiers in pharmacology,1,1,none,
PMC5325449,27608842,comparison,2016,Oncotarget,1,1,none,
PMC5329645,28193600,comparison,2017,Journal of medical Internet research,1,1,none,
PMC5329886,28352854,comparison,2016,"Open medicine (Warsaw, Poland)",1,1,none,
PMC5333253,28269904,comparison,2017,AMIA ... Annual Symposium proceedings. AMIA Symposium,1,0,none,
PMC5340435,28248862,comparison,2017,Medicine,1,1,none,
PMC534108,15518593,comparison,2004,BMC public health,1,1,none,
PMC5342026,27661122,comparison,2016,Oncotarget,1,1,none,
PMC5344319,28278178,comparison,2017,PloS one,1,1,front-notes-title,Data AvailabilityAll relevant data are within the paper and its Supporting Information files.
PMC5346905,28253087,comparison,2017,Omics : a journal of integrative biology,1,0,none,
PMC5348436,27835910,comparison,2016,Oncotarget,1,1,none,
PMC5354268,28182585,comparison,2017,Anesthesiology,1,1,none,
PMC5360041,28320408,comparison,2017,The international journal of behavioral nutrition and physical activity,1,1,back-sec-title,Availability of data and materialsThe datasets supporting the conclusions of this article are included within the article and its additional files.
PMC5360893,28270383,comparison,2017,JMIR research protocols,1,1,none,
PMC5365162,28525530,comparison,2015,Bone reports,1,1,none,
PMC5365367,28161155,comparison,2017,The American journal of geriatric psychiatry : official journal of the American Association for Geriatric Psychiatry,1,1,none,
PMC5369123,28282955,comparison,2017,International journal of environmental research and public health,1,1,none,
PMC5369879,28296724,comparison,2017,Medicine,1,1,none,
PMC5373625,28358870,comparison,2017,PloS one,1,1,front-notes-title,Data AvailabilityAll relevant data are within the paper and its Supporting Information files.
PMC5374136,28405152,comparison,2017,World journal of gastroenterology,1,1,none,
PMC5374909,28413659,comparison,2017,Molecular and clinical oncology,1,0,none,
PMC5377877,27785668,comparison,2016,Journal of general internal medicine,1,0,none,
PMC5379714,28376711,comparison,2017,BMC gastroenterology,1,1,back-sec-title,Availability of data and materialsInput data for the analyses are available from the corresponding author on request.
PMC5384677,28388646,comparison,2017,PloS one,1,1,front-notes-title,Data AvailabilityAll relevant data are within the paper and its Supporting Information files.
PMC5390347,28403841,comparison,2017,BMC veterinary research,1,1,back-sec-title,Availability of data and materialsAdditional file 1. Supplementary excel file is included.
PMC5391793,28413722,comparison,2017,PeerJ,1,1,none,
PMC5394671,28404779,exposed,2017,Proceedings. Biological sciences,1,1,none,
PMC5395863,28420349,comparison,2017,BMC medical research methodology,1,1,back-sec-title,Availability of data and materialsThe datasets analyzed during the current study are available at http://dx.doi.org/10.7939/DVN/10866.
PMC5402607,27631264,comparison,2016,Medicine,1,1,none,
PMC5409080,28453528,comparison,2017,PloS one,1,1,front-notes-title,Data AvailabilityAll relevant data are within the paper and provided as supplementary files to the manuscript.
PMC5413253,28445288,comparison,2017,Medicine,1,1,none,
PMC5413281,28445316,comparison,2017,Medicine,1,1,none,
PMC5419364,28970397,comparison,2016,"Pharmacy (Basel, Switzerland)",1,1,none,
PMC5421928,28445963,comparison,2017,Oncotarget,1,1,none,
PMC5425617,28416287,comparison,2017,Stem cell reports,1,1,none,
PMC5428588,28489754,comparison,2017,Medicine,1,1,none,
PMC5428596,28489762,comparison,2017,Medicine,1,1,none,
PMC5430005,28522943,comparison,2017,Intestinal research,1,1,none,
PMC5431459,28529738,comparison,2017,Biomedical reports,1,0,none,
PMC5432289,28416762,comparison,2017,Oncotarget,1,1,none,
PMC5434499,28515814,comparison,2017,Canadian Urological Association journal = Journal de l'Association des urologues du Canada,1,0,none,
PMC5435213,28959485,comparison,2017,Stroke and vascular neurology,1,1,none,
PMC5435651,28567215,comparison,2017,Clinics in orthopedic surgery,1,1,none,
PMC5442012,28138874,comparison,2017,Journal of general internal medicine,1,0,none,
PMC5444406,28730169,comparison,2017,"Open medicine (Warsaw, Poland)",1,1,none,
PMC5446608,28151039,comparison,2017,Journal of women's health (2002),1,0,none,
PMC5451095,28562636,comparison,2017,PloS one,1,1,front-notes-title,Data AvailabilityAll relevant data are within the paper and its Supporting Information files.
PMC5459698,28562533,comparison,2017,Medicine,1,1,none,
PMC5461896,28620458,comparison,2017,F1000Research,1,1,none,
PMC5463259,28533424,comparison,2017,Bioscience reports,1,1,none,
PMC5468171,27058059,comparison,2016,Environmental science & technology,1,1,none,
PMC5470677,28614415,comparison,2017,PloS one,1,1,front-notes-title,"Data AvailabilityThe list of assessed publications, the applied data extraction form as well as the analysed data set are part of supporting information."
PMC5471922,28730172,comparison,2017,"Open medicine (Warsaw, Poland)",1,1,none,
PMC5475387,28674505,comparison,2017,Frontiers in psychiatry,1,1,none,
PMC5480205,28637435,comparison,2017,BMC ophthalmology,1,1,back-sec-title,"Availability of data and materialsThe datasets supporting the conclusions of this article has been shared in the Figures and Tables. In addition, the results from search strategies for databases, PRISMA Checklist, and NQS checklist can be found as supplementary file to this article."
PMC5493849,28666443,comparison,2017,International journal for equity in health,1,1,back-sec-title,Availability of data and materialsNot applicable.
PMC5494826,28669351,comparison,2017,Systematic reviews,1,1,back-sec-title,"Availability of data and materialsAll data generated or analysed during this study are included in this published article and its Additional files 1, 2, and 3."
PMC5497345,28676066,comparison,2017,Trials,1,1,none,
PMC5497361,28695098,comparison,2017,Health promotion perspectives,1,1,none,
PMC5500050,28658128,comparison,2017,Medicine,1,1,none,
PMC5501347,28683761,comparison,2017,BMC research notes,1,1,back-sec-title,Availability of data and materialsThe dataset analyzed during the current study are available from the corresponding author on reasonable request.
PMC5502162,28682889,comparison,2017,Medicine,1,1,none,
PMC5503656,28418854,comparison,2017,Oncotarget,1,1,none,
PMC5509698,28706222,comparison,2017,Scientific reports,1,1,none,
PMC5512861,28729765,comparison,2017,Bioinformation,1,1,none,
PMC5514443,28740942,comparison,2017,"African journal of traditional, complementary, and alternative medicines : AJTCAM",1,1,none,
PMC5514904,28410223,comparison,2017,Oncotarget,1,1,none,
PMC5518263,28765677,comparison,2017,Shanghai archives of psychiatry,1,1,none,
PMC5519049,28727834,comparison,2017,PloS one,1,1,front-notes-title,Data AvailabilityAll relevant data are within the paper. All extracted data for this study are publicly available on figshare (https://figshare.com/articles/Selective_Reporting_Bias_in_Neurology_Project_date_06_01_16-07_01_16/3799503).
PMC5519149,28727831,comparison,2017,PloS one,1,1,front-notes-title,Data AvailabilityAll relevant data are within the paper and its Supporting Information files.
PMC5521944,28723804,comparison,2017,Medicine,1,1,none,
PMC5522984,28761574,comparison,2017,"Current therapeutic research, clinical and experimental",1,1,none,
PMC5527227,28785189,comparison,2017,Current urology,1,0,none,
PMC5542243,28526808,comparison,2017,Oncotarget,1,1,none,
PMC5551268,28737729,comparison,2017,International journal of environmental research and public health,1,1,none,
PMC5552221,28797050,comparison,2017,PloS one,1,1,front-notes-title,Data AvailabilityAll relevant data are within the paper and its Supporting Information files.
PMC5553133,28828407,comparison,2017,"Open medicine (Warsaw, Poland)",1,1,none,
PMC5554848,28861355,comparison,2017,International journal of ophthalmology,1,0,none,
PMC555875,15681569,comparison,2005,BMJ (Clinical research ed.),1,0,none,
PMC5566942,28450467,comparison,2017,BMJ open,1,1,none,
PMC5569497,28852476,comparison,2017,Antimicrobial resistance and infection control,1,1,back-sec-title,Availability of data and materialsThe data supporting the conclusions of this article are included within the article and its supporting information.
PMC5572018,28834896,comparison,2017,Medicine,1,1,none,
PMC5572704,28842667,comparison,2017,Scientific reports,1,1,none,
PMC5577688,28861213,comparison,2017,Clinical and translational allergy,1,1,back-sec-title,Availability of data and materialsAll data generated or analysed during this study are included in this published article.
PMC5580431,28928951,exposed,2017,F1000Research,1,1,none,
PMC5581189,27488300,comparison,2016,Spine,1,1,none,
PMC5584268,28881667,comparison,2017,Oncotarget,1,1,none,
PMC5584307,28881706,comparison,2017,Oncotarget,1,1,none,
PMC5584398,28872630,exposed,2017,Scientific data,1,1,none,
PMC5585517,28858123,comparison,2017,Medicine,1,1,none,
PMC5589018,28882924,comparison,2017,BMJ open,1,1,none,
PMC5595182,28893755,comparison,2017,BMJ open,1,1,none,
PMC5595200,28893741,comparison,2017,BMJ open,1,1,none,
PMC5598338,28875961,comparison,2017,Chinese medical journal,1,1,none,
PMC5600407,28873394,exposed,2017,PLoS neglected tropical diseases,1,1,front-notes-title,Data AvailabilityAll relevant data are within the paper and its Supporting Information files.
PMC5601760,28938664,comparison,2017,Oncotarget,1,1,none,
PMC5601771,28938675,comparison,2017,Oncotarget,1,1,none,
PMC5604503,28923006,exposed,2017,BMC medical research methodology,1,1,back-sec-title,Availability of data and materialsData and associated materials related to this work can be accessed within a designated WashingtonUniversity in St. Louis Center for Biomedical Informatics Github repository: https://github.com/CBMIWU/Research_Reproducibility and within the RepeAT project's Open Science Framework repository: https://osf.io/ppnwa/.
PMC5614766,29033583,comparison,2017,OncoTargets and therapy,1,1,none,
PMC5615774,29034080,comparison,2017,F1000Research,1,1,none,
PMC5623462,28947458,comparison,2017,BMJ open,1,1,none,
PMC5623467,28963305,comparison,2017,BMJ open,1,1,none,
PMC5626653,28850857,comparison,2017,Journal of affective disorders,1,1,none,
PMC5627501,29018840,exposed,2017,Wellcome open research,1,1,none,
PMC5627758,29026323,comparison,2017,Infection and drug resistance,1,1,none,
PMC5628565,28654301,comparison,2017,"Journal of alternative and complementary medicine (New York, N.Y.)",1,1,none,
PMC5629708,28851783,comparison,2017,BMJ open,1,1,none,
PMC5640073,28988181,comparison,2017,BMJ open,1,1,none,
PMC5640136,28918414,comparison,2017,BMJ open,1,1,none,
PMC5643276,29085200,comparison,2017,World journal of gastroenterology,1,1,none,
PMC5645696,28532309,comparison,2017,Global health action,1,1,none,
PMC5649003,29075491,comparison,2017,Molecular and clinical oncology,1,0,none,
PMC5650432,29088877,comparison,2017,Oncotarget,1,1,none,
PMC5652565,29018068,comparison,2017,BMJ open,1,1,none,
PMC5652616,29018065,comparison,2017,BMJ open,1,1,none,
PMC5654215,29109933,comparison,2017,Perspectives in clinical research,1,1,none,
PMC5655447,29065191,comparison,2017,PloS one,1,1,front-notes-title,Data AvailabilityAll relevant data are within the paper and its Supporting Information files.
PMC5658475,28660317,comparison,2017,Journal of neuro-oncology,1,1,none,
PMC5662702,28840547,comparison,2017,"Attention, perception & psychophysics",1,1,none,
PMC5663599,29137427,comparison,2017,Oncotarget,1,1,none,
PMC5665265,29061618,comparison,2017,BMJ open,1,1,none,
PMC5665325,29074519,comparison,2017,BMJ open,1,1,none,
PMC5665327,29070637,comparison,2017,BMJ open,1,1,none,
PMC5665376,28402243,exposed,2017,The New England journal of medicine,1,1,none,
PMC5665416,29098119,exposed,2017,BioResearch open access,1,1,none,
PMC5667361,25621442,exposed,2015,Journal of public health management and practice : JPHMP,1,1,none,
PMC5676763,29152549,comparison,2017,"Bladder cancer (Amsterdam, Netherlands)",1,1,none,
PMC5680828,29121891,comparison,2017,BMC medical education,1,1,back-sec-title,Availability of data and materialsThe datasets used and/or analyzed during the current study are available from the corresponding author on reasonable request.
PMC5684121,29170653,comparison,2017,Frontiers in endocrinology,1,1,none,
PMC5689195,29147043,comparison,2017,Bulletin of the World Health Organization,1,1,none,
PMC5690508,27929498,comparison,2016,Journal of applied clinical medical physics,1,1,none,
PMC5693737,28802556,comparison,2017,Gastrointestinal endoscopy,1,1,none,
PMC5694177,28809372,comparison,2017,"Medicina oral, patologia oral y cirugia bucal",1,1,none,
PMC5695336,29122791,comparison,2017,BMJ open,1,1,none,
PMC5700002,28707147,comparison,2017,Journal of assisted reproduction and genetics,1,0,none,
PMC5701084,29201942,comparison,2017,"Journal of medical imaging (Bellingham, Wash.)",1,1,none,
PMC5708196,29225476,comparison,2017,Infection and drug resistance,1,1,none,
PMC5716786,29228746,comparison,2017,Oncotarget,1,1,none,
PMC5719002,29089462,comparison,2017,Bioscience reports,1,1,none,
PMC5722592,29228640,comparison,2017,Oncotarget,1,1,none,
PMC5723080,29221458,comparison,2017,Trials,1,1,back-sec-title,Availability of data and materialsThe datasets used and/or analysed during the current study are available from the corresponding author on reasonable request.
PMC5724140,28775196,comparison,2017,BMJ open,1,1,none,
PMC5725611,29026008,comparison,2017,Bioscience reports,1,1,none,
PMC5726029,29233108,comparison,2017,BMC pulmonary medicine,1,1,back-sec-title,Availability of data and materialsAll data generated or analysed during this study are included in this published article.
PMC5728061,29233094,comparison,2017,BMC cardiovascular disorders,1,1,back-sec-title,Availability of data and materialsAll data generated or analyzed during this study are included in this published article and its Additional file 1.
PMC5728912,29245297,comparison,2017,Medicine,1,1,none,
PMC5739785,29291000,comparison,2017,Oncotarget,1,1,none,
PMC5740861,29268723,comparison,2017,BMC psychiatry,1,1,back-sec-title,Availability of data and materialsAvailable upon request to the corresponding author Tubao Yang: 1064960669@qq.com.
PMC5742660,29229588,comparison,2017,Journal of medical Internet research,1,1,none,
PMC5743605,29196062,comparison,2017,The lancet. Psychiatry,1,1,none,
PMC5747101,29284417,comparison,2017,BMC medical research methodology,1,1,back-sec-title,Availability of data and materialsThe protocolo of the study is freely accesible at PROSPERO International Prospective Register of Systematic Reviews (PROSPERO 2016: CRD42016053181). Raw data and R code script may be downloaded to reproduce our results from our GitHub public repository at (https://github.com/info4cure/prismaForabstractsPsoriasis).Our analysis can be fully reproduced by using several source files containing raw data and R scripts stored at our GitHub hosting repository (https://github.com/info4cure/prismaForabstractsPsoriasis).
PMC5750957,29292769,comparison,2017,International journal of environmental research and public health,1,1,none,
PMC5755295,29304815,comparison,2018,Lipids in health and disease,1,1,back-sec-title,Availability of data and materialsPlease contact author for data requests.
PMC5763300,29322912,exposed,2017,BMC bioinformatics,1,1,back-sec-title,Availability of data and materialsAll data is available at https://github.com/shenay/CellNomenclatureStudy
PMC5767019,29329579,comparison,2018,Systematic reviews,1,1,back-sec-title,Availability of data and materialsNot applicable.
PMC5767065,29329559,comparison,2018,Trials,1,1,back-sec-title,Availability of data and materialsNot applicable
PMC5770895,29284712,comparison,2017,BMJ open,1,1,none,
PMC5778278,29247107,comparison,2017,BMJ open,1,1,none,
PMC5778929,28874099,comparison,2017,The journal of spinal cord medicine,1,0,none,
PMC5780643,28126598,comparison,2017,Journal of clinical epidemiology,1,1,none,
PMC5781011,29326186,comparison,2018,BMJ open,1,1,none,
PMC5786866,29403343,comparison,2018,Frontiers in neuroscience,1,1,none,
PMC5787236,29373996,comparison,2018,"Critical care (London, England)",1,1,back-sec-title,Availability of data and materialsAll data generated or analysed during this study are included in this published article (and its Additional files 1 and 2).
PMC5787340,29374489,comparison,2018,"Critical care (London, England)",1,1,back-sec-title,Availability of data and materialsAll data generated or analysed during this study are included in this published article.
PMC5787714,29404354,comparison,2018,Annals of translational medicine,1,0,none,
PMC5790085,29416444,comparison,2018,Core evidence,1,1,none,
PMC5792726,29297603,comparison,2018,Thoracic cancer,1,1,none,
PMC5793987,29451541,exposed,2016,Research integrity and peer review,1,1,none,
PMC5794382,29369198,comparison,2018,Medicine,1,1,none,
PMC5800934,29484142,comparison,2017,Oncotarget,1,1,none,
PMC5803636,29451553,comparison,2017,Research integrity and peer review,1,1,back-sec-title,Availability of data and materialsThe datasets for this study is available from the corresponding author on reasonable request and is a copy of our data extraction tool.
PMC5805284,29420636,comparison,2018,PloS one,1,1,front-notes-title,Data AvailabilityAll relevant data are within the paper and its Supporting Information files.
PMC5806612,29472799,exposed,2018,Biochemia medica,1,1,none,
PMC5808091,29479297,exposed,2017,Metabolomics : Official journal of the Metabolomic Society,1,1,none,
PMC5811827,27690184,comparison,2016,The European journal of neuroscience,1,1,none,
PMC5814233,29464093,comparison,2017,Oncotarget,1,1,none,
PMC5818784,28892118,comparison,2017,JAMA,1,0,none,
PMC5819722,29688354,exposed,2018,Database : the journal of biological databases and curation,1,1,none,
PMC5822627,29467013,comparison,2018,Trials,1,1,back-sec-title,Availability of data and materialsNot applicable
PMC5823986,29400018,comparison,2018,Journal of gynecologic oncology,1,1,none,
PMC5827695,29485621,exposed,2018,Scientific data,1,1,none,
PMC5829436,29623148,comparison,2018,Pain research & management,1,1,none,
PMC5829901,29453302,comparison,2018,BMJ open,1,1,none,
PMC5831882,29507766,comparison,2016,Research involvement and engagement,1,1,back-sec-title,Availability of data and materialsAll included papers are freely available.
PMC5833131,29499672,comparison,2018,BMC public health,1,1,back-sec-title,Availability of data and materialsNot Applicable.
PMC5841737,29513684,comparison,2018,PloS one,1,1,front-notes-title,Data AvailabilityAll underlying data are shared alongside this manuscript on FigShare (URL: https://doi.org/10.6084/m9.figshare.5264086).
PMC5846057,29471308,comparison,2018,British journal of cancer,1,1,none,
PMC5855401,29476029,exposed,2018,BMJ open,1,1,none,
PMC5858263,29364171,comparison,2018,International journal of environmental research and public health,1,1,none,
PMC5860170,29077811,exposed,2017,"Bioinformatics (Oxford, England)",1,1,none,
PMC5861495,26052651,comparison,2013,Research synthesis methods,1,1,none,
PMC5862626,29568405,comparison,2017,Oncotarget,1,1,none,
PMC5862628,29568407,comparison,2018,Oncotarget,1,1,none,
PMC5864054,29566037,comparison,2018,PloS one,1,1,front-notes-title,Data AvailabilityAll relevant data are within the paper.
PMC5865908,29594196,comparison,2018,Clinical and experimental hepatology,1,1,none,
PMC5870239,29580255,exposed,2018,Nutrition journal,1,1,back-sec-title,Availability of data and materialsThe data set supporting the conclusions of this article is not presently available in a publicly accessible data repository for reasons described within the main text of the article.
PMC5872795,29558383,comparison,2018,Nutrients,1,1,none,
PMC5873397,28975717,comparison,2017,Research synthesis methods,1,1,none,
PMC5875216,29628838,comparison,2018,Saudi journal of anaesthesia,1,1,none,
PMC5876159,29628972,comparison,2018,Laboratory animal research,1,1,none,
PMC5888128,29057573,comparison,2017,Research synthesis methods,1,1,none,
PMC5892380,29662791,comparison,2017,Journal of orthopaedic translation,1,1,none,
PMC5892743,29627811,comparison,2018,BMJ open,1,1,none,
PMC5897206,29629526,comparison,2018,"Journal of clinical neurology (Seoul, Korea)",1,1,none,
PMC5898470,29696191,comparison,2017,Contemporary clinical trials communications,1,1,none,
PMC5898522,29696217,comparison,2017,Contemporary clinical trials communications,1,1,none,
PMC5898559,29696169,comparison,2017,Contemporary clinical trials communications,1,1,none,
PMC5902272,29620653,comparison,2018,Medicine,1,1,none,
PMC5902969,29661214,comparison,2018,Systematic reviews,1,1,back-sec-title,Availability of data and materialsThe full project reports with all related data are available at https://www.effectivehealthcare.ahrq.gov/topics/transparency-reporting/overview.
PMC5907129,29699159,comparison,2014,Reproductive medicine and biology,1,0,none,
PMC5908631,29642140,comparison,2018,Medicine,1,1,none,
PMC5909058,29706879,exposed,2018,Frontiers in neuroinformatics,1,1,none,
PMC5911513,29676540,comparison,2018,Diabetes & metabolism journal,1,1,none,
PMC5914070,29690870,comparison,2018,BMC palliative care,1,1,back-sec-title,Availability of data and materialsAll data and materials supporting the data and conclusions are available in the additional files or available on request.
PMC5914766,29678991,comparison,2018,BMJ open,1,1,none,
PMC5927619,29378288,exposed,2018,The Journal of allergy and clinical immunology,1,1,none,
PMC5928227,29712970,comparison,2018,Scientific reports,1,1,none,
PMC5931451,29719004,exposed,2018,PloS one,1,1,front-notes-title,"Data AvailabilityThe final dataset and accompanying code are available on the Open Science Framework, DOI 10.17605/OSF.IO/UN8JX."
PMC5932789,29720247,comparison,2018,Systematic reviews,1,1,none,
PMC5935990,29755578,comparison,2018,Annals of general psychiatry,1,1,back-sec-title,Availability of data and materialsAll data generated or analyzed during this study are included in this article.
PMC5936696,29740621,comparison,2016,Contemporary clinical trials communications,1,1,none,
PMC5938413,29765315,comparison,2018,Frontiers in neuroinformatics,1,1,none,
PMC5943622,29695378,comparison,2018,JMIR research protocols,1,1,none,
PMC5944675,29419701,comparison,2018,Medicine,1,1,none,
PMC5946547,29747581,comparison,2018,BMC infectious diseases,1,1,back-sec-title,Availability of data and materialsAll data pertaining to this study are contained and presented in this document.
PMC5954214,29867725,comparison,2018,Frontiers in neurology,1,1,none,
PMC5954319,29716409,comparison,2018,Journal of the renin-angiotensin-aldosterone system : JRAAS,1,1,none,
PMC5961399,29784698,comparison,2018,Diabetes care,1,0,none,
PMC5965362,29269567,comparison,2017,BMJ quality & safety,1,1,none,
PMC5967383,29481108,exposed,2018,The American psychologist,1,1,none,
PMC5969104,29645403,comparison,2018,Journal of nursing scholarship : an official publication of Sigma Theta Tau International Honor Society of Nursing,1,1,none,
PMC5977467,29862038,comparison,2018,Pilot and feasibility studies,1,1,back-sec-title,Availability of data and materialsThe data and materials are available on request from the authors.
PMC5977728,29854241,comparison,2018,AMIA ... Annual Symposium proceedings. AMIA Symposium,1,0,none,
PMC5986915,29896113,comparison,2018,Frontiers in physiology,1,1,none,
PMC5988068,29794094,comparison,2018,BMJ open,1,1,none,
PMC5988091,29858417,comparison,2018,BMJ open,1,1,none,
PMC5988104,29794102,comparison,2018,BMJ open,1,1,none,
PMC5988135,29804062,comparison,2018,BMJ open,1,1,none,
PMC5989783,29873885,comparison,2018,Journal of the International AIDS Society,1,1,none,
PMC5989978,29951632,comparison,2018,BJS open,1,1,none,
PMC5999779,29930517,comparison,2018,Frontiers in physiology,1,1,none,
PMC6013937,29929480,comparison,2018,BMC infectious diseases,1,1,back-sec-title,Availability of data and materialsAll data generated or analyzed during this study are included in this published article and its Additional files.
PMC6015929,29963478,comparison,2018,Imaging science in dentistry,1,1,none,
PMC6021001,29970962,comparison,2018,Cancer management and research,1,1,none,
PMC6021302,29947178,comparison,2018,"Endocrinology and metabolism (Seoul, Korea)",1,1,none,
PMC6024681,29988476,comparison,2018,Frontiers in psychology,1,1,none,
PMC6025676,29700789,exposed,2018,Journal of general internal medicine,1,0,none,
PMC6037451,29451838,comparison,2018,Human vaccines & immunotherapeutics,1,0,none,
PMC6037848,30018571,comparison,2018,Frontiers in physiology,1,1,none,
PMC6041924,28627237,comparison,2017,Integrative cancer therapies,1,1,none,
PMC6042228,29996879,comparison,2018,Italian journal of pediatrics,1,1,none,
PMC6042808,29236679,exposed,2017,Journal of integrative bioinformatics,1,1,none,
PMC6043730,29945857,comparison,2018,Journal of medical Internet research,1,1,none,
PMC6044008,30001198,comparison,2018,World journal of surgical oncology,1,1,none,
PMC6046618,30019007,comparison,2018,"Open medicine (Warsaw, Poland)",1,1,none,
PMC6047504,30013826,comparison,2018,PeerJ,1,1,none,
PMC6048748,30026962,comparison,2018,Pilot and feasibility studies,1,1,back-sec-title,Availability of data and materialsThe authors declare that the data supporting the findings of this study are available within the article and its Additional file 1.
PMC6051367,30038814,comparison,2018,Central European journal of urology,1,1,none,
PMC6052616,30021577,comparison,2018,BMC medicine,1,1,none,
PMC6052718,30072825,comparison,2017,Indian journal of clinical biochemistry : IJCB,1,0,none,
PMC6053227,30024982,comparison,2018,PloS one,1,1,front-notes-title,Data AvailabilityAll relevant data are within the paper and its Supporting Information files.
PMC6053414,30026557,exposed,2018,Nature communications,1,1,none,
PMC6059208,28376195,comparison,2017,Journal of the National Cancer Institute,1,0,none,
PMC6067404,30061436,comparison,2018,BMJ open,1,1,none,
PMC6068431,29927090,comparison,2018,Thoracic cancer,1,1,none,
PMC6070251,30067828,exposed,2018,PloS one,1,1,front-notes-title,Data AvailabilityAll relevant data are within the paper and its Supporting Information files.
PMC6071984,30071021,comparison,2018,PloS one,1,1,front-notes-title,Data AvailabilityAll relevant data are within the paper and its Supporting Information files.
PMC6074757,30083458,comparison,2018,PeerJ,1,1,none,
PMC6076160,29995773,comparison,2018,Medicine,1,1,none,
PMC6078273,30082372,comparison,2018,BMJ open,1,1,none,
PMC6080807,29036325,exposed,2018,Journal of the American Medical Informatics Association : JAMIA,1,0,none,
PMC6081086,30075593,comparison,2018,Medicine,1,1,none,
PMC6082947,30116199,comparison,2018,Frontiers in physiology,1,1,none,
PMC6082994,30101202,comparison,2018,Heliyon,1,1,none,
PMC6083614,30089508,comparison,2018,Systematic reviews,1,1,back-sec-title,Availability of data and materialsAnonymised datasets of survey responses are available on request from the corresponding author at alex.hodkinson@york.ac.uk.
PMC6085632,30092842,comparison,2018,BMC health services research,1,1,back-sec-title,Availability of data and materialsThe datasets used and/or analysed during the current study are available from the corresponding author on reasonable request.
PMC6086475,30024552,comparison,2018,Medicine,1,1,none,
PMC6086506,30024517,comparison,2018,Medicine,1,1,none,
PMC6087023,30122955,comparison,2018,OncoTargets and therapy,1,1,none,
PMC6091908,30104310,exposed,2018,BMJ open,1,1,none,
PMC6092896,30135732,comparison,2018,F1000Research,1,1,none,
PMC6094569,30111300,comparison,2018,BMC psychiatry,1,1,back-sec-title,Availability of data and materialsAll data generated or analyzed during this study are included in this article.
PMC6096663,30147203,comparison,2018,Scientometrics,1,1,none,
PMC6098956,30140409,comparison,2018,Iranian journal of basic medical sciences,1,1,none,
PMC6102714,28714713,comparison,2017,Behavioral neuroscience,1,1,none,
PMC6103636,30087092,exposed,2018,JMIR medical informatics,1,1,none,
PMC6104799,30121603,comparison,2018,BMJ open,1,1,none,
PMC6106722,30134950,comparison,2018,Trials,1,1,back-sec-title,Availability of data and materialsRequests for the statistical code and the dataset can be made to the corresponding author at anand.gopal@yale.edu. The dataset will be made available via a publicly accessible repository on publication at the Dryad Digital Repository (datadryad.org).
PMC6109492,30159331,comparison,2018,BioMed research international,1,1,none,
PMC6110270,30174432,comparison,2018,Vascular health and risk management,1,1,none,
PMC6114801,30153837,comparison,2018,Health research policy and systems,1,1,none,
PMC6115236,30157511,exposed,2018,Yearbook of medical informatics,1,1,none,
PMC6116772,30181862,comparison,2018,Therapeutic advances in drug safety,1,0,none,
PMC6119422,30166288,comparison,2018,BMJ open,1,1,none,
PMC6122249,30202533,comparison,2018,JRSM open,1,1,none,
PMC6128985,30193585,comparison,2018,Systematic reviews,1,1,none,
PMC6132230,30233245,comparison,2018,Cancer management and research,1,1,none,
PMC6133534,30095639,comparison,2018,Medicine,1,1,none,
PMC6135363,30208060,comparison,2018,PloS one,1,1,front-notes-title,Data AvailabilityAll relevant data are within the paper and its Supporting Information files.
PMC6138959,30237739,comparison,2018,Cancer management and research,1,1,none,
PMC6139382,30234197,comparison,2018,Gates open research,1,1,none,
PMC6146512,30231853,exposed,2018,BMC plant biology,1,1,back-sec-title,Availability of data and materialsThe database is freely available via https://expression.latrobe.edu.au/agriseqdb. It is compatible with all modern popular web browsers and possible to use by tablets and mobile/cell phones. Database source code is available for reuse at https://bitbucket.org/arobinson/agribiohvc. Modified Degust and eFP source code used in this project is available at https://bitbucket.org/arobinson/efp and https://github.com/andrewjrobinson/degust.
PMC6153011,30254541,exposed,2018,"Journal of undergraduate neuroscience education : JUNE : a publication of FUN, Faculty for Undergraduate Neuroscience",1,0,none,
PMC6155524,30252883,comparison,2018,PloS one,1,1,front-notes-title,Data AvailabilityAll relevant data are within the paper and its Supporting Information files.
PMC6156188,30263131,comparison,2018,Canadian journal of kidney health and disease,1,1,none,
PMC6157527,30249629,comparison,2018,BMJ open,1,1,none,
PMC6159806,30288109,comparison,2018,Cancer management and research,1,1,none,
PMC6167505,30270581,exposed,2018,Infection & chemotherapy,1,1,none,
PMC6169036,30285880,comparison,2018,Systematic reviews,1,1,none,
PMC6169258,30280721,exposed,2018,Scientific data,1,1,none,
PMC6169743,30269066,comparison,2018,BMJ open,1,1,none,
PMC6171405,30139066,comparison,2018,Asian Pacific journal of cancer prevention : APJCP,1,1,none,
PMC6172749,30286778,comparison,2018,Journal of cardiothoracic surgery,1,1,back-sec-title,Availability of data and materialsPlease contact author for data requests.
PMC6174644,30305851,comparison,2018,Therapeutic advances in medical oncology,1,1,none,
PMC6175733,30298361,comparison,2018,International journal of implant dentistry,1,1,back-sec-title,"Availability of data and materialsA meta-analysis was not conducted for this systematic review. The critical analysis tables that support the conclusions of this article are included within the article (Tables 6, 7 and 8)."
PMC6181492,30324054,comparison,2018,Plastic and reconstructive surgery. Global open,1,1,none,
PMC6186133,30314471,comparison,2018,BMC medical research methodology,1,1,back-sec-title,Availability of data and materialsAll data generated or analysed during this study are included in this published article and its Additional file 1.
PMC6190538,30322388,comparison,2018,Lipids in health and disease,1,1,none,
PMC6194454,30287668,comparison,2018,BMJ open,1,1,none,
PMC6194619,30340465,comparison,2018,BMC medical genetics,1,1,back-sec-title,Availability of data and materialsAll the data generated or analyzed in this study is included in this manuscript.
PMC6196941,30364456,comparison,2018,BMJ open sport & exercise medicine,1,1,none,
PMC6197826,30410399,comparison,2018,Cancer management and research,1,1,none,
PMC6201026,30284579,comparison,2018,Saudi medical journal,1,1,none,
PMC6201299,27466743,comparison,2016,Journal of affective disorders,1,1,none,
PMC6203577,30313063,comparison,2018,Medicine,1,1,none,
PMC6205772,30397513,comparison,2018,Research integrity and peer review,1,1,none,
PMC6206632,30373610,comparison,2018,Implementation science : IS,1,1,back-sec-title,Availability of data and materialsThe datasets used and analyzed during the current study are available from the corresponding author on reasonable request.
PMC6206658,30373644,comparison,2018,Trials,1,1,back-sec-title,Availability of data and materialsThe raw data used in this manuscript are available on request from the corresponding author.
PMC6206720,30373598,comparison,2018,Reproductive health,1,1,back-sec-title,Availability of data and materialsAll data pertaining to this study is contained and presented in this document.
PMC6208014,30376842,comparison,2018,International journal of health geographics,1,1,back-sec-title,Availability of data and materialsThe dataset(s) supporting the conclusions of this article is(are) included within the article (and its additional file(s)).
PMC6224483,30450039,exposed,2018,Frontiers in neuroanatomy,1,1,none,
PMC6225852,30464643,comparison,2018,"HIV/AIDS (Auckland, N.Z.)",1,1,none,
PMC6232499,30459658,comparison,2018,Frontiers in psychiatry,1,1,none,
PMC6233271,30419920,comparison,2018,Orphanet journal of rare diseases,1,1,back-sec-title,Availability of data and materials“The dataset(s) supporting the conclusions of this article is (are) included within the article (and its Additional file 1)”.
PMC6234115,30450332,comparison,2018,Korean journal of orthodontics,1,1,none,
PMC6236177,30505478,comparison,2018,Journal of thoracic disease,1,0,none,
PMC6237523,29697934,comparison,2018,International braz j urol : official journal of the Brazilian Society of Urology,1,1,none,
PMC6239225,28480475,exposed,2017,Yearbook of medical informatics,1,0,none,
PMC6239227,29063535,exposed,2017,Yearbook of medical informatics,1,0,none,
PMC6239252,30341251,comparison,2018,Bioscience reports,1,1,none,
PMC6239867,30341042,comparison,2018,JMIR mHealth and uHealth,1,1,none,
PMC6240752,30311434,comparison,2018,"Journal of cachexia, sarcopenia and muscle",1,1,none,
PMC6241537,30467453,comparison,2018,Journal of the World Aquaculture Society,1,1,none,
PMC6242325,30533597,comparison,2018,JB & JS open access,1,1,none,
PMC6244754,30350116,comparison,2018,International urogynecology journal,1,1,none,
PMC6244847,30159746,comparison,2018,Acta diabetologica,1,1,none,
PMC6246726,29045502,comparison,2017,Annals of oncology : official journal of the European Society for Medical Oncology,1,0,none,
PMC6252062,30498642,comparison,2018,PeerJ,1,1,none,
PMC6252351,30510523,comparison,2018,Frontiers in psychiatry,1,1,none,
PMC6257541,30431576,comparison,2018,Medicine,1,1,none,
PMC6265680,30373166,comparison,2018,International journal of environmental research and public health,1,1,none,
PMC6274586,30222634,comparison,2018,Critical care medicine,1,1,none,
PMC6277013,30525112,comparison,2018,Nature human behaviour,1,1,none,
PMC6278021,30524207,comparison,2018,Cost effectiveness and resource allocation : C/E,1,1,back-sec-title,Availability of data and materialsAll data generated or analysed during this study are included in this published article and its Additional files.
PMC6280339,30518431,comparison,2018,Systematic reviews,1,1,back-sec-title,Availability of data and materialsThe datasets used and/or analysed during the current study are available from the corresponding author on reasonable request.
PMC6286501,30555705,comparison,2018,Journal of intensive care,1,1,back-sec-title,Availability of data and materialsData supporting the findings are available and can be requested from the corresponding author.
PMC6291799,28633401,comparison,2018,Briefings in bioinformatics,1,0,none,
PMC6292009,30541623,comparison,2018,Systematic reviews,1,1,back-sec-title,Availability of data and materialsNot applicable.
PMC6293224,29370436,comparison,2019,Schizophrenia bulletin,1,0,none,
PMC6295052,30547749,comparison,2018,BMC infectious diseases,1,1,back-sec-title,Availability of data and materialsNot applicable
PMC6298831,30358488,comparison,2018,Journal of health communication,1,1,none,
PMC6303618,30573489,comparison,2018,BMJ open,1,1,none,
PMC6305102,30618805,comparison,2018,Frontiers in physiology,1,1,none,
PMC6306043,30619845,exposed,2018,Frontiers in bioengineering and biotechnology,1,1,none,
PMC6306428,30618885,comparison,2018,Frontiers in psychiatry,1,1,none,
PMC6313893,30602577,comparison,2019,BMJ (Clinical research ed.),1,1,none,
PMC6314759,30593138,comparison,2018,Medicine,1,1,none,
PMC6315268,30485832,comparison,2018,Journal of medical Internet research,1,1,none,
PMC6318506,30593555,comparison,2018,BMJ open,1,1,none,
PMC6319939,30572490,comparison,2018,Medicine,1,1,none,
PMC6319988,30557969,comparison,2018,Medicine,1,1,none,
PMC6320129,30572552,comparison,2018,Medicine,1,1,none,
PMC6320130,30558076,comparison,2018,Medicine,1,1,none,
PMC6320213,30557992,comparison,2018,Medicine,1,1,none,
PMC6322518,30655697,comparison,2019,Cancer management and research,1,1,none,
PMC6323433,30675152,comparison,2018,Dermatology research and practice,1,1,none,
PMC6324280,30646106,comparison,2018,JAMA network open,1,1,none,
PMC6324306,30646048,comparison,2018,JAMA network open,1,1,none,
PMC6324542,30646278,comparison,2018,JAMA network open,1,1,none,
PMC6327746,30647545,exposed,2019,Clinics in colon and rectal surgery,1,0,none,
PMC6331679,30559146,comparison,2019,Bioscience reports,1,1,none,
PMC6335351,30687119,comparison,2019,Frontiers in physiology,1,1,none,
PMC6343667,30545485,comparison,2018,International journal of medical informatics,1,1,none,
PMC6344071,30701070,comparison,2019,Journal of global health,1,1,none,
PMC6350588,30766729,comparison,2019,Journal of ophthalmology,1,1,none,
PMC6351382,30788348,comparison,2019,Annals of translational medicine,1,0,none,
PMC6358361,30681622,comparison,2019,Medicine,1,1,none,
PMC6360615,30804996,comparison,2019,Gastroenterology research and practice,1,1,back-sec-type,"Data AvailabilityThe data supporting this meta-analysis are from previously published studies and data sets, which have been cited. The processed data are available in PubMed."
PMC6360776,30717743,comparison,2019,BMC public health,1,1,back-sec-type,Availability of data and materialsAll data generated or analyzed in this study are included in this article.
PMC6363603,30775245,comparison,2018,Asian journal of urology,1,1,none,
PMC6365604,29651896,exposed,2018,Journal of cerebral blood flow and metabolism : official journal of the International Society of Cerebral Blood Flow and Metabolism,1,0,none,
PMC6368411,30735523,comparison,2019,PloS one,1,1,front-notes-title,Data AvailabilityAll relevant data are available from the Figshare repository through the following links: https://figshare.com/articles/Raw_Data_Systematic_Review_Meta-Analysis/7552268; https://figshare.com/articles/Raw_Data_Systematic_Review/7552259.
PMC6375152,30760274,comparison,2019,World journal of surgical oncology,1,1,back-sec-type,"Availability of data and materialsAll analyses were based on previous published studies and could be searched in PubMed, Scopus, Web of Science and Chinese National Knowledge Infrastructure."
PMC6376734,30764774,comparison,2019,BMC medical research methodology,1,1,back-sec-type,Availability of data and materialsAnalyzed data were publicly available information available in the published literature. The datasets used and/or analyzed during the current study are available from the corresponding author on reasonable request.
PMC6377048,30809104,comparison,2019,Clinical epidemiology,1,1,none,
PMC6377209,30775689,exposed,2018,Advances in methods and practices in psychological science,1,1,none,
PMC6379962,30820239,comparison,2019,International breastfeeding journal,1,1,back-sec-type,Availability of data and materialsThe datasets used and/or analyzed during the current study are available from the corresponding author on reasonable request.
PMC6380607,30779787,comparison,2019,PloS one,1,1,front-notes-title,Data AvailabilityAll relevant data are within the manuscript and its Supporting Information files.
PMC6381807,30755541,comparison,2019,Medical science monitor : international medical journal of experimental and clinical research,1,1,none,
PMC6382441,30523673,comparison,2018,Molecular genetics & genomic medicine,1,1,none,
PMC6384244,30765329,comparison,2019,The lancet. Psychiatry,1,1,none,
PMC6386137,28542156,exposed,2017,Nature neuroscience,1,1,none,
PMC6388264,30744007,comparison,2019,International journal of environmental research and public health,1,1,none,
PMC6388365,30691095,comparison,2019,International journal of environmental research and public health,1,1,none,
PMC6389191,28985765,comparison,2017,Systematic reviews,1,1,back-sec-type,Availability of data and materialsNot applicable.
PMC6390861,30863120,comparison,2019,OncoTargets and therapy,1,1,none,
PMC6392955,30170429,comparison,2018,Medicine,1,1,none,
PMC6395464,30820692,comparison,2019,Annals of intensive care,1,1,back-sec-type,Availability of data and materialsNot applicable.
PMC6398296,30930719,comparison,2019,Saudi journal of anaesthesia,1,1,none,
PMC6398725,30782928,comparison,2019,BMJ open,1,1,none,
PMC6398750,30765407,comparison,2019,BMJ open,1,1,none,
PMC6408114,30813130,comparison,2019,Medicine,1,1,none,
PMC6417538,30855434,comparison,2019,Medicine,1,1,none,
PMC6417665,30870423,comparison,2019,PloS one,1,1,front-notes-title,Data AvailabilityAll relevant data are within the paper and its Supporting Information files.
PMC6421009,30941188,comparison,2019,Evidence-based complementary and alternative medicine : eCAM,1,1,none,
PMC6422318,30883669,comparison,2019,The Cochrane database of systematic reviews,1,0,none,
PMC6423386,30918823,comparison,2019,International journal of ophthalmology,1,0,none,
PMC6425195,30899281,comparison,2018,Archives of medical science : AMS,1,1,none,
PMC6426541,30882632,comparison,2019,Medicine,1,1,none,
PMC6431285,30911208,comparison,2018,Journal of hand and microsurgery,1,0,none,
PMC6431293,30911207,comparison,2018,Journal of hand and microsurgery,1,0,none,
PMC6433191,30776876,exposed,2019,Neurointervention,1,1,none,
PMC6433635,30962663,comparison,2019,Nagoya journal of medical science,1,1,none,
PMC6435553,29519960,comparison,2018,Bioscience reports,1,1,none,
PMC6439931,30698622,comparison,2019,JAMA dermatology,1,0,none,
PMC6443505,30062910,comparison,2018,Statistical methods in medical research,1,1,none,
PMC6454469,31001131,comparison,2019,Frontiers in physiology,1,1,none,
PMC6456162,30964856,comparison,2019,PLoS biology,1,1,front-notes-title,Data AvailabilityAll relevant data are within the paper and its Supporting Information files.
PMC6459468,30970085,comparison,2019,Brazilian journal of medical and biological research = Revista brasileira de pesquisas medicas e biologicas,1,1,none,
PMC6460771,31093540,comparison,2017,Diagnostic and prognostic research,1,1,back-sec-type,Availability of data and materialsThe dataset upon for the analysis reported in this manuscript is available from the author upon request.
PMC6463901,27807847,comparison,2016,The Cochrane database of systematic reviews,1,0,none,
PMC6464352,24895299,comparison,2014,The Cochrane database of systematic reviews,1,0,none,
PMC6464507,28293923,comparison,2017,The Cochrane database of systematic reviews,1,0,none,
PMC6464510,26772902,comparison,2016,The Cochrane database of systematic reviews,1,0,none,
PMC6464693,28225210,comparison,2017,The Cochrane database of systematic reviews,1,0,none,
PMC6464904,24919460,comparison,2014,The Cochrane database of systematic reviews,1,0,none,
PMC6465444,31032278,comparison,2019,Annals of translational medicine,1,0,none,
PMC6470248,31031679,comparison,2019,Frontiers in psychology,1,1,none,
PMC6481394,28542713,comparison,2017,The Cochrane database of systematic reviews,1,0,none,
PMC6481745,28530031,comparison,2017,The Cochrane database of systematic reviews,1,0,none,
PMC6483424,31058601,comparison,2019,The journal of international advanced otology,1,0,none,
PMC6485229,31031864,comparison,2019,Journal of Cancer,1,1,none,
PMC6485652,28984368,comparison,2017,The Cochrane database of systematic reviews,1,0,none,
PMC6486198,25416857,comparison,2014,The Cochrane database of systematic reviews,1,0,none,
PMC6486585,31028285,exposed,2019,Scientific data,1,1,none,
PMC6491112,24719027,comparison,2014,The Cochrane database of systematic reviews,1,0,none,
PMC6492316,31039760,comparison,2019,BMC public health,1,1,back-sec-type,Availability of data and materialsAll data generated or analyzed during this study are included in this published article [and its supplementary information files].
PMC6493651,23663385,comparison,2013,CNS neuroscience & therapeutics,1,0,none,
PMC6500184,30948590,comparison,2019,BMJ open,1,1,none,
PMC6500274,30948575,comparison,2019,BMJ open,1,1,none,
PMC6500564,31080473,comparison,2019,Journal of geriatric cardiology : JGC,1,1,none,
PMC6501951,31023756,comparison,2019,BMJ open,1,1,none,
PMC6504331,31045816,comparison,2019,Medicine,1,1,none,
PMC6513078,30540658,comparison,2019,Journal of hypertension,1,1,none,
PMC6513466,24154977,comparison,2013,The Cochrane database of systematic reviews,1,0,none,
PMC6513576,29939406,comparison,2018,The Cochrane database of systematic reviews,1,0,none,
PMC6517008,25568981,comparison,2015,The Cochrane database of systematic reviews,1,0,none,
PMC6525911,31191754,comparison,2019,Disease markers,1,1,back-sec-type,Data AvailabilityThe data of Table 1 used to support the findings of this study are included within the article (see References).
PMC6527426,31107966,comparison,2019,The Cochrane database of systematic reviews,1,0,none,
PMC6530319,31092664,comparison,2019,BMJ open,1,1,none,
PMC6531075,31083197,comparison,2019,Medicine,1,1,none,
PMC6537371,31133058,comparison,2019,BMC veterinary research,1,1,back-sec-type,"Availability of data and materialsAll the data supporting the findings are contained within the manuscript and in the Additional files 1, 2 and 3."
PMC6537377,31133073,comparison,2019,Trials,1,1,back-notes-type,Availability of data and materialsThe datasets used and/or analyzed during the current study are available from the corresponding author on reasonable request.
PMC6537954,31183463,comparison,2019,Turkish journal of anaesthesiology and reanimation,1,0,none,
PMC6538029,31133589,comparison,2019,BMJ open,1,1,none,
PMC6538088,31122980,comparison,2019,BMJ open,1,1,none,
PMC6538442,30986729,comparison,2019,European psychiatry : the journal of the Association of European Psychiatrists,1,1,none,
PMC6542526,31145768,comparison,2019,PloS one,1,1,front-notes-title,Data AvailabilityAll relevant data are within the paper and its Supporting Information files.
PMC6542758,31072917,comparison,2019,Bioscience reports,1,1,none,
PMC6556193,31205873,comparison,2019,Iranian journal of public health,1,1,none,
PMC6560290,31210830,comparison,2019,Open access Macedonian journal of medical sciences,1,1,none,
PMC6560333,31275987,comparison,2019,BioMed research international,1,1,none,
PMC6560862,31186068,comparison,2019,Systematic reviews,1,1,back-notes-type,Availability of data and materialsThe datasets generated and/or analyzed during the current study are available from the corresponding author upon reasonable request.
PMC6561072,29974882,comparison,2019,Journal of minimal access surgery,1,1,none,
PMC6561328,31206038,comparison,2019,Human reproduction open,1,1,none,
PMC6561420,31171554,comparison,2019,BMJ open,1,1,none,
PMC6562015,31258815,comparison,2019,The EPMA journal,1,0,none,
PMC6563933,30519951,exposed,2019,"Methods in molecular biology (Clifton, N.J.)",1,1,none,
PMC6565647,31102192,comparison,2019,Perspectives on medical education,1,1,none,
PMC6571390,31169729,comparison,2019,Medicine,1,1,none,
PMC6574896,31354282,comparison,2019,Therapeutics and clinical risk management,1,1,back-sec-title,"Data sharing statementThe data used to manage and analyses are archived and be available from the PubMed, Embase and Cochrane databases."
PMC6580644,31208348,comparison,2019,BMC cancer,1,1,back-notes-type,Availability of data and materialsAll data generated or analysed during this study are included in this published article.
PMC6582868,31275981,comparison,2019,BioMed research international,1,1,none,
PMC6587933,30565873,comparison,2018,Acta ophthalmologica,1,1,none,
PMC6589248,31275449,comparison,2019,Disease markers,1,1,none,
PMC6594290,31281397,comparison,2019,Evidence-based complementary and alternative medicine : eCAM,1,1,back-sec-type,"Data AvailabilityThe detailed heterogeneity score, AMSTAR 2 score, and PRISMA score of included studies were shown in Additional Tables 1–3. The prescriptions were available from the corresponding author on reasonable request. The datasets or software generated and/or analyzed during the study were available in the Chinese Biomedical Medicine: http://www.sinomed.ac.cn/cross/; VIP Database: http://vip.hbsti.ac.cn/; Wanfang Data: http://www.wanfangdata.com.cn/index.html."
PMC6597641,31248914,comparison,2019,BMJ open,1,1,none,
PMC6597850,31196966,comparison,2019,Bioscience reports,1,1,none,
PMC6598232,31248382,comparison,2019,BMC cancer,1,1,back-notes-type,Availability of data and materialsThe datasets used and analyzed in the present study are available from the corresponding author upon reasonable request.
PMC6599832,22513907,comparison,2012,The Cochrane database of systematic reviews,1,0,none,
PMC6602219,20352172,comparison,2010,Primary care respiratory journal : journal of the General Practice Airways Group,1,0,none,
PMC6602541,31263511,comparison,2018,Mindfulness,1,1,none,
PMC6605652,31265473,comparison,2019,PloS one,1,1,front-notes-title,Data AvailabilityAll relevant data are within the paper and its Supporting Information files.
PMC6614153,29285737,comparison,2017,Pathology oncology research : POR,1,1,none,
PMC6615143,31286892,comparison,2019,BMC pregnancy and childbirth,1,1,back-notes-type,Availability of data and materialsAll data generated or analysed during this study are included in this published article and its additional file.
PMC6615821,31272976,comparison,2019,BMJ open,1,1,none,
PMC6618324,31050106,exposed,2019,Human brain mapping,1,1,none,
PMC6619790,31291350,comparison,2019,PloS one,1,1,front-notes-title,Data AvailabilityAll relevant data are within the manuscript and its Supporting Information files.
PMC6621980,31338209,comparison,2019,Research integrity and peer review,1,1,back-sec-type,Availability of data and materialsData sharing is not applicable to this article as no datasets were generated or analysed during the current study.
PMC6629404,31300497,comparison,2019,BMJ open,1,1,none,
PMC6630040,31341676,exposed,2019,Journal of advanced research,1,1,none,
PMC6634074,31355257,comparison,2019,BioMed research international,1,1,none,
PMC6635676,30657043,comparison,2019,Current hypertension reviews,1,1,none,
PMC6636957,31232944,comparison,2019,Medicine,1,1,none,
PMC6646831,31129675,comparison,2019,Journal of injury & violence research,1,1,none,
PMC6649812,31360890,comparison,2019,JNCI cancer spectrum,1,1,none,
PMC6657246,31360187,comparison,2018,Archives of medical science : AMS,1,1,none,
PMC6659272,31372244,exposed,2019,Research integrity and peer review,1,1,back-notes-type,Availability of data and materialsThe datasets used and/or analysed during the current study are available from the corresponding author on reasonable request.
PMC6661138,31435599,comparison,2019,International journal of reproductive biomedicine,1,1,none,
PMC6661793,31347418,comparison,2019,"Inquiry : a journal of medical care organization, provision and financing",1,1,none,
PMC6668156,31362748,comparison,2019,BMC health services research,1,1,back-notes-type,"Availability of data and materialsThe datasets generated and/or analysed during the current study are not publicly available due to the fact that they are not translated from French to English, but are available from the corresponding author on reasonable request."
PMC6678010,31366662,comparison,2019,BMJ open,1,1,none,
PMC6678460,31252688,comparison,2019,Cancers,1,1,none,
PMC6679087,31340512,exposed,2019,International journal of environmental research and public health,1,1,none,
PMC6683510,31402976,comparison,2019,Archives of public health = Archives belges de sante publique,1,1,back-notes-type,Availability of data and materialsAll data pertaining to this study are contained and presented in this document.
PMC6684543,31168704,comparison,2019,Surgical endoscopy,1,1,none,
PMC6686083,30351398,comparison,2019,European journal of orthodontics,1,1,none,
PMC6686388,31431879,comparison,2018,Global spine journal,1,1,none,
PMC6689639,31417725,comparison,2019,Royal Society open science,1,1,none,
PMC6697140,31277895,exposed,2019,Nursing outlook,1,1,none,
PMC6704673,31439010,comparison,2019,"Critical care (London, England)",1,1,back-notes-type,Availability of data and materialsDataset used during the current study is available from the corresponding author on request.
PMC6704694,31438857,comparison,2019,BMC gastroenterology,1,1,back-notes-type,Availability of data and materialsNot applicable.
PMC6705146,30603995,comparison,2019,Breast cancer research and treatment,1,1,none,
PMC6706076,30139702,comparison,2018,Mayo Clinic proceedings,1,1,none,
PMC6707678,31439612,exposed,2019,BMJ open,1,1,none,
PMC6707685,31434775,comparison,2019,BMJ open,1,1,none,
PMC6708943,31145333,comparison,2019,Medicine,1,1,none,
PMC6709821,31686911,comparison,2019,Cancer management and research,1,1,none,
PMC6712952,30261934,comparison,2018,Psychological medicine,1,1,none,
PMC6716686,31441886,comparison,2019,Medicine,1,1,none,
PMC6718570,31507524,comparison,2019,Frontiers in neurology,1,1,none,
PMC6720328,31462485,comparison,2019,BMJ open,1,1,none,
PMC6722149,31222645,comparison,2019,World journal of surgery,1,1,none,
PMC6728982,31488200,exposed,2019,Trials,1,1,back-notes-type,Availability of data and materialsThe datasets generated and analyzed during the current study and the statistical code are available from the Dryad repository at https://datadryad.org/resource/doi:10.5061/dryad.mp26fb1.
PMC6731894,31492792,comparison,2019,BMJ open,1,1,none,
PMC6732825,29333987,comparison,2017,"Trauma, violence & abuse",1,1,none,
PMC6733050,31508255,comparison,2019,"Pediatric allergy, immunology, and pulmonology",1,0,none,
PMC6738995,31490359,comparison,2019,Medicine,1,1,none,
PMC6743472,31565572,comparison,2019,PeerJ,1,1,none,
PMC6745085,31583370,comparison,2019,International journal of reproductive biomedicine,1,1,none,
PMC6745805,31522680,comparison,2019,BMC public health,1,1,back-notes-type,Availability of data and materialsThe datasets used during the current study are available from the corresponding author based on reasonable request.
PMC6747656,31511283,comparison,2019,BMJ open,1,1,none,
PMC6760181,31290681,comparison,2019,"Journal of alternative and complementary medicine (New York, N.Y.)",1,1,none,
PMC6760823,31553736,comparison,2019,PloS one,1,1,front-notes-title,Data AvailabilityAll relevant data are within the manuscript and its Supporting Information files.
PMC6768360,31637025,comparison,2019,BMJ global health,1,1,none,
PMC6770268,31492033,comparison,2019,Cancers,1,1,none,
PMC6773278,31562164,comparison,2019,BMJ open,1,1,none,
PMC6774380,31579260,exposed,2019,Data science journal,1,1,none,
PMC6776391,31581278,comparison,2019,PloS one,1,1,front-notes-title,Data AvailabilityAll relevant data are included in the paper and its supporting information files.
PMC6776957,31602101,comparison,2019,Indian journal of community medicine : official publication of Indian Association of Preventive & Social Medicine,1,1,none,
PMC6783624,31269287,comparison,2019,British journal of clinical pharmacology,1,0,none,
PMC6784314,28085789,comparison,2017,Regional anesthesia and pain medicine,1,1,none,
PMC6784317,30219729,comparison,2018,The journal of pain,1,1,none,
PMC6785442,31454181,comparison,2019,Molecular genetics & genomic medicine,1,1,none,
PMC6790320,31566901,comparison,2019,Brain and behavior,1,1,back-sec-type,DATA AVAILABILITY STATEMENTData sharing is not applicable to this article as no new data were created or analyzed in this study.
PMC6797358,31594876,comparison,2019,BMJ open,1,1,none,
PMC6801182,31557408,comparison,2019,Annals of clinical and translational neurology,1,1,none,
PMC6805386,31640716,exposed,2019,BMC international health and human rights,1,1,back-sec-type,Availability of data and materialAll data cited in this review are from published sources cited in references.
PMC6814621,31613226,comparison,2019,Aging,1,1,none,
PMC6814804,31653867,exposed,2019,Scientific data,1,1,back-notes-type,"Data availabilityThe dataset that was used for showcasing this toolbox, is available as part of the tutorial for the toolbox’s features: https://neuroimage.usc.edu/brainstorm/e-phys/Introduction."
PMC6815441,31656169,comparison,2019,BMC pediatrics,1,1,back-notes-type,Availability of data and materialsNot applicable.
PMC6819950,21810526,comparison,2011,Journal of clinical densitometry : the official journal of the International Society for Clinical Densitometry,1,1,none,
PMC6820955,31664923,comparison,2019,BMC infectious diseases,1,1,back-notes-type,Availability of data and materialsAll the data generated or analyzed are included in this manuscript and attached as an additional files.
PMC6822388,31672151,comparison,2019,Lipids in health and disease,1,1,back-notes-type,Availability of data and materialsAll data generated or analysed during this study are included in this published article [and its supplementary information files.
PMC6822469,31666033,comparison,2019,BMC psychiatry,1,1,back-notes-type,Availability of data and materialsAll data generated or analyzed during this study are included in this published article.
PMC6823255,31709181,comparison,2019,Frontiers in oncology,1,1,none,
PMC6824219,31664445,comparison,2019,JAMA network open,1,1,none,
PMC6824813,31626081,comparison,2019,Medicine,1,1,none,
PMC6826895,31664304,comparison,2019,Brazilian journal of medical and biological research = Revista brasileira de pesquisas medicas e biologicas,1,1,none,
PMC6829646,31530188,comparison,2019,Clinical and applied thrombosis/hemostasis : official journal of the International Academy of Clinical and Applied Thrombosis/Hemostasis,1,1,none,
PMC6829811,31700607,comparison,2019,Chiropractic & manual therapies,1,1,back-notes-type,Availability of data and materialsNot applicable.
PMC6830711,31662397,comparison,2019,BMJ open,1,1,none,
PMC6831235,30817589,comparison,2019,Medicine,1,1,none,
PMC6832429,31618959,comparison,2019,Viruses,1,1,none,
PMC6849816,30633422,comparison,2019,Obesity reviews : an official journal of the International Association for the Study of Obesity,1,1,none,
PMC6851261,31780951,comparison,2019,Frontiers in physiology,1,1,none,
PMC6852794,31722746,comparison,2019,Systematic reviews,1,1,none,
PMC6855624,31702629,comparison,2019,Medicine,1,1,none,
PMC6856014,31787929,comparison,2019,Frontiers in endocrinology,1,1,none,
PMC6857870,31127884,comparison,2019,Asian Pacific journal of cancer prevention : APJCP,1,1,none,
PMC6860029,30970438,comparison,2019,Gut and liver,1,1,none,
PMC6862643,31684109,comparison,2019,International journal of environmental research and public health,1,1,none,
PMC6868644,31772724,comparison,2019,International journal of preventive medicine,1,1,none,
PMC6873897,31803693,comparison,2019,Frontiers in pediatrics,1,1,none,
PMC6876668,31803615,comparison,2019,Frontiers in oncology,1,1,none,
PMC6877258,27862603,comparison,2016,International journal of methods in psychiatric research,1,0,none,
PMC6879110,31770377,comparison,2019,PloS one,1,1,front-notes-title,Data AvailabilityAll relevant data are within the manuscript and its supporting information files.
PMC6879222,31591125,comparison,2019,Antimicrobial agents and chemotherapy,1,0,none,
PMC6880549,31771639,comparison,2019,BMC health services research,1,1,back-notes-type,Availability of data and materialsStudy data and materials will be stored and available on the University of Queensland RDM system. The datasets used and/or analysed during the study will. be available from the corresponding author on reasonable request. No confidential patient data will be shared.
PMC6880859,19349632,comparison,2009,Annals of internal medicine,1,1,none,
PMC6881487,31776815,comparison,2019,International journal of implant dentistry,1,1,back-notes-type,Availability of data and materialsAll data are available in the manuscript and Supplementary files.
PMC6884840,31798675,comparison,2019,Chinese medicine,1,1,back-notes-type,Availability of data and materialsAll data are fully available without restriction.
PMC6886900,31748306,comparison,2019,BMJ open,1,1,none,
PMC6887637,30664106,comparison,2019,Melanoma research,1,1,none,
PMC6889688,31791393,comparison,2019,Trials,1,1,back-notes-type,Availability of data and materialsThe data are available from the corresponding author. The datasets generated and analyzed during the current study will be available in the Croatian Digital Academic Archives and Repositories (https://dabar.srce.hr/repozitoriji).
PMC6890205,31819686,exposed,2019,Risk management and healthcare policy,1,1,none,
PMC6891855,31807684,exposed,2019,ACS central science,1,1,none,
PMC6894914,31824601,comparison,2019,Journal of clinical and experimental dentistry,1,1,none,
PMC6895407,31204388,exposed,2019,Genetics in medicine : official journal of the American College of Medical Genetics,1,1,none,
PMC6895783,31731818,comparison,2019,Cancers,1,1,none,
PMC6896936,31849819,comparison,2019,Frontiers in neurology,1,1,none,
PMC6897018,30803190,comparison,2019,Asian Pacific journal of cancer prevention : APJCP,1,1,none,
PMC6899666,31350781,exposed,2019,The Plant journal : for cell and molecular biology,1,1,back-sec-type,"Data availabilityAWS BAM file repository: https://s3.amazonaws.com/iplant-cdn/iplant/home/araport/rnaseq_bam/ and https://s3.amazonaws.com/iplant-cdn/iplant/home/araport/rnaseq_bam/Klepikova/. The SVG images are CC‐BY SA 4.0, shared on FigShare.com under the following DOIs: https://doi.org/10.6084/m9.figshare.6837926.v1 and https://doi.org/10.6084/m9.figshare.6663218.v2. eFP‐Seq Browser code is available here: https://github.com/BioAnalyticResource/eFP-Seq-Browser under a GPLv.2 licence."
PMC6899669,31389023,comparison,2019,Medical physics,1,1,none,
PMC6901756,31539461,comparison,2019,International forum of allergy & rhinology,1,1,none,
PMC6905449,31188929,comparison,2019,Genetics and molecular biology,1,1,none,
PMC6907832,31830124,exposed,2019,PloS one,1,1,front-notes-title,Data AvailabilityAll relevant data are included within the paper and were obtained from articles available in databases quoted in the manuscript.
PMC6908975,31778122,comparison,2019,Journal of medical Internet research,1,1,none,
PMC6909733,30835135,comparison,2019,"Journal of alternative and complementary medicine (New York, N.Y.)",1,0,none,
PMC6911630,31727743,comparison,2019,AJNR. American journal of neuroradiology,1,0,none,
PMC6913344,31871935,comparison,2019,BioMed research international,1,1,none,
PMC6914756,31921633,comparison,2019,Frontiers in oncology,1,1,none,
PMC6915799,31588912,comparison,2019,JMIR mental health,1,1,none,
PMC6915896,31842835,comparison,2019,BMC public health,1,1,back-notes-type,Availability of data and materialsThe original search results retrieved during the current study are available from the corresponding author on reasonable request. The list of papers that were full text screened and the list of papers included in the review are included in this published article [and its supplementary information files].
PMC6918461,31464480,comparison,2019,Journal of personality and social psychology,1,1,none,
PMC6919593,31851689,exposed,2019,PloS one,1,1,front-notes-title,Data AvailabilityAll data files are available on the Open Science Framework: https://osf.io/pxdch/ and https://osf.io/cdt8y/.
PMC6922579,31852135,comparison,2019,Medicine,1,1,none,
PMC6927095,31868882,exposed,2019,Database : the journal of biological databases and curation,1,1,none,
PMC6931137,31903192,comparison,2019,Canadian journal of kidney health and disease,1,1,none,
PMC6933689,31878900,comparison,2019,BMC pulmonary medicine,1,1,back-notes-type,"Availability of data and materialsThe dataset was searched on PubMed (http://www.ncbi.nlm.nih.gov), EMBASE (https://www.embase.com/), Cochrane Library (https://www.cochranelibrary.com/). The search strategies and yielded citations were shown in Tables 1 and Fig. 1, respectively."
PMC6936978,31908837,comparison,2019,BMJ open sport & exercise medicine,1,1,none,
PMC6937113,31888948,comparison,2019,BMJ open,1,1,none,
PMC6937940,31888725,comparison,2019,Trials,1,1,back-notes-type,"Availability of data and materialsThe data used for and/or analyzed during the current study is available in Additional files 1, 2, 3, 4, 5, 6, and 7."
PMC6938313,31891647,comparison,2019,PloS one,1,1,front-notes-title,Data AvailabilityAll relevant data are within the manuscript and its Supporting Information files.
PMC6940047,31860953,comparison,2019,Medicine,1,1,none,
PMC6940150,31861035,comparison,2019,Medicine,1,1,none,
PMC6940208,31903237,comparison,2019,Journal of thoracic disease,1,0,none,
PMC6940938,31766746,comparison,2019,Animals : an open access journal from MDPI,1,1,none,
PMC6944535,31930033,comparison,2019,Annals of translational medicine,1,0,none,
PMC6946251,31876752,comparison,2019,Medicine,1,1,none,
PMC6946435,31876759,comparison,2019,Medicine,1,1,none,
PMC6952579,31726102,exposed,2019,Journal of biomedical informatics,1,1,none,
PMC6953668,31938497,comparison,2019,Ecology and evolution,1,1,back-sec-type,DATA AVAILABILITY STATEMENTAll data are available in the Knowledge Network for Biocomplexity: https://doi.org/10.5063/F10000DT (webpage https://knb.ecoinformatics.org/view/doi:10.5063/F10000DT).
PMC6954557,31924170,comparison,2020,BMC cancer,1,1,back-notes-type,Availability of data and materialsAll data are used in this study is provided in the electronic supplemental materials.
PMC6955470,31924634,comparison,2020,BMJ open,1,1,none,
PMC6955516,31892667,comparison,2019,BMJ open,1,1,none,
PMC6955535,31915168,comparison,2020,BMJ open,1,1,none,
PMC6957821,31956859,comparison,2019,World neurosurgery: X,1,1,none,
PMC6971997,31959136,comparison,2020,BMC public health,1,1,back-notes-type,Availability of data and materialsAll data generated or analyzed during this study are included in this published article and its supplementary information files.
PMC6986515,32010404,comparison,2019,Open access Macedonian journal of medical sciences,1,1,none,
PMC6989916,32042678,comparison,2019,Gland surgery,1,0,none,
PMC6991932,17636709,comparison,2007,The Cochrane database of systematic reviews,1,0,none,
PMC6992951,32016138,exposed,2020,Data in brief,1,1,none,
PMC6998151,32013883,comparison,2020,BMC medical research methodology,1,1,back-notes-type,Availability of data and materialsNot applicable
PMC6998756,32090067,comparison,2020,BioMed research international,1,1,none,
PMC6998998,28462754,comparison,2017,Epidemiology and psychiatric sciences,1,0,none,
PMC6999932,31283730,comparison,2019,Clinical orthopaedics and related research,1,0,none,
PMC7000208,30286023,comparison,2018,Diseases of the colon and rectum,1,1,none,
PMC7000850,32043031,exposed,2019,Kidney international reports,1,1,none,
PMC7003434,32024485,comparison,2020,BMC cancer,1,1,back-notes-type,Availability of data and materialsNo additional data are available.
PMC7004689,32000374,comparison,2020,Medicine,1,1,none,
PMC7015553,32028393,comparison,2020,Medicine,1,1,none,
PMC7015625,32028427,comparison,2020,Medicine,1,1,none,
PMC7019270,31940942,comparison,2020,Journal of clinical medicine,1,1,none,
PMC7022479,31947944,comparison,2020,Pharmaceutics,1,1,none,
PMC7024961,31786117,comparison,2019,The Lancet. Global health,1,1,none,
PMC7025772,32117567,comparison,2019,F1000Research,1,1,none,
PMC7028808,31768743,comparison,2019,Archives of gynecology and obstetrics,1,1,none,
PMC7033395,32110175,comparison,2020,Journal of Taibah University Medical Sciences,1,1,none,
PMC7035755,32087711,comparison,2020,Lipids in health and disease,1,1,back-notes-type,Availability of data and materialsAll data generated or analyzed during this study are included in this article.
PMC7040392,32104708,comparison,2020,BioMed research international,1,1,none,
PMC7044949,32041856,comparison,2020,BMJ open,1,1,none,
PMC7045222,32060160,exposed,2020,BMJ open,1,1,none,
PMC7045257,32102823,comparison,2020,BMJ open,1,1,none,
PMC7045264,31969367,comparison,2020,BMJ open,1,1,none,
PMC7045283,32104910,comparison,2020,The Cochrane database of systematic reviews,1,0,none,
PMC7047076,31910049,exposed,2020,Human gene therapy,1,0,none,
PMC7047471,32175523,comparison,2020,General psychiatry,1,1,none,
PMC7047571,11687106,comparison,2001,The Cochrane database of systematic reviews,1,0,none,
PMC7049215,32161667,comparison,2020,Research integrity and peer review,1,1,back-notes-type,"Availability of data and materialsAll protocols, materials, and raw data are available online via bioRxiv (BIORXIV/2019/763730)."
PMC7049506,31970867,comparison,2020,Thoracic cancer,1,1,none,
PMC7050399,32114465,comparison,2020,BMJ open,1,1,none,
PMC7056361,32133457,comparison,2019,Brain communications,1,1,none,
PMC7056781,32026200,comparison,2020,Journal of assisted reproduction and genetics,1,0,none,
PMC7058335,32134997,comparison,2020,PloS one,1,1,front-notes-title,Data AvailabilityAll relevant data are within the manuscript and its Supporting Information files.
PMC7062254,32150561,comparison,2020,PloS one,1,1,front-notes-title,Data AvailabilityAll relevant data are within the paper and its Supporting Information files.
PMC7064428,31748123,comparison,2019,Biological psychiatry. Cognitive neuroscience and neuroimaging,1,1,none,
PMC7068873,32164586,comparison,2020,BMC cancer,1,1,back-notes-type,Availability of data and materialsThe dataset(s) supporting the conclusions of this article is(are) included within the article (and its additional file(s)).
PMC7068977,32164636,comparison,2020,BMC psychiatry,1,1,back-notes-type,Availability of data and materialsAll data generated or analysed during this study are included in this published article [and its supplementary information files].
PMC7071068,31608767,exposed,2019,Journal of neurotrauma,1,0,none,
PMC7073270,30480762,comparison,2018,The Cochrane database of systematic reviews,1,0,none,
PMC7076244,32184303,comparison,2020,BMJ open,1,1,none,
PMC7081119,32186745,comparison,2020,JAMA network open,1,1,none,
PMC7081332,32193390,exposed,2020,Scientific data,1,1,none,
PMC7086380,31707188,comparison,2019,"Clinical biomechanics (Bristol, Avon)",1,1,none,
PMC7087469,32257201,comparison,2020,Molecular and clinical oncology,1,1,back-sec-type,Availability of data and materialsThe datasets used and/or analyzed during the present study are available from the corresponding author on reasonable request.
PMC7094824,32210426,comparison,2020,PLoS biology,1,1,none,
PMC7103204,32257648,comparison,2020,PeerJ,1,1,none,
PMC7105018,30446431,exposed,2018,Epidemics,1,1,none,
PMC7120367,24936965,comparison,2014,The Cochrane database of systematic reviews,1,0,none,
PMC7126379,31607414,comparison,2019,Preventive veterinary medicine,1,1,none,
PMC7134014,32280564,comparison,2020,PeerJ,1,1,none,
PMC7137206,32280298,comparison,2020,Tropical medicine and health,1,1,back-notes-type,Availability of data and materialsThe datasets used and/or analyzed during the current study are available from the corresponding author on reasonable request
PMC7137948,32269804,exposed,2020,Royal Society open science,1,1,none,
PMC7140556,32268911,comparison,2020,Systematic reviews,1,1,back-notes-type,"Availability of data and materialsAll data extracted during this study are provided in Tables 1, 2 and 3."
PMC7141423,29874102,comparison,2018,Childhood obesity (Print),1,0,none,
PMC7143242,32210080,comparison,2020,International journal of environmental research and public health,1,1,none,
PMC7151416,32283155,comparison,2020,The Journal of infection,1,1,none,
PMC7157980,32313665,comparison,2020,Fertility research and practice,1,1,back-notes-type,Availability of data and materialsThe datasets used and/or analyzed during the current study are available from the corresponding author on reasonable request.
PMC7159239,32243442,exposed,2020,PLoS biology,1,1,none,
PMC7164582,32302309,comparison,2020,PloS one,1,1,front-notes-title,Data AvailabilityAll relevant data are within the paper and its Supporting Information files.
PMC7170595,32213515,comparison,2020,BMJ open,1,1,none,
PMC7170633,32276958,comparison,2020,BMJ open,1,1,none,
PMC7174309,32317627,comparison,2020,Translational psychiatry,1,1,none,
PMC7174434,31848865,comparison,2019,Journal of general internal medicine,1,1,none,
PMC7176083,32320428,exposed,2020,PloS one,1,1,front-notes-title,Data AvailabilityCode and data can be found at: https://doi.org/10.5281/zenodo.3470062.
PMC7177901,32230939,comparison,2020,International journal of environmental research and public health,1,1,none,
PMC7185169,32346446,comparison,2020,Experimental and therapeutic medicine,1,1,back-sec-type,Availability of data and materialsThe datasets used and/or analyzed during the present study are available from the corresponding author on reasonable request.
PMC7188300,32343692,comparison,2020,PloS one,1,1,front-notes-title,Data AvailabilityAll relevant data are within the manuscript and its Supporting Information files.
PMC7189668,31963298,comparison,2020,Methods and protocols,1,1,none,
PMC7190012,32291261,comparison,2020,BMJ (Clinical research ed.),1,1,none,
PMC7190427,31673913,comparison,2020,AIDS and behavior,1,1,none,
PMC7191364,32373383,comparison,2020,Journal of addiction,1,1,none,
PMC7193343,32354349,comparison,2020,Systematic reviews,1,1,back-notes-type,Availability of data and materialsNot applicable
PMC7197042,25536022,comparison,2014,The Cochrane database of systematic reviews,1,0,none,
PMC7198754,32411739,comparison,2020,Frontiers in veterinary science,1,1,none,
PMC7200040,32284390,comparison,2020,BMJ open,1,1,none,
PMC7201671,32375879,comparison,2020,Systematic reviews,1,1,back-notes-type,Availability of data and materialsThe datasets generated and/or analyzed during the current study are available from the corresponding author on reasonable request.
PMC7203085,32399400,comparison,2020,World journal of psychiatry,1,0,none,
PMC7204319,32380957,comparison,2020,BMC infectious diseases,1,1,back-notes-type,Availability of data and materialsAll data pertaining to this study are contained and presented in this manuscript.
PMC7206586,32399466,comparison,2018,Molecular neuropsychiatry,1,0,none,
PMC7206806,32419837,comparison,2020,Annals of general psychiatry,1,1,back-notes-type,Availability of data and materialsAll data generated or analyzed during this study are included in this article.
PMC7214585,32394098,exposed,2020,Insights into imaging,1,1,none,
PMC7215378,32344532,comparison,2020,International journal of molecular sciences,1,1,none,
PMC7216154,32295106,comparison,2020,International journal of environmental research and public health,1,1,none,
PMC7218569,32398016,exposed,2020,BMC medical research methodology,1,1,back-notes-type,Availability of data and materialsAll data generated or analysed during this study are included in this published article and its supplementary information files.
PMC7220652,32332616,comparison,2020,Medicine,1,1,none,
PMC7220737,32311918,comparison,2020,Medicine,1,1,none,
PMC7223158,32371516,exposed,2020,BMJ open,1,1,none,
PMC7228514,32385060,comparison,2020,BMJ open,1,1,none,
PMC7230389,32331233,comparison,2020,Nutrients,1,1,none,
PMC7233178,32490351,comparison,2021,HRB open research,1,1,none,
PMC7233226,32425643,comparison,2020,International journal of infectious diseases : IJID : official publication of the International Society for Infectious Diseases,1,1,none,
PMC7236905,32454535,exposed,2020,Journal of mammalogy,1,1,none,
PMC7239544,32423929,comparison,2020,BMJ open,1,1,none,
PMC7241801,32437437,comparison,2020,PloS one,1,1,front-notes-title,Data AvailabilityAll relevant data are within the manuscript and its Supporting Information files.
PMC7244898,32373936,comparison,2020,Bioscience reports,1,1,none,
PMC7250511,32476671,comparison,2020,The Journal of the Canadian Chiropractic Association,1,0,none,
PMC7254119,32518672,comparison,2020,BMJ open sport & exercise medicine,1,1,none,
PMC7254447,32499887,comparison,2020,European journal of translational myology,1,1,none,
PMC7260405,32109006,comparison,2020,BJS open,1,1,none,
PMC7261640,31792334,comparison,2019,International journal of obesity (2005),1,1,none,
PMC7263079,32479592,exposed,2020,GigaScience,1,1,none,
PMC7265661,32528285,comparison,2020,Frontiers in pharmacology,1,1,none,
PMC7266545,32167557,comparison,2020,International journal of epidemiology,1,0,none,
PMC7266893,32550104,comparison,2020,3 Biotech,1,0,none,
PMC7270484,32460927,comparison,2020,Epidemiology and infection,1,1,none,
PMC7270621,32493048,comparison,2020,Annals of Saudi medicine,1,1,none,
PMC7273097,32386449,comparison,2020,Hepatology research : the official journal of the Japan Society of Hepatology,1,0,none,
PMC7275294,32518705,comparison,2020,Public health reviews,1,1,back-notes-type,Availability of data and materialsThe data sets analyzed during the current study are available from the corresponding author upon reasonable request.
PMC7275323,32503598,comparison,2020,Orphanet journal of rare diseases,1,1,back-notes-type,Availability of data and materialsSystematic review and meta-analysis performed on already published papers. The databases used to conduct this study and the PRISMA flow diagram are included in the main text and the detailed literature search strategy is reported in the supplementary materials.
PMC7275675,32547887,comparison,2020,PeerJ,1,1,none,
PMC7278121,32513205,comparison,2020,"Radiation oncology (London, England)",1,1,back-notes-type,Availability of data and materialsNot applicable
PMC7280901,32550247,exposed,2020,ArXiv,1,0,none,
PMC7282341,32582760,comparison,2020,Frontiers in surgery,1,1,none,
PMC7283797,32445489,comparison,2020,Journal of medical virology,1,0,none,
PMC7283975,32547738,comparison,2020,Annals of medicine and surgery (2012),1,1,none,
PMC7290765,32455633,comparison,2020,Journal of clinical medicine,1,1,none,
PMC7292406,32530947,comparison,2020,PloS one,1,1,front-notes-title,Data AvailabilityAll relevant data are within the manuscript and its Supporting Information files.
PMC7296440,32191359,comparison,2020,The Milbank quarterly,1,1,none,
PMC7301659,33959192,comparison,2020,Journal of the renin-angiotensin-aldosterone system : JRAAS,1,1,none,
PMC7303370,32307924,comparison,2020,Brain and behavior,1,1,back-sec-type,"DATA AVAILABILITY STATEMENTThe raw data supporting the conclusions of this manuscript will be made available by the authors, without undue reservation, to any qualified researcher."
PMC7304808,32554727,comparison,2020,BMJ open,1,1,none,
PMC7305536,32577077,comparison,2020,Infectious diseases in obstetrics and gynecology,1,1,back-sec-type,Data AvailabilityData used in the current study are available from authors of each study upon request.
PMC7308800,32229251,comparison,2020,Journal of clinical epidemiology,1,1,none,
PMC7310711,32574170,comparison,2020,PloS one,1,1,front-notes-title,Data AvailabilityAll relevant data are within the paper and its Supporting Information files.
PMC7311006,32565468,comparison,2020,BMJ open,1,1,none,
PMC7312250,32486372,comparison,2020,International journal of environmental research and public health,1,1,none,
PMC7312535,32503353,comparison,2020,International journal of environmental research and public health,1,1,none,
PMC7315647,32586791,exposed,2020,BMJ (Clinical research ed.),1,1,none,
PMC7317603,32584407,comparison,2020,JAMA network open,1,1,none,
PMC7320403,24534330,comparison,2013,Journal of epidemiology and global health,1,1,none,
PMC7323788,32612356,comparison,2020,Clinical interventions in aging,1,1,none,
PMC7325261,32600287,comparison,2020,BMC public health,1,1,back-notes-type,Availability of data and materialsAll the data and materials are available and available to any researcher wishing to use them.
PMC7325526,30595456,exposed,2018,"Structure (London, England : 1993)",1,1,none,
PMC7325658,32605542,comparison,2020,BMC pregnancy and childbirth,1,1,back-notes-type,"Availability of data and materialsAll data generated or analyzed during this study are included in this published article and its supplementary information files. Further inquiries, can be directed to the corresponding author on reasonable request."
PMC7326228,32603376,comparison,2020,PloS one,1,1,front-notes-title,Data AvailabilityAll relevant data are within the manuscript and its Supporting Information files.
PMC7330643,32685090,comparison,2020,Oxidative medicine and cellular longevity,1,1,none,
PMC7332173,32669739,comparison,2020,The journal of extra-corporeal technology,1,0,none,
PMC7335435,32622352,comparison,2020,BMC musculoskeletal disorders,1,1,back-notes-type,Availability of data and materialsAll data generated or analysed during this study are included in this published article and its supplementary information files.
PMC7335845,32669870,comparison,2020,Journal of pain research,1,1,back-sec-title,Data Sharing StatementThe data used and/or analyzed during the current study are available from the corresponding author on reasonable request.
PMC7338391,32632180,comparison,2020,Scientific reports,1,1,back-notes-type,Data availabilityThe datasets used during the current study are available from the corresponding author based on reasonable request.
PMC7338918,32724560,comparison,2020,F1000Research,1,1,none,
PMC7342854,32641369,comparison,2020,BMJ open,1,1,none,
PMC7343185,32584808,comparison,2020,PLoS computational biology,1,1,front-notes-title,Data AvailabilityAll relevant data are within the manuscript and its Supporting Information files.
PMC7351908,32141042,comparison,2020,Journal of general internal medicine,1,0,none,
PMC7353743,32652989,exposed,2020,BMC medical informatics and decision making,1,1,back-notes-type,Availability of data and materialsAn extensive part of the data analyzed during this study is included in this published article and its supplementary files (Supplement Table 3). The raw dataset analyzed during the current study is not publicly available in full due to copyright restrictions but is available from the corresponding author on reasonable request.
PMC7358593,32733536,comparison,2020,Frontiers in genetics,1,1,none,
PMC7359194,32665397,comparison,2020,BMJ open gastroenterology,1,1,none,
PMC7359270,32685199,comparison,2020,Research integrity and peer review,1,1,back-notes-type,"Availability of data and materialsThe data is openly available on Zenodo: 10.5281/zenodo.3562269. The repository includes a list of all applications we looked at and, for excluded applications, the reasons for exclusion."
PMC7359286,32660541,comparison,2020,BMC veterinary research,1,1,back-notes-type,Availability of data and materialsAll data and supporting information are available at https://osf.io/unc4j/.
PMC7360023,32663219,comparison,2020,PLoS biology,1,1,none,
PMC7360025,32663221,comparison,2020,PLoS biology,1,1,none,
PMC7362145,32836910,exposed,2020,Learned publishing : journal of the Association of Learned and Professional Society Publishers,1,1,none,
PMC7369394,32633324,comparison,2020,Bioscience reports,1,1,back-sec-type,Data AvailabilityAll data generated or analyzed during this study are included in this published article or are available from the corresponding author on reasonable request.
PMC7370374,32065076,exposed,2020,Journal of cerebral blood flow and metabolism : official journal of the International Society of Cerebral Blood Flow and Metabolism,1,1,none,
PMC7370809,32208858,comparison,2020,The Journal of international medical research,1,1,none,
PMC7372824,32690035,comparison,2020,Journal of orthopaedic surgery and research,1,1,back-notes-type,Availability of data and materialsData sharing not applicable to this article as no datasets were generated. All datasets reviewed in this article are cited in the results section.
PMC7372874,32689953,comparison,2020,BMC infectious diseases,1,1,back-notes-type,Availability of data and materialsAll data generated or analyzed during this study are included in this published article and its supplementary information files.
PMC7373501,32702818,comparison,2020,Medicine,1,1,none,
PMC7375573,32172190,comparison,2020,"Breast (Edinburgh, Scotland)",1,1,none,
PMC7375960,32789107,exposed,2020,Integrative medicine research,1,1,none,
PMC7376076,32577939,comparison,2020,Breast cancer research and treatment,1,1,none,
PMC7380987,32348265,exposed,2020,Journal of medical Internet research,1,1,none,
PMC7386818,23152285,comparison,2012,The Cochrane database of systematic reviews,1,0,none,
PMC7386962,32791657,comparison,2020,Medicine,1,1,none,
PMC7388228,32723397,comparison,2020,BMC pulmonary medicine,1,1,back-notes-type,Availability of data and materialsThe datasets analyzed during the current study are available from the corresponding author on reasonable request.
PMC7389345,32723316,comparison,2020,BMC public health,1,1,none,
PMC7390448,22071866,comparison,2011,The Cochrane database of systematic reviews,1,0,none,
PMC7391673,32728045,comparison,2020,Scientific reports,1,1,back-notes-type,Data availabilityData sharing is not applicable to this type of article.
PMC7392312,32730304,comparison,2020,PloS one,1,1,front-notes-title,Data AvailabilityAll relevant data are within the manuscript and its Supporting Information files.
PMC7393194,32662519,comparison,2020,British journal of pharmacology,1,1,none,
PMC7393278,32765889,comparison,2020,Neuro-oncology practice,1,0,none,
PMC7393993,32793009,comparison,2020,Frontiers in psychiatry,1,1,none,
PMC7394177,32737099,comparison,2020,BMJ open,1,1,none,
PMC7396619,32848528,comparison,2020,Frontiers in neuroscience,1,1,none,
PMC7398498,32745131,exposed,2020,PloS one,1,1,front-notes-title,"Data AvailabilityThe full, anonymized dataset has been uploaded to the Zenodo repository under the title of this paper. The link to the datasets and data documentation is the following: https://zenodo.org/record/3755474#.XpmGVMgzbIU."
PMC7402528,31153708,comparison,2019,Seminars in arthritis and rheumatism,1,1,none,
PMC7404016,32706727,comparison,2020,JMIR mHealth and uHealth,1,1,none,
PMC7407260,32706724,comparison,2020,JMIR mHealth and uHealth,1,1,none,
PMC7409239,32610499,comparison,2020,Journal of clinical medicine,1,1,none,
PMC7412848,32375671,comparison,2020,BMC gastroenterology,1,1,back-notes-type,Availability of data and materialsNot applicable.
PMC7417435,32850896,comparison,2020,Frontiers in medicine,1,1,none,
PMC7420172,32802753,comparison,2020,Health promotion perspectives,1,1,none,
PMC7423296,32818138,exposed,2020,Open forum infectious diseases,1,1,none,
PMC7424381,32832146,comparison,2020,Cardiology research and practice,1,1,back-sec-type,"Data AvailabilityAll data used in this study are included within the article, and a supplementary information file of meta-analysis plots is attached."
PMC7430098,32663096,comparison,2020,Journal of cerebral blood flow and metabolism : official journal of the International Society of Cerebral Blood Flow and Metabolism,1,1,none,
PMC7433293,27182693,comparison,2016,The Cochrane database of systematic reviews,1,0,none,
PMC7434332,32780019,comparison,2020,eLife,1,1,back-sec-type,Data availabilityAll data generated or analyzed during this study are included in the manuscript and supporting files.
PMC7436217,32757428,comparison,2020,Journal of clinical nursing,1,0,none,
PMC7437755,32871989,comparison,2020,Medicine,1,1,none,
PMC7439344,32309888,comparison,2020,Journal of clinical laboratory analysis,1,1,none,
PMC7444054,32831129,comparison,2020,"Substance abuse treatment, prevention, and policy",1,1,back-notes-type,Availability of data and materialsAll data regarding this research work is incorporated in the paper.
PMC7444708,32863999,comparison,2019,Archives of medical science : AMS,1,1,none,
PMC7446186,32831052,comparison,2020,BMC cancer,1,1,back-notes-type,"Availability of data and materialsAll the original data were provided in the main document, as well as the tables and figures. They can also be obtained from the Internet databases."
PMC7447410,32846804,comparison,2020,Medicine,1,1,none,
PMC7451461,32847922,comparison,2020,BMJ open,1,1,none,
PMC7455253,32866459,comparison,2020,The lancet. Psychiatry,1,1,none,
PMC7455719,32859925,exposed,2020,Communications biology,1,1,back-notes-type,"Data availabilityThe data that support the findings of this study are available as supplementary material and at https://github.com/drcarrot/Data_availability_study, 10.5281/zenodo.395330740."
PMC7456485,32904623,comparison,2020,Evidence-based complementary and alternative medicine : eCAM,1,1,none,
PMC7458200,32871877,comparison,2020,Medicine,1,1,none,
PMC7459157,32873269,comparison,2020,BMC pediatrics,1,1,back-notes-type,Availability of data and materialsData sharing is not applicable to this article as no datasets were generated or analysed during the current study.
PMC7459436,32579537,exposed,2020,JMIR research protocols,1,1,none,
PMC7469341,32883306,comparison,2020,BMC health services research,1,1,back-notes-type,Availability of data and materialsThe datasets used and/or analysed during the current study are available from the corresponding author on reasonable request. Project files for are available in the Figshare public repository: 10.21942/uva.9255335.
PMC7470253,32881961,comparison,2020,PloS one,1,1,front-notes-title,Data AvailabilityAll relevant data are within the manuscript and its Supporting Information files.
PMC7470535,32588806,comparison,2020,The American journal of tropical medicine and hygiene,1,0,none,
PMC7473428,32683381,comparison,2020,"Medicina oral, patologia oral y cirugia bucal",1,1,none,
PMC7478401,32899047,comparison,2020,Medicine,1,1,none,
PMC7479282,32939412,comparison,2020,Heliyon,1,1,none,
PMC7481259,33046293,comparison,2020,The American journal of emergency medicine,1,1,none,
PMC7482704,32953895,exposed,2020,Journal of education and health promotion,1,1,none,
PMC7487565,32939151,comparison,2020,Tropical medicine and health,1,1,back-notes-type,Availability of data and materialsAll data generated or analyzed during this study are included in this published article.
PMC7487593,32894127,comparison,2020,BMC international health and human rights,1,1,back-notes-type,Availability of data and materialsWe do not want to share our data to use for another study.
PMC7487843,32894159,comparison,2020,Trials,1,1,back-notes-type,Availability of data and materialsNot applicable.
PMC7488245,32912280,comparison,2020,World journal of emergency surgery : WJES,1,1,back-notes-type,Availability of data and materialsAll data generated or analyzed during this study are included in this published article [and its supplementary information files].
PMC7489493,33110417,comparison,2020,Frontiers in genetics,1,1,none,
PMC7489816,32865573,comparison,2020,JAMA network open,1,1,none,
PMC7490154,32504536,comparison,2020,"Advances in nutrition (Bethesda, Md.)",1,0,none,
PMC7490657,32982653,comparison,2019,"Breast care (Basel, Switzerland)",1,0,none,
PMC7490899,32928140,comparison,2020,BMC medical research methodology,1,1,back-notes-type,Availability of data and materialsPrimary data analysed during the current study are not publicly available as data contain potentially identifying and sensitive information. Secondary data analysed for the current study are available in the published literature and referenced as such throughout the manuscript.
PMC7492273,32934239,exposed,2020,Nature communications,1,1,back-notes-type,"Data availabilityRaw sequencing data accession IDs of all publicly available stool metagenome samples (and their corresponding studies) used in all analyses of this study are available in Supplementary Data 1 and Supplementary Data 4. Sequences for the dataset containing rheumatoid arthritis stool metagenomes used for GMHI validation have been deposited at NCBI’s Sequence Read Archive (SRA) data repository (BioProject number PRJNA598446), and can be downloaded without any restrictions. The deposited sequences include .fastq files for 49 patients with rheumatoid arthritis. Measurements were taken from distinct samples. Human reads were identified and removed prior to data upload."
PMC7493111,32933964,comparison,2020,BMJ open,1,1,none,
PMC7493807,32958993,exposed,2020,Environmental modelling & software : with environment data news,1,1,none,
PMC7497515,32591972,comparison,2020,Osteoporosis international : a journal established as result of cooperation between the European Foundation for Osteoporosis and the National Osteoporosis Foundation of the USA,1,1,back-sec-type,Availability of data and materialAll data and materials are contained within the manuscript.
PMC7500058,31291483,comparison,2019,Journal of traumatic stress,1,1,none,
PMC7505302,32957310,comparison,2020,Medicine,1,1,none,
PMC7505642,32968588,exposed,2020,Cureus,1,1,none,
PMC7518084,33042805,comparison,2020,Frontiers in oncology,1,1,none,
PMC7520828,32978204,comparison,2020,BMJ open,1,1,none,
PMC7523859,32991430,comparison,2020,Medicine,1,1,none,
PMC7523867,32991428,comparison,2020,Medicine,1,1,none,
PMC7527287,33046289,comparison,2020,The American journal of emergency medicine,1,1,none,
PMC7528087,32999273,comparison,2020,Translational psychiatry,1,1,none,
PMC7528358,32998929,exposed,2020,BMJ open,1,1,none,
PMC7529022,33062825,exposed,2020,Asia-Pacific journal of oncology nursing,1,1,none,
PMC7529954,32666826,comparison,2020,"Clinical trials (London, England)",1,1,none,
PMC7531263,33072558,comparison,2020,Frontiers in oncology,1,1,none,
PMC7539966,32394589,comparison,2020,Pharmacoepidemiology and drug safety,1,1,none,
PMC7542529,33031522,comparison,2021,JAMA cardiology,1,1,none,
PMC7544065,33031427,comparison,2020,PloS one,1,1,front-notes-title,Data AvailabilityAll relevant data are within the manuscript and its Supporting Information files.
PMC7551236,33044505,comparison,2021,JAMA neurology,1,0,none,
PMC7552872,33039994,comparison,2020,BMJ open,1,1,none,
PMC7554223,32911130,comparison,2020,Accident; analysis and prevention,1,1,none,
PMC7558380,32842592,comparison,2020,Tropical medicine and infectious disease,1,1,none,
PMC7565353,33066756,comparison,2020,BMC geriatrics,1,1,back-notes-type,Availability of data and materialsThe datasets used and analyzed during the current study are available from the corresponding author on reasonable request.
PMC7566730,33060081,comparison,2020,BMJ open,1,1,none,
PMC7567524,33100377,exposed,2020,Journal of experimental social psychology,1,1,none,
PMC7572247,33088209,comparison,2020,Tropical medicine and health,1,1,back-notes-type,Availability of data and materialsData will be available upon request of the corresponding author.
PMC7572500,33077758,comparison,2020,Scientific reports,1,1,back-notes-type,Data availabilityAll data utilized in this study are available from the corresponding upon request.
PMC7572986,32661931,comparison,2020,Journal of general internal medicine,1,0,none,
PMC7574232,33076844,comparison,2020,BMC medical genetics,1,1,back-notes-type,Availability of data and materialsThe dataset analyzed for thisstudyis available from the Additional file 1.
PMC7575467,32914292,comparison,2020,Drug safety,1,1,back-notes-title,Availability of data and material (data transparency)All data generated and analysed during this study are included in this published article and its supplementary information files.
PMC7578506,33145051,comparison,2020,Journal of thoracic disease,1,1,none,
PMC7583155,33134830,comparison,2020,JNCI cancer spectrum,1,1,none,
PMC7584210,33095807,comparison,2020,PloS one,1,1,front-notes-title,Data AvailabilityAll relevant data are within the manuscript and its Supporting Information files.
PMC7588081,33104730,comparison,2020,PloS one,1,1,front-notes-title,Data AvailabilityAll relevant data are within the manuscript and its Supporting Information files.
PMC7588865,33134603,comparison,2020,Contemporary clinical trials communications,1,1,none,
PMC7589045,33086485,comparison,2020,International journal of environmental research and public health,1,1,none,
PMC7590483,33109112,comparison,2020,BMC pregnancy and childbirth,1,1,back-notes-type,Availability of data and materialsAll data generated or analyzed during this study are included in this published article and its additional file.
PMC7590713,33372621,exposed,2020,Journal of cheminformatics,1,1,back-notes-type,"Availability of data and materialsThe code for DECIMER is available at https://github.com/Kohulan/DECIMER, https://github.com/Kohulan/DECIMER-Image-to-SMILES."
PMC7592505,33109098,comparison,2020,BMC anesthesiology,1,1,back-notes-type,Availability of data and materialsThe data used and/or analyzed during the current study are available from the corresponding author on reasonable request.
PMC7592550,33115523,comparison,2020,Orphanet journal of rare diseases,1,1,back-notes-type,Availability of data and materialsNot applicable.
PMC7595068,33150223,comparison,2020,Journal of preventive medicine and hygiene,1,1,none,
PMC7606934,33194733,comparison,2020,Frontiers in oncology,1,1,none,
PMC7609884,33192414,exposed,2020,Frontiers in human neuroscience,1,1,none,
PMC7610716,33954268,comparison,2018,BMJ open science,1,1,none,
PMC7610906,34095516,comparison,2020,BMJ open science,1,1,none,
PMC7611896,34608322,comparison,2021,Nature methods,1,1,none,
PMC7617163,38964475,comparison,2024,Journal of neuroscience methods,1,1,back-sec-type,Data availabilityThe underlying data are openly available via the AD-SOLES app or the Open Science Framework project.
PMC7617657,40352760,comparison,2025,Clinical nutrition open science,1,1,back-sec-type,Data availability statementData are available upon reasonable request.
PMC7644083,33152747,comparison,2020,PloS one,1,1,front-notes-title,Data AvailabilityThe data are all contained within the paper and supporting information files.
PMC7644194,32195620,comparison,2020,Human vaccines & immunotherapeutics,1,0,none,
PMC7644557,33196023,comparison,2020,iScience,1,1,none,
PMC7645187,32741229,comparison,2020,"Interventional neuroradiology : journal of peritherapeutic neuroradiology, surgical procedures and related neurosciences",1,0,none,
PMC7646157,33192192,comparison,2020,Journal of chiropractic medicine,1,0,none,
PMC7646896,29788283,comparison,2018,Journal of the American Medical Informatics Association : JAMIA,1,0,none,
PMC7647072,33156885,comparison,2020,PloS one,1,1,front-notes-title,Data AvailabilityThis is a registered report protocol. The data collected in this research project will be made available upon finalization of the study together with corresponding statistical programming code and Shiny Apps.
PMC7647150,30445467,comparison,2018,Journal of the American Medical Informatics Association : JAMIA,1,0,none,
PMC7647570,33157935,comparison,2020,Medicine,1,1,none,
PMC7652970,33107008,comparison,2020,Journal of general internal medicine,1,0,none,
PMC7653707,33167884,comparison,2020,BMC geriatrics,1,1,back-notes-type,Availability of data and materialsThe datasets used and/or analysed during the current study are available from the corresponding author on reasonable request.
PMC7653817,33292564,comparison,2020,Archives of public health = Archives belges de sante publique,1,1,back-notes-type,Availability of data and materialsThe datasets analyzed during the current study are available from the corresponding author upon reasonable request.
PMC7654089,27301747,comparison,2016,Journal of the American Medical Informatics Association : JAMIA,1,0,none,
PMC7655131,33194685,comparison,2020,Frontiers in oncology,1,1,none,
PMC7659921,33002137,exposed,2020,Database : the journal of biological databases and curation,1,1,none,
PMC7661369,33177137,comparison,2020,BMJ open,1,1,none,
PMC7666424,33185677,comparison,2020,JAMA network open,1,1,none,
PMC7667083,33224856,comparison,2020,Gland surgery,1,0,none,
PMC7667659,33198786,comparison,2020,"Critical care (London, England)",1,1,back-notes-type,Availability of data and materialsAll data generated or analysed during this study are included in this published article [and its supplementary information files].
PMC7667924,32135583,comparison,2020,Gut and liver,1,1,none,
PMC7670625,33198814,exposed,2020,Journal of biomedical semantics,1,1,back-notes-type,Availability of data and materialsAll data generated or analysed during the study are included in this published article and its supplementary information files.
PMC7677590,33170800,comparison,2020,JMIR research protocols,1,1,none,
PMC7678182,33218342,comparison,2020,Reproductive biology and endocrinology : RB&E,1,1,back-notes-type,Availability of data and materialsAll data generated or analyzed during this study are included in the supplementary information files.
PMC7678214,33213434,comparison,2020,Reproductive health,1,1,back-notes-type,Availability of data and materialAll data generated or analyzed during this study are included in this article.
PMC7682068,33225901,comparison,2020,BMC cancer,1,1,back-notes-type,Availability of data and materialsThe datasets used and/or analyzed in this study are available from the corresponding author upon reasonable request.
PMC7691700,32184277,comparison,2020,BMJ evidence-based medicine,1,1,none,
PMC7695599,33262602,exposed,2020,Journal of multidisciplinary healthcare,1,1,none,
PMC7695817,33294212,exposed,2020,Journal of virus eradication,1,1,none,
PMC7696196,33187271,comparison,2020,"Pathogens (Basel, Switzerland)",1,1,none,
PMC7698976,30794049,exposed,2019,Journal of neurotrauma,1,0,none,
PMC7699593,33233523,comparison,2020,Animals : an open access journal from MDPI,1,1,none,
PMC7704447,32219640,comparison,2020,Clinical autonomic research : official journal of the Clinical Autonomic Research Society,1,1,none,
PMC7705552,33257483,comparison,2020,BMJ open,1,1,none,
PMC7706207,33292815,comparison,2020,Research integrity and peer review,1,1,back-notes-type,Availability of data and materialsAll data generated or analyzed during this study are included in this published article and its supplementary information files.
PMC7709644,33172059,comparison,2020,Tropical medicine and infectious disease,1,1,back-notes-type,Data Availability StatementDe-identified study data are available on reasonable request from the corresponding author (zachariahr@who.int). A justification for its further use should be provided.
PMC7710242,33235119,comparison,2020,Medicine,1,1,none,
PMC7713895,33335712,comparison,2020,F1000Research,1,1,none,
PMC7716193,33270124,comparison,2020,JAMA network open,1,1,none,
PMC7717018,32921721,comparison,2020,Acta bio-medica : Atenei Parmensis,1,1,none,
PMC7717727,33285715,comparison,2020,Medicine,1,1,none,
PMC7718054,33294453,comparison,2020,BioMed research international,1,1,back-sec-type,Data AvailabilityThe data is available upon request.
PMC7719278,33312499,comparison,2020,Journal of global health,1,1,none,
PMC7724568,33291141,comparison,2021,JAMA psychiatry,1,0,none,
PMC7725092,33293395,comparison,2020,BMJ open,1,1,none,
PMC7725412,33312801,comparison,2020,Cureus,1,1,none,
PMC7727214,33302886,comparison,2020,BMC medical research methodology,1,1,back-notes-type,Availability of data and materialsThe data of the repository databank is semi-public and can be accessed from the corresponding author upon reasonable request. A data extraction table is available in App. 2.Competing interests and funding: We have no conflicts of interest to disclose and no funding to report.
PMC7727384,32935131,comparison,2020,Journal of the American Medical Informatics Association : JAMIA,1,0,none,
PMC7727417,33344004,comparison,2020,International journal of sports physical therapy,1,0,none,
PMC7728711,33329904,comparison,2020,Safety and health at work,1,1,none,
PMC7732283,33052138,comparison,2020,Aging,1,1,none,
PMC7733894,33328762,comparison,2020,Cancer management and research,1,1,none,
PMC7735615,33315904,comparison,2020,PloS one,1,1,front-notes-title,Data AvailabilityAll relevant data are within the manuscript and its Supporting Information files.
PMC7736351,33318608,comparison,2020,Scientific reports,1,1,none,
PMC7737772,33179363,comparison,2020,Protein science : a publication of the Protein Society,1,0,none,
PMC7737973,33320847,comparison,2020,PloS one,1,1,front-notes-title,Data AvailabilityAll data are used in manuscript.
PMC7738024,33327349,comparison,2020,Medicine,1,1,none,
PMC7738071,33327292,comparison,2020,Medicine,1,1,none,
PMC7744157,33252643,comparison,2020,"Human reproduction (Oxford, England)",1,1,none,
PMC7747156,32538284,comparison,2020,Journal of cerebral blood flow and metabolism : official journal of the International Society of Cerebral Blood Flow and Metabolism,1,0,none,
PMC7747548,33334836,comparison,2020,BMJ open,1,1,none,
PMC7762449,33376409,comparison,2020,Clinical epidemiology,1,1,none,
PMC7766843,33339360,comparison,2020,Vaccines,1,1,none,
PMC7767185,33561043,comparison,2020,"Healthcare (Basel, Switzerland)",1,1,none,
PMC7769322,33350719,comparison,2020,Medicine,1,1,none,
PMC7777267,33388090,comparison,2021,"Maternal health, neonatology and perinatology",1,1,back-notes-type,Availability of data and materialsThe datasets used and/or analyzed during the current study are available from the corresponding author on reasonable request.
PMC7778773,33376163,comparison,2020,BMJ open,1,1,none,
PMC7779000,33170273,exposed,2021,Nucleic acids research,1,0,none,
PMC7780419,33380413,comparison,2020,BMJ global health,1,1,back-sec-type,Data availability statementData are available on request. We permit the sharing of data from this research article. All data published in this article are available on written request to authors.
PMC7780720,33380477,comparison,2020,BMJ open,1,1,none,
PMC7784329,33397403,comparison,2021,The international journal of behavioral nutrition and physical activity,1,1,back-notes-type,Availability of data and materialsN/A
PMC7785662,32628288,comparison,2020,Journal of oral rehabilitation,1,1,none,
PMC7786931,33407775,comparison,2021,Systematic reviews,1,1,back-notes-type,Availability of data and materialsThe datasets used and/or analyzed during the current study are available from the corresponding author on reasonable request.
PMC7793437,33429757,comparison,2021,Medicine,1,1,none,
PMC7793444,33429808,comparison,2021,Medicine,1,1,none,
PMC7793803,33425758,comparison,2020,Frontiers in oncology,1,1,none,
PMC7802036,33487797,exposed,2020,Indian journal of psychological medicine,1,1,none,
PMC7804986,33490934,comparison,2020,JHEP reports : innovation in hepatology,1,1,none,
PMC7809662,33511178,comparison,2021,World journal of clinical cases,1,1,none,
PMC7809965,32096774,comparison,2020,La Medicina del lavoro,1,1,none,
PMC7811423,33505222,comparison,2021,Mediators of inflammation,1,1,back-sec-type,Data AvailabilityAll data are hosted online at OPEN (Open Patient data Explorative Network) and are available from the corresponding author on reasonable request and approval from The Regional Committees on Health Research Ethics for Southern Denmark and the National Danish Data Protection Agency https://www.sdu.dk/da/om_sdu/institutter_centre/klinisk_institut/forskning/forskningsenheder/open.Aspx.
PMC7811997,32972048,comparison,2020,Cancer research and treatment,1,1,none,
PMC7813983,33469422,comparison,2021,Frontiers in human neuroscience,1,1,none,
PMC7816346,33472653,comparison,2021,Reproductive biology and endocrinology : RB&E,1,1,back-notes-type,Availability of data and materialsThe datasets used during the current study are available from the corresponding author on reasonable request.
PMC7816464,33472706,comparison,2021,"Advances in simulation (London, England)",1,1,back-notes-type,Availability of data and materialsThe datasets used and/or analyzed during the current study are available from the corresponding author on reasonable request.
PMC7817852,33489910,comparison,2021,Frontiers in oncology,1,1,none,
PMC7817869,32439303,comparison,2020,Brazilian journal of physical therapy,1,0,none,
PMC7820696,33489874,comparison,2021,Frontiers in oncology,1,1,none,
PMC7821475,33482883,comparison,2021,Trials,1,1,back-notes-type,Availability of data and materialsThe datasets used and/or analysed during the current study are available from the corresponding author on reasonable request and with the permission of the members of the EPOCH Collaboration.
PMC7822079,33583994,exposed,2018,Science & public policy,1,1,none,
PMC7824931,33485299,comparison,2021,Environmental health and preventive medicine,1,1,back-notes-type,Availability of data and materialsThe datasets used and/or analyzed during the current study are available from the corresponding author and can access on reasonable request.
PMC7826798,33440623,comparison,2021,International journal of environmental research and public health,1,1,none,
PMC7827691,33435383,comparison,2021,Marine drugs,1,1,back-notes-type,Data Availability StatementThe data presented in this study are fully available in the main text of this article.
PMC7832677,33376008,comparison,2020,Journal of the Formosan Medical Association = Taiwan yi zhi,1,1,none,
PMC7834682,33279656,exposed,2020,Contemporary clinical trials,1,1,none,
PMC7837836,33546009,comparison,2021,Medicine,1,1,none,
PMC7837888,33546016,comparison,2021,Medicine,1,1,none,
PMC7838157,33521020,comparison,2021,Frontiers in medicine,1,1,none,
PMC7840047,33503050,comparison,2021,PloS one,1,1,front-notes-title,Data AvailabilityAll relevant data are within the paper and its Supporting Information files.
PMC7841910,33509305,comparison,2021,Tropical medicine and health,1,1,back-notes-type,Availability of data and materialsDatasets generated and analyzed during this meta-analysis are available from the corresponding author on request.
PMC7843735,33520867,comparison,2020,Journal of diabetes and metabolic disorders,1,0,none,
PMC7844597,33507256,exposed,2021,JAMA network open,1,1,none,
PMC7846123,33465076,comparison,2021,PLoS neglected tropical diseases,1,1,front-notes-title,Data AvailabilityAll relevant data are within the manuscript and its Supporting Information files.
PMC7849146,33522949,comparison,2021,"Tropical diseases, travel medicine and vaccines",1,1,back-notes-type,Availability of data and materialsWe do not want to share our data to use for another study.
PMC7852089,33531050,comparison,2021,"Maternal health, neonatology and perinatology",1,1,back-notes-type,Availability of data and materialsThe data sets generated during the current study are available from the corresponding author on reasonable request.
PMC7852942,33526503,comparison,2021,BMJ open,1,1,none,
PMC7857626,33534830,comparison,2021,PloS one,1,1,front-notes-title,Data AvailabilityAll relevant data are within the manuscript and its Supporting Information files.
PMC7859015,33564577,comparison,2021,Plastic and reconstructive surgery. Global open,1,1,none,
PMC7869485,33557766,comparison,2021,BMC pregnancy and childbirth,1,1,back-notes-type,Availability of data and materialsThis study was based on a literature review of published studies in Sub-Saharan Africa. Anyone who needs to access the data can contact the author concerning the studies included in the analysis. The reference list can also be used to directly access the articles.
PMC7870685,33575267,comparison,2021,Frontiers in medicine,1,1,none,
PMC7874703,33817069,comparison,2018,Open life sciences,1,1,none,
PMC7875686,33502327,comparison,2021,JMIR research protocols,1,1,none,
PMC7877470,33355289,comparison,2021,eNeuro,1,1,none,
PMC7879697,33573591,comparison,2021,BMC medical research methodology,1,1,back-notes-type,Availability of data and materialsAll data generated or analysed during this study are included in this published article and its supplementary information files.
PMC7881148,33580106,comparison,2021,Scientific reports,1,1,back-notes-type,Data availabilityAny of the data generated in this study are available from the corresponding author on reasonable request.
PMC7881359,33576818,comparison,2021,JAMA network open,1,1,none,
PMC7882418,33612885,exposed,2021,Scientometrics,1,1,none,
PMC7886612,33528373,exposed,2021,JMIR research protocols,1,1,none,
PMC7890316,33613766,comparison,2021,Journal of Cancer,1,1,none,
PMC7891481,33602275,exposed,2021,Trials,1,1,back-notes-type,"Availability of data and materialsFollowing publication, all primary data tables will be upon request to rli@vivli.org."
PMC7899793,33618741,comparison,2021,BMC medicine,1,1,back-notes-type,Availability of data and materialsFollowing publication data will be freely available on the NIHR CRSU website.
PMC7899907,33607862,comparison,2021,Medicine,1,1,none,
PMC7901456,33136026,comparison,2020,The journal of international advanced otology,1,0,none,
PMC7902022,33633639,comparison,2021,Frontiers in psychology,1,1,none,
PMC7902101,33032337,comparison,2020,European journal of dentistry,1,1,none,
PMC7902583,33047212,comparison,2020,Applied health economics and health policy,1,1,back-notes-title,Availability of data and materialAll data generated or analyzed during this study are included in this published article and its supplementary information files.
PMC7909217,33718599,comparison,2020,Comprehensive results in social psychology,1,1,back-sec-type,"Data availability statementThe data that support the findings of this study are openly available in the Open Science Framework at http://doi.10.17605/OSF.IO/EF59B, reference Brohmer et al. (2017)."
PMC7910053,33680424,comparison,2021,Journal of thyroid research,1,1,back-sec-type,Data AvailabilityThe data used to support the findings of this study are included within the article as tables.
PMC7912587,33498688,comparison,2021,Vaccines,1,1,none,
PMC7916997,33641673,comparison,2021,Global health research and policy,1,1,back-notes-type,Availability of data and materialsThe data generated from this review is provided in the supplementary information files.
PMC7918394,33594864,comparison,2021,Brazilian journal of cardiovascular surgery,1,1,none,
PMC7923824,33648597,comparison,2021,Clinical diabetes and endocrinology,1,1,back-notes-type,Availability of data and materialsThe datasets used and/or analyzed during the current study are available from the corresponding author on reasonable request.
PMC7924359,33672692,comparison,2021,Nutrients,1,1,back-notes-type,Data Availability StatementNot applicable.
PMC7925154,33591280,exposed,2021,Journal of medical Internet research,1,1,none,
PMC7928985,33479720,exposed,2021,European journal of public health,1,0,none,
PMC7930867,33291041,comparison,2020,Sexual medicine,1,1,none,
PMC7937601,33048338,comparison,2020,Acta neurologica Belgica,1,1,none,
PMC7938590,33685519,exposed,2021,Journal of cheminformatics,1,1,back-notes-type,"Availability of data and materialsAll the files needed to generate PubChemLite are available and updated at least weekly on the PubChem FTP website (https://ftp.ncbi.nlm.nih.gov/pubchem/) [61], all code to create PubChemLite with selected bit lists is available from the Environmental Cheminformatics group GitLab repository (https://git-r3lab.uni.lu/eci/pubchem/-/tree/master/pubchemlite) [62]. Fixed versions of PubChemLite mentioned in this manuscript are all archived on Zenodo [35, 36, 40, 49]. PubChemLite will be created and deposited to Zenodo at regular intervals following automatic checks [69], to allow integration with MetFrag [27], and offer download files for external users. The annotation content of the NORMAN-SLE (https://www.norman-network.com/nds/SLE/) [30] is being progressively added to PubChem [45], with all data available on PubChem [68] and Zenodo (https://zenodo.org/communities/norman-sle) [44]. The addition of new substances deposited to the NORMAN-SLE to PubChem is automated through mapping files and updated monthly (or more regularly if needed)."
PMC7940278,33483761,comparison,2021,Diabetologia,1,1,back-notes-type,Data availabilityThe raw datasets used during the current study are included in ESM Tables 1–3.
PMC7942230,28439754,comparison,2018,AIDS and behavior,1,1,none,
PMC7944546,33682495,comparison,2021,The Journal of international medical research,1,1,none,
PMC7946440,32391979,comparison,2020,Journal of neuroimaging : official journal of the American Society of Neuroimaging,1,1,none,
PMC7951891,33705401,comparison,2021,PloS one,1,1,front-notes-title,Data AvailabilityAll relevant data are within the manuscript.
PMC7952180,33747096,comparison,2021,Journal of tropical medicine,1,1,back-sec-type,Data AvailabilityThe data used and analyzed during the current study are available within the manuscript and supplementary materials.
PMC7952474,33704610,comparison,2021,The ultrasound journal,1,1,back-notes-type,Availability of data and materialThe datasets used and analyzed during the current study are available from the corresponding author on reasonable request.
PMC7955384,33283576,comparison,2020,Journal of the American Heart Association,1,1,none,
PMC7955971,33517431,comparison,2021,Neurosurgery,1,1,none,
PMC7959217,33722870,exposed,2021,BMJ open,1,1,none,
PMC7959222,33712523,comparison,2021,BMJ open,1,1,none,
PMC7966874,33767801,comparison,2021,The World Allergy Organization journal,1,1,none,
PMC7968525,33796274,exposed,2020,F1000Research,1,1,none,
PMC7970041,33746895,comparison,2021,Frontiers in neurology,1,1,none,
PMC7974529,33753994,comparison,2021,Journal of Cancer,1,1,back-sec-type,Data availability statementThe datasets used in the current study are available from the corresponding author upon reasonable request.
PMC7978365,33740002,comparison,2021,PloS one,1,1,front-notes-title,Data AvailabilityAll relevant data are within the manuscript and its Supporting Information files.
PMC7979486,33581247,comparison,2021,"Brain, behavior, and immunity",1,1,none,
PMC7980796,33776130,comparison,2021,Indian journal of orthopaedics,1,1,none,
PMC7986760,33741659,exposed,2021,BMJ open,1,1,none,
PMC7991837,33777732,comparison,2021,Frontiers in oncology,1,1,none,
PMC7994473,33867708,comparison,2020,Indian journal of clinical biochemistry : IJCB,1,0,none,
PMC8015016,33789611,comparison,2021,BMC pregnancy and childbirth,1,1,back-notes-type,Availability of data and materialsAll data generated or analyzed during this study are included in this published article and its supplementary information files.
PMC8015172,33789717,comparison,2021,Systematic reviews,1,1,back-notes-type,Availability of data and materialsThe datasets generated and/or analysed during the study are available on request.
PMC8016083,33789852,comparison,2021,BMJ open,1,1,none,
PMC8017440,33815269,comparison,2021,Frontiers in endocrinology,1,1,none,
PMC8017804,33794909,comparison,2021,Reproductive biology and endocrinology : RB&E,1,1,back-notes-type,"Availability of data and materialsAny requests for data by qualified scientific and medical researchers for legitimate research purposes will be subject to Merck KGaA’s Data Sharing Policy. All requests should be submitted in writing to Merck KGaA’s data sharing portal https://www.merckgroup.com/en/research/our-approach-to-research-and-development/healthcare/clinical-trials/commitment-responsible-data-sharing.html. When Merck KGaA has a co-research, co-development, or co-marketing or co-promotion agreement, or when the product has been out-licensed, the responsibility for disclosure might be dependent on the agreement between parties. Under these circumstances, Merck KGaA will endeavour to gain agreement to share data in response to requests."
PMC8022392,33820557,comparison,2021,Systematic reviews,1,1,none,
PMC8024117,32683811,exposed,2020,Clinical and experimental pediatrics,1,1,none,
PMC8024784,34083844,exposed,2021,Research policy,1,1,none,
PMC8025980,33870051,exposed,2021,Frontiers in research metrics and analytics,1,1,none,
PMC8026199,33826660,comparison,2021,PloS one,1,1,front-notes-title,Data AvailabilityAll relevant data are within the paper and its Supporting Information files.
PMC8028762,33827569,comparison,2021,BMC medicine,1,1,back-notes-type,Availability of data and materialsThe CSRs used for this study are available at the EMA’s clinical data Website. All data files and the code for the statistical analysis are available from the Open Science Framework database (link: https://osf.io/mabyu/?view_only=d58aea7810234c229e593549569bc42d).
PMC8048275,33853643,comparison,2021,Trials,1,1,back-notes-type,Availability of data and materialsThe datasets are available from the corresponding author on reasonable request.
PMC8049134,33954235,exposed,2021,PeerJ. Computer science,1,1,none,
PMC8049443,33898048,comparison,2020,Neuro-oncology practice,1,0,none,
PMC8051985,33847656,comparison,2021,Medicine,1,1,none,
PMC8052132,33898952,comparison,2021,EClinicalMedicine,1,1,back-sec-title,Data sharing statementThe data used in this study were gathered from publicly available studies and available from the corresponding authors upon reasonable request.
PMC8052182,33897305,comparison,2021,TheScientificWorldJournal,1,1,back-sec-type,Data AvailabilityThe data generated or analyzed during this study are included within the article.
PMC8055029,33872343,exposed,2021,PloS one,1,1,front-notes-title,Data AvailabilityAll relevant data are within the manuscript and its Supporting information files.
PMC8057587,33878126,comparison,2021,PloS one,1,1,front-notes-title,"Data AvailabilityAll data, including the ""minimal dataset,"" and syntax can be found here: https://osf.io/m3nju/."
PMC8058062,33879774,comparison,2021,Translational psychiatry,1,1,none,
PMC8059663,33775145,exposed,2021,"Philosophical transactions. Series A, Mathematical, physical, and engineering sciences",1,1,none,
PMC8060079,33954170,comparison,2021,BioMed research international,1,1,back-sec-type,Data AvailabilityThe data of Table 1 used to support the findings of our study are included within the article (see References).
PMC8061146,30419997,comparison,2018,Epidemiology and psychiatric sciences,1,1,back-notes-title,Availability of data and materialsThe data regarding the process of screening and selection of the articles included in this systematic review are available in an online Supplementary material.
PMC8063550,33953907,exposed,2021,F1000Research,1,1,none,
PMC8065680,33808419,comparison,2021,Membranes,1,1,none,
PMC8072296,33935332,exposed,2021,Scientometrics,1,1,back-notes-type,Data availabilityThe data generated and used during this research are openly available from Zenodo.org public repository at https://doi.org/10.5281/zenodo.3967025.
PMC8085254,33937289,comparison,2021,Frontiers in medicine,1,1,none,
PMC8085375,33902358,comparison,2021,Technology in cancer research & treatment,1,1,none,
PMC8086717,33981478,comparison,2021,"Tremor and other hyperkinetic movements (New York, N.Y.)",1,1,none,
PMC8087456,33831928,comparison,2021,Obstetrics and gynecology,1,1,none,
PMC8094598,33941282,exposed,2021,Systematic reviews,1,1,back-notes-type,Availability of data and materialsAll data generated or analysed during this study are included in this published article.
PMC8095004,33045104,comparison,2020,The Cochrane database of systematic reviews,1,0,none,
PMC8096374,33146385,comparison,2021,Journal of the National Cancer Institute,1,0,none,
PMC8096697,33871421,exposed,2021,Current opinion in pediatrics,1,1,none,
PMC8107272,33981259,comparison,2021,Frontiers in psychiatry,1,1,none,
PMC8107617,34012630,comparison,2021,Journal of gastrointestinal oncology,1,0,none,
PMC8107741,34012786,comparison,2021,Translational lung cancer research,1,1,none,
PMC8112250,33647518,comparison,2021,Journal of biomedical informatics,1,1,none,
PMC8113684,33997773,comparison,2021,Frontiers in artificial intelligence,1,1,none,
PMC8118011,33986001,comparison,2021,BMJ global health,1,1,back-sec-type,Data availability statementAll data relevant to and included in the study are presented in the article or uploaded as supplemental information.
PMC8118094,33997788,comparison,2021,IEEE open journal of engineering in medicine and biology,1,1,none,
PMC8118127,33996936,comparison,2021,Frontiers in cardiovascular medicine,1,1,none,
PMC8118451,33983972,exposed,2021,PloS one,1,1,front-notes-title,"Data AvailabilityAll materials (data, code and supporting information) are available from GitHub (https://github.com/mcguinlu/data-availability-impact), archived at time of submission on Zenodo (DOI: 10.5281/zenodo.3968301)."
PMC8119822,33835731,comparison,2021,Brain and behavior,1,1,back-sec-type,DATA AVAILABILITY STATEMENTAll data collected or analyzed for this study are available from the corresponding author upon reasonable request to any researchers.
PMC8121254,33996556,comparison,2021,Frontiers in oncology,1,1,none,
PMC8125808,34066674,comparison,2021,Journal of clinical medicine,1,1,back-notes-type,Data Availability StatementThe data presented in this study are openly available in Medline and Embase.
PMC8128274,33951050,comparison,2021,PLoS biology,1,1,front-notes-title,Data AvailabilityAll relevant data files are either within the Supporting information or available from the following links: the DOI to the OSF project containing this data: DOI 10.17605/OSF.IO/W3JUH and the OSF link: https://osf.io/tkcvs/.
PMC8134840,33246869,comparison,2020,Brazilian journal of physical therapy,1,0,none,
PMC8137205,34011602,comparison,2021,BMJ open,1,1,none,
PMC8137890,34026886,comparison,2021,Frontiers in veterinary science,1,1,none,
PMC8143968,33819967,comparison,2021,Zhongguo fei ai za zhi = Chinese journal of lung cancer,1,1,none,
PMC8144050,34020976,comparison,2021,BMJ open,1,1,none,
PMC8160040,33405188,comparison,2021,PharmacoEconomics - open,1,1,back-notes-title,Availability of data and materialNot applicable.
PMC8160156,34039578,exposed,2021,BMJ open,1,1,none,
PMC8160201,34039577,comparison,2021,BMJ open,1,1,none,
PMC8160596,34042995,comparison,2021,JAMA network open,1,1,none,
PMC8160971,34065451,comparison,2021,Biomedicines,1,1,back-notes-type,Data Availability StatementThe data presented in this study are openly available in figshare [46]. Source codes to replicate the study are also freely available at GitHub under the MIT license [25].
PMC8161573,34049528,comparison,2021,BMC musculoskeletal disorders,1,1,back-notes-type,Availability of data and materialsAll data generated or analyzed during this study are included in this published article and its supplementary information files.
PMC8164069,34051864,comparison,2021,Systematic reviews,1,1,back-notes-type,Availability of data and materialsThe protocol of this systematic review will be available from the corresponding author on reasonable request.
PMC8164427,34104290,comparison,2021,The Pan African medical journal,1,1,none,
PMC8167716,33917520,comparison,2021,"Current oncology (Toronto, Ont.)",1,1,back-notes-type,Data Availability StatementThe data presented in this study are available in the main text.
PMC8170376,34123762,comparison,2021,Restorative dentistry & endodontics,1,1,none,
PMC8174505,34083227,comparison,2021,BMJ open gastroenterology,1,1,back-sec-type,"Data availability statementData are available in a public, open access repository. Data used were only published data."
PMC8174800,34523256,comparison,2021,Clinical and translational allergy,1,1,none,
PMC8176404,34093840,comparison,2021,Journal of Cancer,1,1,none,
PMC8177464,34086796,comparison,2021,PloS one,1,1,front-notes-title,Data AvailabilityThe complete data set is available in the supporting information.
PMC8182778,33759745,comparison,2021,Deutsches Arzteblatt international,1,0,none,
PMC8183778,34087901,comparison,2021,Medicine,1,1,none,
PMC8185489,34103009,comparison,2021,BMC medical research methodology,1,1,none,
PMC8186677,33689229,comparison,2021,Nursing open,1,1,back-sec-type,DATA AVAILABILITY STATEMENTThe data that support the findings of this study are available from the corresponding author upon reasonable request.
PMC8189616,34124603,comparison,2021,Cardiovascular endocrinology & metabolism,1,1,none,
PMC8191241,34188638,comparison,2021,Saudi journal of anaesthesia,1,1,none,
PMC8193495,34042592,comparison,2021,Journal of medical Internet research,1,1,none,
PMC8198990,34070881,comparison,2021,International journal of environmental research and public health,1,1,back-notes-type,Data Availability StatementAll data related to this study was available in the main manuscript and supplementary files.
PMC8201284,34204147,exposed,2021,International journal of environmental research and public health,1,1,none,
PMC8202588,34115000,comparison,2021,Medicine,1,1,none,
PMC8204179,34127453,comparison,2021,BMJ open quality,1,1,none,
PMC8215447,34163491,comparison,2021,Frontiers in immunology,1,1,none,
PMC8218699,34156445,exposed,2021,Database : the journal of biological databases and curation,1,1,none,
PMC8220077,34179136,comparison,2021,Frontiers in cardiovascular medicine,1,1,none,
PMC8220455,34158290,comparison,2021,BMJ open,1,1,back-sec-type,Data availability statementNo data are available.
PMC8222810,34177776,comparison,2021,Frontiers in neurology,1,1,none,
PMC8222877,34096034,comparison,2021,Acta obstetricia et gynecologica Scandinavica,1,0,none,
PMC8223940,34142676,comparison,2021,La Medicina del lavoro,1,1,none,
PMC8229134,34071695,comparison,2021,"Diagnostics (Basel, Switzerland)",1,1,back-notes-type,Data Availability StatementNot applicable.
PMC8232519,34170953,comparison,2021,PloS one,1,1,front-notes-title,Data AvailabilityAll relevant data from this study will be made available upon study completion.
PMC8238282,34160388,comparison,2021,Medicine,1,1,none,
PMC8242915,34226800,comparison,2021,Learned publishing : journal of the Association of Learned and Professional Society Publishers,1,1,back-sec-type,DATA AVAILABILITY STATEMENTThe authors confirm that the data supporting the findings of this study are available within the article and its supplementary material.
PMC8246804,33386768,comparison,2021,Research in nursing & health,1,1,none,
PMC8248360,34220930,exposed,2021,Frontiers in genetics,1,1,none,
PMC8253437,34214134,comparison,2021,PloS one,1,1,front-notes-title,"Data AvailabilityWe have uploaded the pilot study data and the code for analyzing it on PsychArchives (https://www.psycharchives.org/), a platform for sharing psychological data sets and other digital research materials. The data of the pilot study (including meta-data about variables and values) is accessible via the DOI: http://dx.doi.org/10.23668/psycharchives.4798 The analysis scripts for the pilot study are accessible via the DOI: http://dx.doi.org/10.23668/psycharchives.4799 Additionally, we will also share all data of the main study on PsychArchives after study completion."
PMC8253697,34224834,comparison,2021,Journal of clinical epidemiology,1,1,none,
PMC8254592,33355291,comparison,2020,Evidence-based mental health,1,0,none,
PMC8257930,34308310,comparison,2021,EClinicalMedicine,1,1,none,
PMC8260505,34256241,comparison,2021,Advances in medical sciences,1,1,none,
PMC8264458,34250044,comparison,2021,Frontiers in cardiovascular medicine,1,1,none,
PMC8265205,34248747,comparison,2021,Frontiers in psychology,1,1,none,
PMC8268164,34206864,comparison,2021,Journal of clinical medicine,1,1,back-notes-type,Data Availability StatementData available on request due to restrictions.
PMC8270348,34285666,exposed,2021,Journal of the Medical Library Association : JMLA,1,1,back-sec-type,"DATA AVAILABILITY STATEMENTThe data, data dictionary, and README files associated with this article are available in GitHub at https://github.com/weepai/Clinical-Trial-Data-Sharing-and-Platforms-Evaluation-Data"
PMC8270596,34232190,comparison,2021,Medicine,1,1,none,
PMC8273461,34244270,comparison,2021,BMJ open,1,1,none,
PMC8276060,34267795,comparison,2021,Environmental research letters : ERL [Web site],1,1,back-sec-type,Data availability statementAll data that support the findings of this study are included within the article (and any supplementary files).
PMC8276979,34268467,comparison,2021,Frontiers in research metrics and analytics,1,1,back-sec-type,Data Availability StatementAll datasets presented in this study can be found below: https://doi.org/10.6084/m9.figshare.c.4436912. Prototypes of interactive figures developed by the corresponding author are available via these GitHub repositories: https://github.com/code56/nodeServerSimpleFig and https://github.com/code56/prototype_article_interactive_figure.
PMC8278303,34185014,comparison,2021,Journal of medical Internet research,1,1,none,
PMC8279566,33910937,comparison,2021,Neurology,1,1,none,
PMC8281022,34259822,comparison,2021,JAMA psychiatry,1,0,none,
PMC8282398,34307644,comparison,2021,International journal of chronic diseases,1,1,back-sec-type,Data AvailabilityDatasets are available through the corresponding author upon rational appeal.
PMC8284707,34260548,comparison,2021,Medicine,1,1,none,
PMC8292264,33826041,comparison,2021,Clinical autonomic research : official journal of the Clinical Autonomic Research Society,1,1,back-sec-type,Availability of data and materialsNot applicable.
PMC8293848,34350006,comparison,2021,Canadian journal of kidney health and disease,1,1,none,
PMC8295978,34294147,comparison,2021,Journal of intensive care,1,1,back-notes-type,Availability of data and materialsAll data generated or analyzed during this study are included in this published article.
PMC8300531,34322323,exposed,2021,PeerJ,1,1,none,
PMC8311796,34367614,exposed,2021,F1000Research,1,1,none,
PMC8314345,34542449,comparison,2021,"European journal of investigation in health, psychology and education",1,1,back-notes-type,Data Availability StatementThe data presented in this study are available on request from the corresponding author in either MS Excel or the Comprehensive Meta-Analysis program format.
PMC8314448,34311704,comparison,2021,BMC medical research methodology,1,1,back-notes-type,"Availability of data and materialsThe dataset supporting this article's conclusions is available in the Figshare repository, [10.6084/m9.figshare.13187729] and https://figshare.com/account/home#/projects/92198."
PMC8318049,34320934,comparison,2021,BMC public health,1,1,back-notes-type,Availability of data and materialsThe datasets used and/or analysed during the current study are available from the corresponding author on reasonable request.
PMC8319830,34319365,comparison,2021,JAMA psychiatry,1,0,none,
PMC8319860,34354312,comparison,2021,Bulletin of the World Health Organization,1,1,none,
PMC8320195,34321040,comparison,2021,Reproductive health,1,1,back-notes-type,Availability of data and materialsAll data generated or analyzed data during this review are included in this article and its additional file.
PMC8323350,34326055,comparison,2021,BMJ open,1,1,back-sec-type,Data availability statementData sharing not applicable as no data sets generated and/or analysed for this study. Data are available upon reasonable request. All data relevant to the study are included in the article or uploaded as supplementary information.
PMC8327986,33908733,comparison,2021,Canadian journal of surgery. Journal canadien de chirurgie,1,1,none,
PMC8330139,34365148,comparison,2021,Journal of the neurological sciences,1,1,none,
PMC8334336,34348757,exposed,2021,Reproductive health,1,1,back-notes-type,"Availability of data and materialsThe data are available on request from the UNFPA country Office, Nigeria."
PMC8335822,34128354,comparison,2021,Cancer medicine,1,1,back-sec-type,DATA AVAILABILITY STATEMENTThe datasets used and analyzed during the current study are available from the corresponding author upon reasonable request.
PMC8335827,34184416,comparison,2021,Cancer medicine,1,1,back-sec-type,DATA AVAILABILITY STATEMENTDatabase of information retrieved from articles analyzed available upon request.
PMC8339983,34287209,comparison,2021,JMIR mHealth and uHealth,1,1,none,
PMC8341337,34397807,comparison,2021,Medicine,1,1,none,
PMC8343252,34386744,comparison,2021,EClinicalMedicine,1,1,none,
PMC8343347,34362325,comparison,2021,BMC pregnancy and childbirth,1,1,back-notes-type,Availability of data and materialsAll data generated or analyzed during this study are included in this article (and its supplementary files).
PMC8344321,34353794,comparison,2021,BMJ open,1,1,back-sec-type,Data availability statementNo data are available. Data will be reported in a separate methodology paper.
PMC8344953,34430764,comparison,2021,International journal of surgery protocols,1,1,none,
PMC8345858,34358263,comparison,2021,PloS one,1,1,front-notes-title,"Data AvailabilityAll data files are available from the PubMed, Springer, EMBASE, CNKI (China National Knowledge Infrastructure), CBM (Chinese Biomedicine Database), and WanFang database. Relevant URLs, DOIs and/or accession numbers are referenced in S3 File."
PMC8353004,33568390,comparison,2021,The British journal of ophthalmology,1,1,none,
PMC8354264,34376442,comparison,2021,BMJ open,1,1,none,
PMC8355576,34380468,exposed,2021,BMC veterinary research,1,1,back-notes-type,Availability of data and materialsThe dataset supporting the conclusions of this article is available in the FigShare repository under the following collection: 10.6084/m9.figshare.c.5316863.
PMC8356167,34376446,comparison,2021,BMJ open,1,1,none,
PMC8356278,37131927,comparison,2021,Campbell systematic reviews,1,1,none,
PMC8359074,34384485,comparison,2021,Systematic reviews,1,1,back-notes-type,Availability of data and materialsNot applicable.
PMC8361333,34179966,comparison,2021,The Journal of antimicrobial chemotherapy,1,1,none,
PMC8361642,34389062,comparison,2021,Global health research and policy,1,1,none,
PMC8363796,34226931,comparison,2021,Journal of the American Medical Informatics Association : JAMIA,1,0,none,
PMC8363863,34390479,comparison,2021,Journal of nephrology,1,1,back-notes-type,Data availabilityThe data that support the findings of this systematic review and meta-analysis with meta-regression are available from Angelo Zinellu upon reasonable request.
PMC8365792,34389560,comparison,2021,BMJ open,1,1,back-sec-type,Data availability statementData are available on reasonable request.
PMC8366609,33200689,comparison,2020,The Journal of manual & manipulative therapy,1,0,none,
PMC8375758,34408030,comparison,2021,BMJ open,1,1,none,
PMC8376796,34185318,exposed,2021,Clinical pharmacology and therapeutics,1,1,back-sec-type,DATA AVAILABILITY STATEMENTAll code used for this analysis is freely available on GitHub (https://github.com/gregmcinnes/PGx‐GWAS‐Review).
PMC8377585,34692175,comparison,2021,Public health reviews,1,1,none,
PMC8380877,34162718,comparison,2021,Occupational and environmental medicine,1,1,back-sec-type,Data availability statementAll data relevant to the study are included in the article or uploaded as supplementary information.
PMC8381566,34425816,comparison,2021,BMC health services research,1,1,back-notes-type,Availability of data and materialsAll data is presented within the manuscript.
PMC8381906,34315906,exposed,2021,Scientific data,1,1,back-notes-type,Data availabilityThe entire dataset is available as in a spreadsheet format in plutoF data repository50.
PMC8384172,34428208,comparison,2021,PloS one,1,1,front-notes-title,Data AvailabilityAll relevant data are within the paper and its S1 Appendix and S1 Checklist.
PMC8386072,34429113,exposed,2021,BMC medicine,1,1,back-notes-type,"Availability of data and materialsAs part of the broader YODA project, Johnson & Johnson have agreed to provide clinical research data on Risperidone, Paliperidone and Paliperidone palmitate to external investigators on request. Details of the data release policy are available from the YODA website at: https://yoda.yale.edu/sites/default/files/files/YODA%20Project%20Data%20Release%20Procedures%20February%202019.pdf"
PMC8386350,34458213,comparison,2021,Frontiers in pediatrics,1,1,none,
PMC8387759,34471459,comparison,2021,The World Allergy Organization journal,1,1,none,
PMC8390193,34445962,comparison,2021,BMC infectious diseases,1,1,back-notes-type,Availability of data and materialsThe datasets used and analysed during the current study are available from the corresponding author on reasonable request.
PMC8394710,34444542,comparison,2021,International journal of environmental research and public health,1,1,back-notes-type,Data Availability StatementData are available from the authors upon reasonable request.
PMC8397928,34448865,comparison,2021,JAMA network open,1,1,none,
PMC8404645,34471512,comparison,2021,Therapeutic advances in chronic disease,1,1,none,
PMC8404982,34460854,comparison,2021,PloS one,1,1,front-notes-title,"Data AvailabilityAll relevant data are within the manuscript and its Supporting Information files as S1 Fig, S1 Checklist and S1 File."
PMC8405021,34460837,comparison,2021,PloS one,1,1,front-notes-title,Data AvailabilityAll relevant data are within the paper and its Supporting information files.
PMC8406468,34278564,comparison,2021,The Cochrane database of systematic reviews,1,0,none,
PMC8406705,34278561,comparison,2021,The Cochrane database of systematic reviews,1,0,none,
PMC8407258,34484350,comparison,2021,Journal of contemporary brachytherapy,1,1,none,
PMC8407460,34278562,comparison,2021,The Cochrane database of systematic reviews,1,0,none,
PMC8408310,33890288,comparison,2021,The Cochrane database of systematic reviews,1,0,none,
PMC8408549,34485663,comparison,2021,JPRAS open,1,1,none,
PMC8409208,34540962,comparison,2021,World journal of clinical cases,1,1,none,
PMC8414804,34483963,comparison,2021,Frontiers in physiology,1,1,none,
PMC8416196,34479394,exposed,2021,Yearbook of medical informatics,1,1,none,
PMC8416197,33882597,exposed,2021,Yearbook of medical informatics,1,1,none,
PMC8416500,34490091,comparison,2021,Frontiers in oncology,1,1,none,
PMC8417015,33492550,comparison,2021,European journal of epidemiology,1,1,back-notes-type,Data AvailabilityNot applicable.
PMC8417431,34490188,comparison,2021,Frontiers in public health,1,1,none,
PMC8419415,34497575,comparison,2021,Frontiers in neurology,1,1,none,
PMC8419761,34308567,comparison,2021,Cancer medicine,1,1,back-sec-type,"DATA AVAILABILITY STATEMENTThe data that support the findings of this study are available from the corresponding author upon reasonable request and are also presented in Figures [Link], [Link], [Link], [Link]."
PMC8421125,34513556,comparison,2020,"Journal of neurological surgery. Part B, Skull base",1,0,none,
PMC8425237,34522253,comparison,2020,Archives of medical science : AMS,1,1,none,
PMC8426634,34512302,comparison,2021,Frontiers in neurorobotics,1,1,none,
PMC8428024,37131375,comparison,2018,Campbell systematic reviews,1,1,none,
PMC8433348,34508075,comparison,2021,NPJ breast cancer,1,1,back-notes-type,Data availabilityThe data underlying this article are available in the article and in its online supplementary material.
PMC8437664,34526854,comparison,2021,Mediators of inflammation,1,1,back-sec-type,Data AvailabilityThere is no primary raw data associated with this review article.
PMC8438405,34531824,comparison,2021,Frontiers in endocrinology,1,1,none,
PMC8438846,34518261,comparison,2021,BMJ open,1,1,none,
PMC8441584,34553169,exposed,2021,"Patterns (New York, N.Y.)",1,1,none,
PMC8447052,34621520,exposed,2020,F1000Research,1,1,none,
PMC8447778,34535186,comparison,2021,Archives of public health = Archives belges de sante publique,1,1,back-notes-type,Availability of data and materialsThe datasets used and/or analysed during the current study are available from the corresponding author on reasonable request.
PMC8449283,34533573,comparison,2021,JAMA network open,1,1,none,
PMC8449300,34477556,comparison,2021,Journal of medical Internet research,1,1,none,
PMC8449462,34537079,comparison,2021,Archives of public health = Archives belges de sante publique,1,1,back-notes-type,Availability of data and materialsAll data generated or analyzed during this study are included in this published article and as supplementary materials.
PMC8452579,33860829,comparison,2021,European radiology,1,1,none,
PMC8452798,34585125,comparison,2021,EClinicalMedicine,1,1,none,
PMC8458376,34548355,comparison,2021,BMJ open,1,1,none,
PMC8459028,34589616,comparison,2021,Health science reports,1,1,back-sec-type,DATA AVAILABILITY STATEMENTData sharing is not applicable to this article as no new data were created or analyzed in this study.
PMC8463133,34595388,comparison,2021,TH open : companion journal to thrombosis and haemostasis,1,1,none,
PMC8464108,34560871,exposed,2021,BMC public health,1,1,back-notes-type,Availability of data and materialsThe datasets created as part of this study are available from the corresponding author on request.
PMC8467014,34563265,comparison,2021,Genes and environment : the official journal of the Japanese Environmental Mutagen Society,1,1,back-notes-type,Availability of data and materialsNot applicable.
PMC8468587,34575090,comparison,2021,"Life (Basel, Switzerland)",1,1,none,
PMC8470048,34575076,comparison,2021,"Life (Basel, Switzerland)",1,1,none,
PMC8470804,34575180,comparison,2021,Journal of clinical medicine,1,1,back-notes-type,Data Availability StatementThe data presented in this study are available on request from the corresponding author.
PMC8472261,34575266,comparison,2021,Journal of clinical medicine,1,1,back-notes-type,Data Availability StatementThe data presented in this study are available on request from the corresponding author.
PMC8474325,33966534,comparison,2021,Medical decision making : an international journal of the Society for Medical Decision Making,1,1,none,
PMC8474626,34589729,comparison,2020,"Brain, behavior, & immunity - health",1,1,none,
PMC8480367,33269614,comparison,2020,Cancer control : journal of the Moffitt Cancer Center,1,1,none,
PMC8483832,34596166,comparison,2021,Medicine,1,1,none,
PMC8485098,34631024,exposed,2021,F1000Research,1,1,none,
PMC8496039,34620197,comparison,2021,"Radiation oncology (London, England)",1,1,back-notes-type,Availability of data and materialsThe datasets used and/or analyzed during the current study are available from the corresponding author on reasonable request.
PMC8496961,34653783,comparison,2021,Nurse education in practice,1,1,none,
PMC8498018,33539699,comparison,2021,Clinical and experimental pediatrics,1,1,none,
PMC8499488,34625095,comparison,2021,Systematic reviews,1,1,back-notes-type,Availability of data and materialsAll data and materials are available upon request.
PMC8506168,33861141,comparison,2021,The British journal of radiology,1,1,none,
PMC8506313,31909816,comparison,2020,"Scandinavian journal of work, environment & health",1,1,none,
PMC8507103,34641834,comparison,2021,BMC surgery,1,1,back-notes-type,Availability of data and materialsThe datasets used and/or analysed during the current study available from the corresponding author on reasonable request.
PMC8507931,34639796,exposed,2021,International journal of environmental research and public health,1,1,back-notes-type,Data Availability StatementThis paper provides an analysis of institutional aggregated datasets reported at the national level that are available at the following websites: (1) Belgium: https://epistat.wiv-isp.be/Covid/; (2) France: https://www.data.gouv.fr/fr/pages/donnees-coronavirus; (3) Germany: (a) https://npgeo-corona-npgeo-de.hub.arcgis.com/; (b) https://impfdashboard.de/daten; (c) www.arcgis.com/home/item.html?id=8fc79b6cf7054b1b80385bda619f39b8&view=list&sortOrder=desc&sortField=defaultFSOrder#overview; (4) Italy: https://github.com/pcm-dpc/COVID-19; (5) Spain: (a) https://cnecovid.isciii.es/covid19/; (b) https://github.com/datadista/datasets/tree/master/COVID%2019; (6) UK: https://coronavirus.data.gov.uk/ (all of the datasets were last accessed on 30 September 2021).
PMC8513520,34645600,comparison,2021,BMJ (Clinical research ed.),1,1,back-sec-type,"Data availability statementAll data collected for this study, including detailed responses to ROB2, breastfeeding, and conflict of interest signalling questions, are in the data supplement (web appendix 2). All other data are in the public domain or publication databases, except for trial protocols and statistical analysis plans received from authors and funders. We have not been given permission to share trial protocols and statistical analysis plans outside of our study team, but they can be requested directly from the trial authors and funders, as indicated in supplementary table 5."
PMC8515712,34649591,comparison,2021,Journal of orthopaedic surgery and research,1,1,back-notes-type,Availability of data and materialsThe datasets used and/or analyzed during the current study are available from the corresponding author on reasonable request. The protocol for this meta-analysis was registered on PROSPERO (CRD42021251825) and is available at: https://www.crd.york.ac.uk/PROSPERO.
PMC8516770,33694077,comparison,2021,Behavior research methods,1,1,none,
PMC8518748,33960637,comparison,2021,Biological reviews of the Cambridge Philosophical Society,1,1,none,
PMC8520646,34657590,comparison,2021,BMC medical research methodology,1,1,back-notes-type,Availability of data and materialsThe datasets generated and/or analysed during the study are available on the Open Science Framework GoodReports development site: https://osf.io/2pejk/1. Individual user feedback: https://osf.io/h35aw/2. Performance of the questionnaire in helping authors find the most appropriate reporting guideline for their work: https://osf.io/fmq9s/3. Exposure to GoodReports.org and rates of submission of a completed reporting checklist: https://osf.io/6ajh3/4. Exposure to GoodReports.org and completeness of reporting (before-and-after study): https://osf.io/v435t/Protocol for assessors: https://osf.io/t8jpm/Sample data collection form: https://osf.io/jnk8h/
PMC8524036,34675926,comparison,2021,Frontiers in immunology,1,1,none,
PMC8524993,34666681,comparison,2021,BMC anesthesiology,1,1,back-notes-type,Availability of data and materialsThe datasets used and/or analysed during the current study are available from the corresponding author on reasonable request.
PMC8527161,34666998,comparison,2021,BMJ open,1,1,none,
PMC8527327,34592641,comparison,2021,"Transplantation reviews (Orlando, Fla.)",1,1,none,
PMC8539069,34682849,comparison,2021,Journal of clinical medicine,1,1,back-notes-type,Data Availability StatementNot applicable.
PMC8541988,34406595,comparison,2021,Cancer causes & control : CCC,1,1,none,
PMC8543966,34689759,comparison,2021,BMC medical research methodology,1,1,back-notes-type,Availability of data and materialsAll data generated or analysed during this study are included in this published article and its supplementary information files.
PMC8550750,34658334,exposed,2021,eLife,1,1,back-sec-type,Data availabilityThe OpenNeuro data repository is accessible at http://openneuro.org. The derived data used to generate the analyses and figures reported here are available at https://doi.org/10.5281/zenodo.5559041.The following dataset was generated: PoldrackR EstebanO 2021poldrack/OpenNeuro_analyses: Revision and updatesZenodo10.5281/zenodo.5559041
PMC8550900,34718121,exposed,2021,Journal of clinical epidemiology,1,1,none,
PMC8551744,34706961,comparison,2021,BMJ open,1,1,none,
PMC8552784,34754627,comparison,2021,PeerJ,1,1,none,
PMC8553804,33914579,exposed,2021,Psychology and aging,1,1,none,
PMC8556961,34717606,comparison,2021,BMC musculoskeletal disorders,1,1,back-notes-type,Availability of data and materialsThe datasets generated during and/or analysed during the current study are available from the corresponding author on reasonable request. The codes used in R software during the current study are available from the corresponding author on reasonable request.
PMC8558105,35158468,comparison,2021,Multiple sclerosis and related disorders,1,1,none,
PMC8558815,34734094,comparison,2021,Orthopaedic journal of sports medicine,1,1,none,
PMC8560959,34754756,comparison,2021,Internet interventions,1,1,none,
PMC8561875,34724889,comparison,2021,BMC geriatrics,1,1,back-notes-type,Availability of data and materialsAll data generated or analysed during this study are included in this published article (and its supplementary information files).
PMC8563159,34545707,comparison,2021,Thoracic cancer,1,1,none,
PMC8571609,34765110,exposed,2021,Ecology and evolution,1,1,back-sec-type,DATA AVAILABILITY STATEMENTThe authors confirm that all of the data are available in the article.
PMC8573889,34749665,comparison,2021,BMC infectious diseases,1,1,back-notes-type,Availability of data and materialsThe datasets used and/or analyzed during the current study are available from the corresponding author on reasonable request.
PMC8576927,34749736,exposed,2021,Journal of translational medicine,1,1,back-notes-type,Availability of data and materialsThe mapMECFS data portal is open to the research community at https://www.mapmecfs.org/. Code for the custom analyses and tools available in mapMECFS is available at https://github.com/search?p=1&q=user%3ARTIInternational+ckan&type=Repositories.
PMC8579389,33541206,comparison,2021,"Public health reports (Washington, D.C. : 1974)",1,0,none,
PMC8580829,34753787,exposed,2021,CMAJ open,1,1,none,
PMC8589773,34785977,exposed,2021,Biodiversity data journal,1,1,none,
PMC8591221,34790122,comparison,2021,Frontiers in pharmacology,1,1,back-sec-type,"Data Availability StatementThe raw data supporting the conclusions of this article will be made available by the authors, without undue reservation."
PMC8591307,34790638,comparison,2021,Frontiers in pediatrics,1,1,none,
PMC8592577,34214626,comparison,2021,Journal of clinical epidemiology,1,1,none,
PMC8595516,34407656,exposed,2021,"Clinical trials (London, England)",1,1,none,
PMC8596943,34869915,comparison,2021,Health science reports,1,1,back-sec-type,DATA AVAILABILITY STATEMENTAll data analyzed for and presented in this article are from the 16 studies we reviewed. The data are accessible via referenced articles.
PMC8599633,34325015,comparison,2021,American journal of obstetrics & gynecology MFM,1,1,none,
PMC8603904,34799779,comparison,2021,Clinical and experimental medicine,1,1,none,
PMC8607539,34781810,comparison,2021,Expert review of endocrinology & metabolism,1,0,none,
PMC8608076,34968333,comparison,2021,"Nursing reports (Pavia, Italy)",1,1,back-notes-type,Data Availability StatementThe data presented in this study are all available within this manuscript.
PMC8608219,34858105,exposed,2021,Journal of the Medical Library Association : JMLA,1,1,none,
PMC8610798,34824887,comparison,2021,American journal of blood research,1,0,none,
PMC8614875,34827138,exposed,2021,Biology,1,1,back-notes-type,Data Availability StatementAll data are available upon reasonable request from the corresponding author.
PMC8616766,33859363,comparison,2021,Prostate cancer and prostatic diseases,1,1,none,
PMC8618432,34834547,comparison,2021,Journal of personalized medicine,1,1,back-notes-type,Data Availability StatementNot applicable.
PMC8628782,34898553,comparison,2021,"Current oncology (Toronto, Ont.)",1,1,none,
PMC8630338,34900784,comparison,2021,Journal of diabetes and metabolic disorders,1,0,none,
PMC8634009,34901464,exposed,2021,BMJ open ophthalmology,1,1,back-sec-type,Data availability statementData are available upon reasonable request.
PMC8637400,34851364,comparison,2022,JAMA dermatology,1,0,none,
PMC8637874,34870259,exposed,2021,Cell genomics,1,1,back-sec-type,Data and code availabilityData underlying analyses in this paper are curated from the literature and are presented in Table S4.This paper does not report original code.Any additional information required to reanalyze the data reported in this paper is available from the lead contact upon request.
PMC8639049,32830874,comparison,2020,Journal of magnetic resonance imaging : JMRI,1,1,none,
PMC8640980,34844482,comparison,2021,"Women's health (London, England)",1,1,none,
PMC8641133,34213379,exposed,2021,Psychological science,1,1,none,
PMC8641498,34900034,comparison,2020,Archives of medical science : AMS,1,1,none,
PMC8645797,34881269,comparison,2021,Frontiers in medicine,1,1,none,
PMC8647577,35047691,comparison,2020,BMJ open science,1,1,none,
PMC8647582,35047697,comparison,2021,BMJ open science,1,1,none,
PMC8647586,35047690,exposed,2020,BMJ open science,1,1,none,
PMC8647591,35047688,comparison,2020,BMJ open science,1,1,none,
PMC8652856,34898693,comparison,2021,Geographical analysis,1,0,none,
PMC8653307,34730232,comparison,2021,Acta obstetricia et gynecologica Scandinavica,1,1,none,
PMC8654256,34510106,comparison,2022,"Journal of immunotherapy (Hagerstown, Md. : 1997)",1,1,none,
PMC8663663,34813494,exposed,2021,JMIR research protocols,1,1,none,
PMC8665406,34917909,comparison,2021,EClinicalMedicine,1,1,none,
PMC8667087,33130412,comparison,2020,Epidemics,1,1,none,
PMC8670261,34903261,comparison,2021,Diabetology & metabolic syndrome,1,1,back-notes-type,Availability of data and materialsThe datasets used and analyzed in the present study are available from the corresponding author upon reasonable request.
PMC8671800,34758198,comparison,2021,Brain and behavior,1,1,back-sec-type,DATA AVAILABILITY STATEMENTAll data collected or analyzed for this study are available from the corresponding author upon reasonable request to any researchers.
PMC8671898,34741433,comparison,2021,Thoracic cancer,1,1,none,
PMC8672941,34910295,comparison,2021,The Cochrane database of systematic reviews,1,0,none,
PMC8674314,34732844,comparison,2021,Neuropsychopharmacology : official publication of the American College of Neuropsychopharmacology,1,0,none,
PMC8677930,34918672,comparison,2021,Medicine,1,1,none,
PMC8690240,34950573,comparison,2021,Frontiers in oncology,1,1,none,
PMC8690595,33939956,comparison,2021,The Lancet. Global health,1,1,none,
PMC8691291,34950321,comparison,2020,Journal of atrial fibrillation,1,0,none,
PMC8692054,34950514,comparison,2021,International journal of hypertension,1,1,back-sec-type,Data AvailabilityThe data used to support the findings of this study are available from the corresponding author upon request.
PMC8702684,35097436,comparison,2021,Foot & ankle orthopaedics,1,1,none,
PMC8704064,34952635,comparison,2021,Trials,1,1,back-notes-type,Availability of data and materialsWe give full access to collected data (our final and consented Excel table).
PMC8708527,34960494,exposed,2021,"Sensors (Basel, Switzerland)",1,1,back-notes-type,Data Availability StatementAll data analyzed during this study are included in this article.
PMC8717474,31719155,exposed,2019,Journal of medical ethics,1,1,none,
PMC8724342,34978649,comparison,2022,International journal of implant dentistry,1,1,back-notes-type,Availability of data and materialsAll data generated or analysed during this study are included in this published article.
PMC8733833,34985519,comparison,2022,JAMA network open,1,1,none,
PMC8734598,26329399,comparison,2015,The Cochrane database of systematic reviews,1,0,none,
PMC8736283,34999245,comparison,2022,International journal of infectious diseases : IJID : official publication of the International Society for Infectious Diseases,1,1,none,
PMC8743155,34983096,comparison,2022,Korean journal of radiology,1,1,back-sec-type,Availability of Data and MaterialThe datasets generated or analyzed during the study are available from the corresponding author on reasonable request.
PMC8743370,35017772,comparison,2022,Iranian journal of medical sciences,1,1,none,
PMC8747483,34491939,comparison,2022,Clinical orthopaedics and related research,1,0,none,
PMC8749270,35047683,comparison,2019,BMJ open science,1,1,none,
PMC8749279,35047689,comparison,2020,BMJ open science,1,1,none,
PMC8750745,26992929,comparison,2016,The Cochrane database of systematic reviews,1,0,none,
PMC8751557,35015359,comparison,2022,World psychiatry : official journal of the World Psychiatric Association (WPA),1,0,none,
PMC8752685,35017634,comparison,2022,NPJ digital medicine,1,1,back-notes-type,Data availabilityThe data that support the findings of this study are available from the corresponding author upon reasonable request.
PMC8754262,35082473,comparison,2021,International journal of clinical pediatric dentistry,1,1,none,
PMC8758073,35025959,comparison,2022,PloS one,1,1,front-notes-title,Data AvailabilityAll relevant data are within the manuscript and its Supporting information files.
PMC8759172,35026997,comparison,2022,BMC medical research methodology,1,1,back-notes-type,Availability of data and materialsThe study protocol is available at doi: 10.1136/bmjopen-2020-038832 . The search strategy is available in supplemental material; detailed extracted data are available upon reasonable request to the corresponding author.
PMC8761268,35034628,comparison,2022,BMC medical research methodology,1,1,back-notes-type,Availability of data and materialsThe complete list of extracted data from all included studies are provided in the paper (Additional file 1). No additional supporting data is available.
PMC8761621,35046930,comparison,2022,Frontiers in immunology,1,1,none,
PMC8761632,35047469,comparison,2022,Frontiers in public health,1,1,none,
PMC8764903,16856028,comparison,2006,The Cochrane database of systematic reviews,1,0,none,
PMC8771655,35057775,comparison,2022,BMC pediatrics,1,1,none,
PMC8772636,35060503,comparison,2022,Medicine,1,1,none,
PMC8774191,35053453,comparison,2022,Cancers,1,1,none,
PMC8775496,35055642,comparison,2022,International journal of environmental research and public health,1,1,back-notes-type,Data Availability StatementThe data presented in this study is available in the manuscript and Supplementary Materials.
PMC8778903,35055323,comparison,2021,Journal of personalized medicine,1,1,back-notes-type,Data Availability StatementNot applicable.
PMC8782189,35075418,comparison,2021,Anesthesiology and pain medicine,1,1,none,
PMC8782592,27092427,comparison,2016,The Cochrane database of systematic reviews,1,0,none,
PMC8782727,35074491,comparison,2022,International journal of cardiology,1,1,none,
PMC8785217,35083157,comparison,2022,Frontiers in oncology,1,1,none,
PMC8785278,35083043,comparison,2022,SAGE open medicine,1,1,none,
PMC8788311,35074824,comparison,2022,BMJ open,1,1,none,
PMC8792469,35118371,comparison,2022,European journal of obstetrics & gynecology and reproductive biology: X,1,1,none,
PMC8794272,35030167,comparison,2022,PLoS neglected tropical diseases,1,1,front-notes-title,Data AvailabilityAll relevant data are within the manuscript and its Supporting Information files.
PMC8795232,34427147,comparison,2021,Journal of cerebral blood flow and metabolism : official journal of the International Society of Cerebral Blood Flow and Metabolism,1,1,back-sec-type,"Availability of data and materialThe dataset presented in this study (detailed coding of the contents of the selected publications) can be found in the online repository;Skukan L, Brezak M, Gajovic S. Analysis of the research studies selected for a systematic review of preclinical in vivo studies on lentivirus- or AAV-mediated gene therapy interventions in ischemic stroke. figshare Dataset. 2021; https://doi.org/10.6084/m9.figshare.14955180"
PMC8796231,35078852,comparison,2022,BMJ open,1,1,back-sec-type,Data availability statementData are available upon reasonable request.
PMC8799111,35117636,comparison,2020,Translational cancer research,1,1,none,
PMC8799125,35116362,comparison,2021,Translational cancer research,1,1,none,
PMC8802690,35111781,comparison,2022,Frontiers in medicine,1,1,none,
PMC8804909,35136567,comparison,2021,F1000Research,1,1,none,
PMC8805585,36321557,comparison,2022,The Cochrane database of systematic reviews,1,0,none,
PMC8808442,35105592,comparison,2022,BMJ open,1,1,none,
PMC8812134,35109819,comparison,2022,BMC public health,1,1,back-notes-type,Availability of data and materialsThe datasets generated and/or analyzed during this study are not publicly available due the terms of consent/assent to which the participants agreed but are available from the corresponding author upon reasonable request. Please contact the corresponding author to discuss availability of data and materials.
PMC8813778,35127785,comparison,2022,Frontiers in nutrition,1,1,none,
PMC8814593,35128302,comparison,2022,Frontiers in research metrics and analytics,1,1,none,
PMC8816970,34371516,comparison,2022,Journal of clinical rheumatology : practical reports on rheumatic & musculoskeletal diseases,1,1,none,
PMC8818241,35125101,comparison,2022,BMC medical research methodology,1,1,back-notes-type,Availability of data and materialsAll data generated or analyzed during this study are publicly available and are also included in this published article [and its supplementary information files].
PMC8820437,34348314,comparison,2021,Intervirology,1,0,none,
PMC8826998,35156003,exposed,2022,JAMIA open,1,1,back-sec-type,Data AvailabilityOriginal data of the ORCHID clinical trial are available on Biodata Catalyst under the accession number phs002299.v1.p1. Information to get dbGaP access approvals is available at https://biodatacatalyst.nhlbi.nih.gov/covid-19.
PMC8830084,35144551,comparison,2022,BMC infectious diseases,1,1,back-notes-type,Availability of data and materialsThe datasets used and/or analysed during the current study are available from the corresponding author on reasonable request.
PMC8831686,35148704,comparison,2022,BMC public health,1,1,back-notes-type,"Availability of data and materialsData and code to replicate the meta-analysis are included as supplementary information. The dataset used for the systematic review has been licensed for the current study from the German Competence Centre for Bibliometrics (Kompetenzzentrum Bibliometrie: https://bibliometrie.info/), and so is not publicly available. Data are however available from the authors upon reasonable request and with permission of German Competence Centre for Bibliometrics."
PMC8838895,35161833,exposed,2022,"Sensors (Basel, Switzerland)",1,1,back-notes-type,Data Availability StatementData available in a publicly accessible repository. The data presented in this study are openly available in Zenodo at 10.5281/zenodo.5589651 [23].
PMC8841579,35198409,comparison,2022,Internet interventions,1,1,none,
PMC8841706,34970851,comparison,2021,Thoracic cancer,1,1,none,
PMC8842379,35185366,comparison,2022,Transplant international : official journal of the European Society for Organ Transplantation,1,1,none,
PMC8844538,35224211,exposed,2021,Wellcome open research,1,1,none,
PMC8845316,35149577,comparison,2022,BMJ open,1,1,none,
PMC8845466,35083847,comparison,2022,"Journal of clinical hypertension (Greenwich, Conn.)",1,1,back-sec-type,DATA AVAILABILITY STATEMENTThe data sets reside with the authors of the original papers evaluated.
PMC8847110,35182738,exposed,2022,Contemporary clinical trials,1,1,none,
PMC8848292,34842413,comparison,2021,Analytical chemistry,1,1,none,
PMC8849353,34133893,comparison,2021,Journal of clinical microbiology,1,0,none,
PMC8852766,35173010,comparison,2022,BMJ open,1,1,none,
PMC8854640,35185644,comparison,2022,Frontiers in psychiatry,1,1,none,
PMC8862539,35193503,comparison,2022,BMC cardiovascular disorders,1,1,back-notes-type,Availability of data and materialsAll data generated or analysed during this study are included in this published article and its Additional file 1.
PMC8863598,35222154,comparison,2022,Frontiers in psychology,1,1,none,
PMC8867291,35138263,exposed,2022,JMIR human factors,1,1,none,
PMC8867296,35138264,exposed,2022,Journal of medical Internet research,1,1,none,
PMC8868577,35205182,exposed,2022,Biology,1,1,back-notes-type,Data Availability StatementNot applicable. No new data were created.
PMC8874134,35233529,comparison,2022,JAC-antimicrobial resistance,1,1,none,
PMC8875800,35214773,comparison,2022,Vaccines,1,1,back-notes-type,Data Availability StatementThe data presented in this study are available on this paper. The data were collected from published data.
PMC8876652,35213097,comparison,2022,Korean journal of radiology,1,1,back-sec-type,Availability of Data and MaterialThe datasets generated or analyzed during the study are available from the corresponding author on reasonable request.
PMC8879485,35215468,comparison,2022,Nutrients,1,1,back-notes-type,Data Availability StatementThe authors used published data from the individual studies and declare that the data supporting the findings of this study are available within the article.
PMC8881950,33902322,comparison,2021,"Journal of alternative and complementary medicine (New York, N.Y.)",1,0,none,
PMC8883282,35217542,comparison,2022,BMJ open,1,1,back-sec-type,Data availability statementData are available upon reasonable request. The datasets generated and analysed during this study are available from the corresponding author on reasonable request.
PMC8885851,35063840,comparison,2022,Drug and alcohol dependence,1,1,none,
PMC8886282,34766419,comparison,2021,International journal of methods in psychiatric research,1,1,back-sec-type,DATA AVAILABILITY STATEMENTData are publicly available from the references listed.
PMC8889497,35252009,comparison,2022,Frontiers in oncology,1,1,none,
PMC8889660,35232481,comparison,2022,Child and adolescent psychiatry and mental health,1,1,back-notes-type,Availability of data and materialsThe ALSPAC dataset is available to all researchers on application to ALSPAC data and samples. Please note that the study website contains details of all the data that is available through a fully searchable data dictionary and variable search tool: http://www.bristol.ac.uk/alspac/researchers/our-data/.
PMC8890726,35235607,comparison,2022,PloS one,1,1,none,
PMC8890935,34428851,comparison,2021,European journal of dentistry,1,1,none,
PMC8896706,35245326,comparison,2022,PloS one,1,1,front-notes-title,Data AvailabilityThe data underlying the results presented in the study are available on the Open Science Framework (https://osf.io/5egrn/).
PMC8905839,35260122,comparison,2022,BMC oral health,1,1,back-notes-type,Availability of data and materialsData analysed during this study was included in this article and its supplementary information files.
PMC8907134,35282434,comparison,2022,Frontiers in endocrinology,1,1,none,
PMC8907792,35310561,comparison,2022,Food science of animal resources,1,1,none,
PMC8910979,35268394,comparison,2022,Journal of clinical medicine,1,1,back-notes-type,Data Availability StatementThe data that support the findings of this study are available in the Supplementary Material of this article.
PMC8919464,35277412,comparison,2022,BMJ open,1,1,back-sec-type,Data availability statementAll data relevant to the study are included in the article or uploaded as supplementary information.
PMC8922230,35299763,comparison,2022,Frontiers in nutrition,1,1,none,
PMC8923593,34939968,comparison,2022,Clinical orthopaedics and related research,1,0,none,
PMC8926281,35294487,comparison,2022,PloS one,1,1,front-notes-title,Data AvailabilityAll relevant data are within the paper and its Supporting Information files.
PMC8931621,35347916,comparison,2021,Zhejiang da xue xue bao. Yi xue ban = Journal of Zhejiang University. Medical sciences,1,0,none,
PMC8956284,35171096,comparison,2022,eLife,1,1,back-sec-type,Data availabilityAll data generated or analysed during this study are included in the manuscript and supporting file. Dataset has been deposited on Dryad (https://doi.org/10.5061/dryad.00000004q).The following dataset was generated: VisciG Di FeliceG TegliaF AngeliniM BoffettaP 2021Data from: Effect of SARS-CoV-2 infection on outcome of cancer patients: A systematic review and meta-analysis of studies of unvaccinated patientsDryad Digital Repository10.5061/dryad.00000004qPMC895628435171096
PMC8958823,18843753,comparison,2008,The Cochrane database of systematic reviews,1,0,none,
PMC8959917,35356300,comparison,2022,Frontiers in aging neuroscience,1,1,none,
PMC8962835,35360017,comparison,2022,Frontiers in cardiovascular medicine,1,1,none,
PMC8969005,35354625,comparison,2022,BMJ open,1,1,back-sec-type,Data availability statementData are available on reasonable request.
PMC8969556,35382104,exposed,2022,Data and information management,1,1,none,
PMC8973936,17443631,comparison,2007,The Cochrane database of systematic reviews,1,0,none,
PMC8974292,34546296,comparison,2021,JAMA,1,1,none,
PMC8979439,35377904,comparison,2022,PloS one,1,1,front-notes-title,Data AvailabilityAll relevant data are within the manuscript and its Supporting information files.
PMC8979611,35399617,comparison,2022,"One health (Amsterdam, Netherlands)",1,1,none,
PMC8982641,34525409,comparison,2021,Journal of clinical epidemiology,1,1,none,
PMC8985274,35387582,comparison,2022,BMC medical research methodology,1,1,back-notes-type,Availability of data and materialsAll data generated or analyzed during this study are included in this published article (and its supplementary information files).
PMC8985373,35382870,comparison,2022,Systematic reviews,1,1,back-notes-type,Availability of data and materialsThe datasets generated and/or analyzed during the current study are available from the corresponding author on reasonable request.
PMC8985469,35444710,comparison,2021,Clinical practice and epidemiology in mental health : CP & EMH,1,1,none,
PMC8985540,35403104,exposed,2022,Neurotrauma reports,1,1,none,
PMC8986277,35413655,comparison,2022,The American journal of emergency medicine,1,1,none,
PMC8987953,35319479,comparison,2022,Journal of medical Internet research,1,1,none,
PMC8991691,35392941,comparison,2022,Journal of orthopaedic surgery and research,1,1,back-notes-type,Availability of data and materialsThe datasets used and/or analyzed during the current study are available from the corresponding author on reasonable request.
PMC8991704,35395724,comparison,2022,BMC medical research methodology,1,1,back-notes-type,Availability of data and materialsThe datasets generated and/or analysed during the current study are available in the Open Science Framework repository (https://osf.io/3aezj/).
PMC8992987,35395049,comparison,2022,PloS one,1,1,front-notes-title,Data AvailabilityAll relevant data are within the paper and its Supporting information files.
PMC8993193,35361577,comparison,2022,AJNR. American journal of neuroradiology,1,0,none,
PMC8995566,35419285,comparison,2022,Frontiers in oncology,1,1,none,
PMC9002324,35425878,comparison,2022,Frontiers in research metrics and analytics,1,1,none,
PMC9002681,35406041,comparison,2022,Nutrients,1,1,none,
PMC9006309,35465642,comparison,2022,German medical science : GMS e-journal,1,1,none,
PMC9006361,35433001,comparison,2022,SAGE open medicine,1,1,none,
PMC9006504,35418163,comparison,2022,Archives of public health = Archives belges de sante publique,1,1,back-notes-type,Availability of data and materialsAll data generated or analyzed during this study are included in this published article.
PMC9009329,35433133,comparison,2022,PeerJ,1,1,none,
PMC9010089,35433217,comparison,2022,Endoscopy international open,1,1,none,
PMC9012380,35427367,comparison,2022,PloS one,1,1,front-notes-title,Data AvailabilityAll relevant data are within the paper and its Supporting Information Supporting Information files.
PMC9012391,35427381,comparison,2022,PloS one,1,1,front-notes-title,Data AvailabilityThe dataset has been uploaded to Harvard Dataverse: https://doi.org/10.7910/DVN/KACCSU.
PMC9015755,35357311,exposed,2022,JMIR cardio,1,1,none,
PMC9015924,35519918,comparison,2022,"Indian journal of critical care medicine : peer-reviewed, official publication of Indian Society of Critical Care Medicine",1,1,none,
PMC9017946,35439251,comparison,2022,PloS one,1,1,front-notes-title,Data AvailabilityAll relevant data are within the paper and its Supporting Information files.
PMC9020723,35395003,comparison,2022,PLoS neglected tropical diseases,1,1,front-notes-title,Data AvailabilityAll relevant data are within the manuscript and its Supporting Information files.
PMC9034544,35459246,comparison,2022,Journal of neuroengineering and rehabilitation,1,1,back-notes-type,Availability of data and materialsData sharing is not applicable to this article as no datasets were generated or analyzed during the current study.
PMC9035697,35479946,comparison,2022,Frontiers in medicine,1,1,none,
PMC9036215,35466280,comparison,2022,"Antibodies (Basel, Switzerland)",1,1,back-notes-type,Data Availability StatementThe data presented in this study are available in supplementary materials and on Zenodo https://doi.org/10.5281/zenodo.6375803.
PMC9043759,35493822,comparison,2022,Frontiers in neurology,1,1,none,
PMC9044204,35494825,comparison,2022,PeerJ. Computer science,1,1,none,
PMC9046901,35529275,exposed,2022,F1000Research,1,1,none,
PMC9049344,35482750,comparison,2022,PloS one,1,1,none,
PMC9053840,35488169,comparison,2022,Neurocritical care,1,1,none,
PMC9059364,35501921,comparison,2022,Journal of ovarian research,1,1,back-notes-type,Availability of data and materialsThe datasets used and/or analysed during the current study are available from the corresponding author on reasonable request.
PMC9060136,35663134,comparison,2021,Skin health and disease,1,1,back-sec-type,DATA AVAILABILITY STATEMENTData sharing is not applicable to this article as no new data were created or analysed in this study.
PMC9062703,35504648,comparison,2022,BMJ (Clinical research ed.),1,1,back-sec-type,Data availability statementNo additional data available.
PMC9063127,35501706,comparison,2022,BMC medical research methodology,1,1,back-notes-type,Availability of data and materialsThe datasets used and/or analyzed during the current study are available from the corresponding author on reasonable request.
PMC9065341,35517802,comparison,2022,Frontiers in pharmacology,1,1,back-sec-type,"Data Availability StatementThe original contributions presented in the study are included in the article/Supplementary Material, further inquiries can be directed to the corresponding author."
PMC9068255,35509061,comparison,2022,Diagnostic and prognostic research,1,1,back-notes-type,Availability of data and materialsNot applicable.
PMC9070052,35530730,comparison,2022,Frontiers in behavioral neuroscience,1,1,none,
PMC9071101,35542386,comparison,2022,Current developments in nutrition,1,1,back-sec-type,Data AvailabilityAll data described in the manuscript will be made available upon request. Statistical code is available from Mr. Shanahan (e-mail: shanahan.christopher@gmail.com); data sets (study characteristics and risk-of-bias assessment) are available from Dr. Van Elswyk (e-mail: mveconsulting@q.com).
PMC9071870,35528240,comparison,2022,Journal of oncology,1,1,back-sec-type,Data AvailabilityThe data availability declaration is applicable.
PMC9076130,35530302,comparison,2022,Frontiers in oncology,1,1,none,
PMC9081518,35548179,comparison,2022,Journal of research in medical sciences : the official journal of Isfahan University of Medical Sciences,1,1,none,
PMC9083420,35523496,comparison,2022,BMJ open,1,1,none,
PMC9084529,35533182,comparison,2022,PloS one,1,1,front-notes-title,Data AvailabilityAll relevant data and a script for reproducing the results are available at https://osf.io/h7exq.
PMC9086695,35512751,comparison,2022,Yonsei medical journal,1,1,back-sec-type,DATA AVAILABILITYAll data generated or analyzed during this study are included in this published article and its supplementary information files.
PMC9092176,35537794,comparison,2022,BMJ open,1,1,none,
PMC9092448,35570912,comparison,2022,Frontiers in public health,1,1,none,
PMC9094407,35572269,comparison,2022,Frontiers in psychology,1,1,none,
PMC9095054,35546237,comparison,2022,BMC medicine,1,1,back-notes-type,Availability of data and materialsThe data (our REMARK profiles) are published in the appendix.
PMC9096548,35545384,comparison,2022,BMJ open,1,1,back-sec-type,Data availability statementData are available upon reasonable request.
PMC9096558,35571093,comparison,2022,Frontiers in pharmacology,1,1,back-sec-type,"Data Availability StatementThe original contributions presented in the study are included in the article/Supplementary Material, further inquiries can be directed to the corresponding authors."
PMC9099018,35572378,comparison,2022,Frontiers in robotics and AI,1,1,none,
PMC9101149,35566654,comparison,2022,Journal of clinical medicine,1,1,back-notes-type,Data Availability StatementData is contained within this article.
PMC9105086,34789871,comparison,2021,Nature medicine,1,1,back-sec-type,"Data Availability StatementThe STORMS checklist as a versioned spreadsheet, and the analytical sample size flow diagram as editable PPTX and PDF files, are available for adaptation and inclusion in manuscripts at https://www.stormsmicrobiome.org/."
PMC9107051,35486428,exposed,2022,Journal of medical Internet research,1,1,none,
PMC9110010,35617829,comparison,2022,Journal of infection and public health,1,1,none,
PMC9111517,35592678,comparison,2022,Frontiers in oncology,1,1,none,
PMC9114967,35577469,comparison,2022,BMJ open,1,1,none,
PMC9125991,38013975,comparison,2022,Forensic Science International. Reports,1,0,none,
PMC9127391,35276363,comparison,2022,NeuroImage,1,1,none,
PMC9131110,35613793,comparison,2022,BMJ open,1,1,none,
PMC9134039,35612875,comparison,2022,JAMA psychiatry,1,0,none,
PMC9135848,34231158,comparison,2021,Irish journal of medical science,1,1,back-notes-type,Availability of data and materialData can be made available to reviewers if required.
PMC9138649,35625837,comparison,2022,Biomedicines,1,1,back-notes-type,Data Availability StatementNot applicable.
PMC9149577,35651788,comparison,2022,Frontiers in oncology,1,1,none,
PMC9150040,35663292,comparison,2022,World journal of psychiatry,1,1,none,
PMC9153153,35637519,comparison,2022,Chinese medicine,1,1,back-notes-type,Availability of data and materialsThe data and the related materials are available upon request to the first author.
PMC9154112,35639675,comparison,2022,PloS one,1,1,front-notes-title,Data AvailabilityAll relevant data are within the manuscript and its Supporting Information files.
PMC9159204,35685559,comparison,2022,International journal of clinical practice,1,1,back-sec-type,Data AvailabilityThe data that support the findings of this study are included in this article and available from the corresponding author upon reasonable request.
PMC9163999,35653153,exposed,2022,JAMA network open,1,1,none,
PMC9164255,35669073,comparison,2022,Frontiers in nutrition,1,1,none,
PMC9165773,35657814,comparison,2022,PloS one,1,1,front-notes-title,Data AvailabilityAll relevant data are within the paper and its Supporting information files.
PMC9171196,35667735,comparison,2022,BMJ open,1,1,none,
PMC9171867,35546034,comparison,2022,Acta bio-medica : Atenei Parmensis,1,1,none,
PMC9172979,35672763,comparison,2022,BMC health services research,1,1,back-notes-type,Availability of data and materialsAll data generated and analysed during the current study are available from the corresponding author on reasonable request.
PMC9174438,35675004,exposed,2022,Journal of community health,1,1,back-notes-type,Availability of Data and MaterialNot applicable.
PMC9174992,35692316,comparison,2022,Frontiers in public health,1,1,none,
PMC9178323,35678905,exposed,2022,Journal of gambling studies,1,1,back-notes-type,Data Availability and MaterialsData and materials for this article are available on the Open Science Framework (https://osf.io/xw7gf/).
PMC9180095,35682331,comparison,2022,International journal of environmental research and public health,1,1,back-notes-type,Data Availability StatementNot applicable.
PMC9185397,35680261,comparison,2022,BMJ open,1,1,back-sec-type,Data availability statementNo data are available. Data are available upon reasonable request.
PMC9186777,35585021,comparison,2022,Aging,1,1,none,
PMC9187119,35687581,comparison,2022,PloS one,1,1,front-notes-title,Data AvailabilityAll relevant data are within the manuscript and its Supporting information files.
PMC9189872,35747173,comparison,2022,EClinicalMedicine,1,1,none,
PMC9195229,35698213,comparison,2022,Systematic reviews,1,1,back-notes-type,Availability of data and materialsNot applicable
PMC9196831,35712857,comparison,2022,Journal of global health,1,1,none,
PMC9197680,35701374,exposed,2022,GigaScience,1,1,none,
PMC9199342,35705961,comparison,2022,Globalization and health,1,1,back-notes-type,Availability of data and materialsThe dataset used for analysis can be availed upon reasonable request by writing an email to the corresponding author.
PMC9200791,35705655,comparison,2022,Scientific reports,1,1,back-notes-type,Data availabilityThe datasets used and/or analysed during the current study available from the corresponding author on reasonable request.
PMC9201368,35720257,comparison,2022,Health services research and managerial epidemiology,1,1,none,
PMC9203242,35801143,comparison,2022,International journal of clinical practice,1,1,back-sec-type,Data AvailabilityAll the data generated or analyzed during this study are included in this published article.
PMC9204451,35705341,comparison,2022,BMJ open,1,1,none,
PMC9206205,35657654,comparison,2022,JMIR mHealth and uHealth,1,1,none,
PMC9214357,35725267,comparison,2022,BMJ open,1,1,none,
PMC9217728,35733229,comparison,2022,Global health research and policy,1,1,back-notes-type,Availability of data and materialsThe datasets generated during and/or analyzed during the current study are available from the corresponding author on reasonable request.
PMC9219278,35782281,comparison,2022,Sports medicine and health science,1,1,none,
PMC9220150,35740463,comparison,2022,Biomedicines,1,1,none,
PMC9223457,35742523,comparison,2022,International journal of environmental research and public health,1,1,back-notes-type,Data Availability StatementNot applicable.
PMC9226045,35739136,comparison,2022,Scientific reports,1,1,back-notes-type,"Data availabilityAll data relevant to the study are included in the article or uploaded as Supplementary Information. In addition, the datasets used and/or analyzed during the current study are available from the corresponding author upon reasonable request."
PMC9226934,35732386,comparison,2022,BMJ open,1,1,back-sec-type,Data availability statementAll data relevant to the study are included in the article or uploaded as online supplemental information. Online supplemental data are available at BMJ Open Online.
PMC9227005,35737386,comparison,2022,JAMA network open,1,1,none,
PMC9227377,35746460,comparison,2022,Vaccines,1,1,back-notes-type,Data Availability StatementNot applicable.
PMC9229142,35739465,comparison,2022,BMC medical research methodology,1,1,back-notes-type,Availability of data and materialsThe datasets generated and analyzed during this study are included in this published article and its supplementary information files. The data used here is freely-available for download at the following address: https://pclambert.net/data/colon.dta
PMC9233846,35752778,exposed,2022,BMC medical ethics,1,1,back-notes-type,Availability of data and materialsThe authors confirm that all relevant data are included in the article.
PMC9235282,35754052,comparison,2022,Systematic reviews,1,1,none,
PMC9239615,35776984,comparison,2022,Medicine,1,1,none,
PMC9239659,35776992,comparison,2022,Medicine,1,1,none,
PMC9240873,35768104,comparison,2022,BMJ open,1,1,none,
PMC9242555,35837521,comparison,2022,Rand health quarterly,1,0,none,
PMC9243575,35762736,comparison,2022,Therapeutic advances in cardiovascular disease,1,1,none,
PMC9246177,35771884,comparison,2022,PloS one,1,1,front-notes-title,Data AvailabilityAll relevant data are within the paper and its Supporting Information files.
PMC9246293,36913195,comparison,2022,Campbell systematic reviews,1,1,none,
PMC9250824,35841694,exposed,2022,"Pathology, research and practice",1,1,back-sec-type,Availability of data and materialsAll datasets on which the conclusions of the manuscript rely are included in the published article and its supplementary information files. Further data are not publicly available due to ethical restrictions. Pseudonymized information is potentially available from the corresponding authors on reasonable request.
PMC9255735,35788577,comparison,2022,PloS one,1,1,front-notes-title,Data AvailabilityAll relevant data are within the paper and its Supporting Information files.
PMC9255961,35792787,comparison,2022,Dental press journal of orthodontics,1,1,none,
PMC9259149,35801760,comparison,2022,Medicine,1,1,none,
PMC9263802,35803947,exposed,2022,Scientific data,1,1,back-notes-type,Code availabilityOur source code to generate the new versions of our knowledge graph is publicly available at https://github.com/dice-group/COVID19DS and is maintained in parallel with the knowledge graph.
PMC9264214,35797056,comparison,2022,JAMA oncology,1,0,none,
PMC9266181,35805233,comparison,2022,International journal of environmental research and public health,1,1,back-notes-type,Data Availability StatementNot applicable.
PMC9272181,35832654,comparison,2022,Global pediatric health,1,1,none,
PMC9273818,35836955,comparison,2022,Frontiers in medicine,1,1,none,
PMC9276449,35421065,comparison,2022,Medicine,1,1,none,
PMC9280381,35846467,exposed,2022,Heliyon,1,1,none,
PMC9282126,35363209,comparison,2022,Medicine,1,1,none,
PMC9283852,35840989,comparison,2022,Diabetology & metabolic syndrome,1,1,back-notes-type,Availability of data and materialsAll data generated or analyzed in this study are included in this published article.
PMC9288403,35936544,comparison,2022,Iranian journal of public health,1,1,none,
PMC9289357,35850660,comparison,2022,BMC neurology,1,1,back-notes-type,Availability of data and materialsThe datasets used and/or analysed during the current study are available from the corresponding author on reasonable request.
PMC9290579,34312866,comparison,2021,Nursing forum,1,1,none,
PMC9295293,35854295,comparison,2022,BMC oral health,1,1,back-notes-type,Availability of data and materialsThe datasets used and/or analyzed during the current study are available from the corresponding author on reasonable request.
PMC9295640,35840299,comparison,2022,BMJ open,1,1,none,
PMC9301013,35874673,comparison,2022,Frontiers in immunology,1,1,none,
PMC9302280,35866790,comparison,2022,Medicine,1,1,none,
PMC9303558,35119773,comparison,2022,ANZ journal of surgery,1,1,none,
PMC9310724,35158410,comparison,2022,European journal of haematology,1,1,back-sec-type,DATA AVAILABILITY STATEMENTAll data generated or analyzed during this study are included in this published article and its supplementary information files.
PMC9313781,35143109,exposed,2022,Human mutation,1,1,back-sec-type,"DATA AVAILABILITY SATEMENTAmbry Genetic supports open data sharing. Data supporting the work presented here can be found at www.genematcher.org or in the supporting files attached. Further, classified alterations identified during diagnostic testing are deposited into ClinVar."
PMC9315931,35885888,comparison,2022,Genes,1,1,back-notes-type,Data Availability StatementAll data generated or analyzed during this study are included in the manuscript and supporting files.
PMC9318282,35890035,comparison,2022,"Pathogens (Basel, Switzerland)",1,1,back-notes-type,Data Availability StatementAll data presented in this study are available upon request by contact with the corresponding authors.
PMC9318974,35884516,comparison,2022,Cancers,1,1,none,
PMC9322920,35891216,exposed,2022,Vaccines,1,1,back-notes-type,"Data Availability StatementAll the analyses were carried out using publicly available datasets that can be obtained directly from the DHS (https://dhsprogram.com/) (accessed 16 April 2022), World Bank (https://www.worldbank.org/) (accessed 16 April 2022), and Vision of Humanity (https://www.visionofhumanity.org/maps/#/) (accessed 16 April 2022) websites."
PMC9331757,35897398,comparison,2022,International journal of environmental research and public health,1,1,back-notes-type,"Data Availability StatementData are available at the Dapartmnt of Food Market and Consumption Research in the Institute of Human Nutrition Sciences, Warsaw University of Life Sciences, in Poland."
PMC9333251,35901063,comparison,2022,PloS one,1,1,front-notes-title,Data AvailabilityAll data appear in Table 2.
PMC9333449,35901123,comparison,2022,PloS one,1,1,front-notes-title,Data AvailabilityAll relevant data are within the manuscript and its Supporting Information files.
PMC9333487,35905232,comparison,2022,Medicine,1,1,none,
PMC9334748,35910706,exposed,2022,Frontiers in research metrics and analytics,1,1,none,
PMC9335984,33605417,comparison,2022,The Gerontologist,1,0,none,
PMC9338414,26578526,comparison,2015,The Cochrane database of systematic reviews,1,0,none,
PMC9340323,35861299,comparison,2022,Therapeutic advances in respiratory disease,1,1,none,
PMC9341104,35915400,comparison,2022,BMC pregnancy and childbirth,1,1,none,
PMC9349639,35844087,comparison,2022,The journal of obstetrics and gynaecology research,1,0,none,
PMC9351321,35918072,comparison,2022,BMJ global health,1,1,back-sec-type,Data availability statementAll data relevant to the study are included in the article or uploaded as supplementary information.
PMC9351928,35945755,comparison,2022,Medicine,1,1,none,
PMC9354550,35937593,comparison,2022,Frontiers in surgery,1,1,back-sec-type,"Data Availability StatementThe raw data supporting the conclusions of this article will be made available by the authors, without undue reservation."
PMC9355219,35930592,comparison,2022,PloS one,1,1,front-notes-title,Data AvailabilityAll relevant data are within the paper and its Supporting Information files.
PMC9355302,35935658,comparison,2022,Frontiers in cardiovascular medicine,1,1,none,
PMC9358685,35959295,comparison,2022,Frontiers in aging neuroscience,1,1,none,
PMC9359307,35816685,comparison,2022,Journal of medical Internet research,1,1,back-sec-type,Data AvailabilityAll relevant data are available in this paper and its supplementary files. Correspondence and requests for additional material should be addressed to the corresponding author (IS).
PMC9360263,35112281,comparison,2022,Journal of general internal medicine,1,1,none,
PMC9360883,35958452,comparison,2022,American journal of translational research,1,0,none,
PMC9361184,35939312,comparison,2022,JAMA neurology,1,0,none,
PMC9361679,35941610,comparison,2022,BMC urology,1,1,back-notes-type,Availability of data and materialsThe datasets used and/or analyzed during the current study are available from the corresponding author on reasonable request.
PMC9361699,35945508,comparison,2022,BMC geriatrics,1,1,back-notes-type,"Availability of data and materialsThe datasets generated and/or analysed during the current study are not publicly available currently due to considerations about potential patient identification in a small sample, but are available from the corresponding author on reasonable request."
PMC9362579,35968410,exposed,2022,Multimedia tools and applications,1,1,back-notes-type,Data availabilityall data and materials included in the article.
PMC9365472,35967744,comparison,2022,Geburtshilfe und Frauenheilkunde,1,1,none,
PMC9367127,35953857,comparison,2022,BMC public health,1,1,back-notes-type,Availability of data and materialsAll data generated or analysed during this study are included in this published article [and its supplementary information files].
PMC9368384,35954653,comparison,2022,International journal of environmental research and public health,1,1,back-notes-type,Data Availability StatementExtracted data can be made available on request.
PMC9375835,35978734,comparison,2022,Cureus,1,1,none,
PMC9379503,35948345,comparison,2022,BMJ global health,1,1,back-sec-type,Data availability statementData are available on reasonable request. Data and other materials are available from the authors on reasonable request (contact corresponding author at: upartap@hsph.harvard.edu).
PMC9379528,35961694,comparison,2022,Open heart,1,1,back-sec-type,Data availability statementNo data are available. Data sharing is not applicable as no datasets are generated or analysis conducted.
PMC9385733,35996746,comparison,2022,European journal of radiology open,1,1,none,
PMC9385757,35612665,comparison,2022,Supportive care in cancer : official journal of the Multinational Association of Supportive Care in Cancer,1,1,back-notes-type,Availability of data and materialCabrini Palliative Care Research Department retains primary control of the data presented in this manuscript. Data may be made available for external review if permission is obtained.
PMC9391954,35984654,comparison,2022,JAMA network open,1,1,none,
PMC9394205,35981806,comparison,2022,BMJ global health,1,1,back-sec-type,Data availability statementAll data relevant to the study are included in the article or uploaded as supplementary information.
PMC9396366,35994285,comparison,2022,JAMA network open,1,1,none,
PMC9399472,36033362,comparison,2022,Contemporary clinical trials communications,1,1,back-sec-type,Data availabilityData will be made available on request.
PMC9399841,35943793,comparison,2022,JMIR medical informatics,1,1,none,
PMC9401135,36001577,exposed,2022,PloS one,1,1,front-notes-title,Data AvailabilityAll data and code are available in the Open Science Framework at https://osf.io/exp3j (DOI: 10.17605/OSF.IO/EXP3J).
PMC9406794,36032954,exposed,2022,PeerJ,1,1,none,
PMC9408014,36011531,comparison,2022,International journal of environmental research and public health,1,1,back-notes-type,Data Availability StatementThe datasets used and/or analyzed during the current study are available from the corresponding author upon reasonable request.
PMC9408805,34618419,comparison,2021,Analytical chemistry,1,1,none,
PMC9410569,36035065,exposed,2022,Harvard data science review,1,1,none,
PMC9415365,36032949,comparison,2022,PeerJ,1,1,none,
PMC9420284,36030232,comparison,2022,Infectious agents and cancer,1,1,back-notes-type,Availability of data and materialsThe data that support the findings of this study are available from the corresponding author upon reasonable request.
PMC9422829,36028263,comparison,2022,BMJ open,1,1,back-sec-type,Data availability statementAll data relevant to the study are included in the article or uploaded as supplementary information.
PMC9422889,36028276,comparison,2022,BMJ open,1,1,back-sec-type,Data availability statementData are available on reasonable request. Data used in this manuscript may be obtained from the corresponding author after reasonable request.
PMC9433829,36059843,comparison,2022,Frontiers in medicine,1,1,none,
PMC9436152,36048863,comparison,2022,PloS one,1,1,front-notes-title,Data AvailabilityAll data files are available from https://doi.org/10.5281/zenodo.4892518.
PMC9439827,36107536,comparison,2022,Medicine,1,1,none,
PMC9439908,36060665,comparison,2022,Computational and mathematical methods in medicine,1,1,back-sec-type,Data AvailabilityThe data used and analyzed during the current study are available from the corresponding author.
PMC9444273,36064610,comparison,2022,Systematic reviews,1,1,back-notes-type,Availability of data and materialsThe data supporting the conclusions of this article is available in the Open Science Framework (OSF) repository: 10.17605/OSF.IO/TSUF9.
PMC9445465,36062751,comparison,2022,"Women's health (London, England)",1,1,none,
PMC9445816,36691151,comparison,2022,BMJ open,1,1,back-sec-type,Data availability statementNo data are available.
PMC9446201,36081704,comparison,2022,JSES international,1,1,none,
PMC9447682,36082216,comparison,2022,Frontiers in physiology,1,1,back-sec-type,"Data availability statementThe original contributions presented in the study are included in the article/Supplementary Material, further inquiries can be directed to the corresponding author."
PMC9448503,36128311,comparison,2022,Medical journal of the Islamic Republic of Iran,1,1,none,
PMC9453095,36105787,comparison,2022,International journal of clinical practice,1,1,back-sec-type,Data AvailabilityThe data used to support the findings of this study are included within the article.
PMC9453433,36092304,exposed,2022,Brain communications,1,1,back-sec-type,Data AvailabilityData sharing is not applicable to this article as no new data were created or analysed.
PMC9454861,36091999,exposed,2022,PeerJ. Computer science,1,1,none,
PMC9456364,36077088,comparison,2022,International journal of molecular sciences,1,1,back-notes-type,Data Availability StatementNo new data were created or analyzed in this study. Available data reviewed in this article is contained within the article or Supplementary Materials.
PMC9457433,36078955,comparison,2022,Journal of clinical medicine,1,1,back-notes-type,Data Availability StatementThe database supporting the conclusion of this article is included within the article and Supplementary Materials.
PMC9457785,36080308,comparison,2022,"Molecules (Basel, Switzerland)",1,1,back-notes-type,Data Availability StatementNot applicable.
PMC9462108,36691210,comparison,2022,BMJ open,1,1,none,
PMC9467468,35816721,comparison,2022,"American journal of physiology. Regulatory, integrative and comparative physiology",1,0,none,
PMC9467941,35790561,comparison,2022,Journal of neurology,1,1,back-notes-type,"Availability of dataThe datasets used and analysed during the current study are available in the Open Science Framework (OSF) Repository, https://osf.io/ajuw8/?view_only=4d5b5b31254e43f0813d7d3a368388fe."
PMC9470606,35347521,comparison,2022,"Quality of life research : an international journal of quality of life aspects of treatment, care and rehabilitation",1,1,none,
PMC9472090,34853864,exposed,2021,Acta dermato-venereologica,1,1,none,
PMC9473393,36103491,comparison,2022,PloS one,1,1,front-notes-title,Data AvailabilityAll relevant data supporting the findings are within the paper.
PMC9476114,36104132,comparison,2022,BMJ open,1,1,none,
PMC9476421,36109660,exposed,2022,Scientific reports,1,1,back-notes-type,Data availabilityAll data generated or analysed during this study are included in this published article (and its Supplementary Information files).
PMC9477217,33375955,comparison,2020,"International journal of radiation oncology, biology, physics",1,1,none,
PMC9478842,36109031,comparison,2022,BMJ open,1,1,none,
PMC9482879,34611322,comparison,2021,Gene therapy,1,1,none,
PMC9486175,36123099,comparison,2022,BMJ open,1,1,none,
PMC9486705,36148133,comparison,2022,Frontiers in psychology,1,1,none,
PMC9487899,35925813,exposed,2022,Glycobiology,1,0,none,
PMC9488615,28615309,comparison,2017,European respiratory review : an official journal of the European Respiratory Society,1,1,none,
PMC9489364,36160289,comparison,2022,International journal of clinical practice,1,1,back-sec-type,Data AvailabilityThe data used and analyzed during the current study are available from the corresponding author upon request.
PMC9490577,36127094,comparison,2022,BMJ open,1,1,back-sec-type,Data availability statementNo data are available.
PMC9498642,36158770,exposed,2022,Journal of clinical and experimental dentistry,1,1,none,
PMC9501062,36143101,comparison,2022,Journal of clinical medicine,1,1,none,
PMC9510360,36154932,exposed,2022,BMC medicine,1,1,back-notes-type,Availability of data and materialsThe datasets used and analyzed during the current study are available from the corresponding author upon reasonable request.
PMC9511725,36163002,comparison,2022,BMC endocrine disorders,1,1,back-notes-type,Availability of data and materialsAll data analyzed during this study are included in this published article.
PMC9513144,36176340,comparison,2022,Frontiers in surgery,1,1,back-sec-type,"Data availability statementThe original contributions presented in the study are included in the article/Supplementary Material, further inquiries can be directed to the corresponding author."
PMC9515561,36188197,comparison,2022,Journal of orthodontic science,1,1,none,
PMC9516149,36167387,comparison,2022,BMJ open,1,1,none,
PMC9518975,35921430,comparison,2022,Microbial biotechnology,1,1,back-sec-type,Data availability statementThe datasets used in thecurrent study are available from the corresponding author (C‐CL) uponreasonable request.
PMC9521410,36187136,comparison,2022,Frontiers in endocrinology,1,1,none,
PMC9523495,36173632,comparison,2022,JAMA network open,1,1,none,
PMC9526959,36182910,comparison,2022,AIDS research and therapy,1,1,back-notes-type,Availability of data and materialsAll data generated or analyzed during this study are included in this published.article.
PMC9532104,36203482,comparison,2022,BioMed research international,1,1,back-sec-type,Data AvailabilityData are available on request.
PMC9534706,36213460,comparison,2022,Cardiology research and practice,1,1,back-sec-type,Data AvailabilityThe data used to support the findings of this study are available from the corresponding author or the first author upon request.
PMC9536964,36213199,comparison,2022,International journal of endocrinology,1,1,back-sec-type,Data AvailabilityThe data supporting the meta-analysis are included in the article.
PMC9539909,34981574,comparison,2022,Conservation biology : the journal of the Society for Conservation Biology,1,1,none,
PMC9545538,34212419,comparison,2021,Scandinavian journal of caring sciences,1,1,none,
PMC9550532,36238582,comparison,2022,Resuscitation plus,1,1,none,
PMC9552480,36221048,comparison,2022,BMC neurology,1,1,back-notes-type,Availability of data and materialsThe data that support the findings of this study are available from the corresponding author upon reasonable request.
PMC9553154,36205572,comparison,2022,Pharmaceutical biology,1,1,none,
PMC9554073,35277454,comparison,2022,Heart (British Cardiac Society),1,1,back-sec-type,Data availability statementData sharing not applicable as no datasets generated and/or analysed for this study. This is a systematic review and meta-analysis of published and fully anonymised studies. The data used have already been published in journals in the form of full-text articles or conference abstracts.
PMC9557267,36220321,comparison,2022,BMJ open,1,1,none,
PMC9559366,36259006,comparison,2022,Cureus,1,1,none,
PMC9562307,36229145,comparison,2022,BMJ open,1,1,none,
PMC9562516,36245581,exposed,2022,Journal of thoracic disease,1,1,none,
PMC9565976,36248575,comparison,2022,Frontiers in psychology,1,1,none,
PMC9569801,36233238,comparison,2022,International journal of molecular sciences,1,1,back-notes-type,Data Availability StatementData sharing not applicable. No new data were created or analysed in this study. Data sharing is not applicable to this article.
PMC9574182,36274792,comparison,2022,Scientometrics,1,1,none,
PMC9574363,36263228,comparison,2022,Frontiers in oncology,1,1,none,
PMC9575169,35177375,comparison,2022,The journal of sexual medicine,1,1,none,
PMC9575750,36253978,comparison,2022,Medicine,1,1,none,
PMC9576083,36251715,comparison,2022,PloS one,1,1,front-notes-title,Data AvailabilityAll relevant data are within the manuscript and its Supporting Information files.
PMC9576989,36268103,comparison,2022,Journal of pathology informatics,1,1,none,
PMC9577715,36190749,comparison,2022,Journal of medical Internet research,1,1,none,
PMC9578863,36267460,comparison,2022,Disease markers,1,1,back-sec-type,Data AvailabilityAll data generated or analyzed during this study are included in this published article.
PMC9581052,36303795,comparison,2021,Frontiers in bioinformatics,1,1,none,
PMC9581335,36071533,comparison,2022,Systematic reviews,1,1,back-notes-type,Availability of data and materialsNot applicable.
PMC9581781,35636439,exposed,2022,The Lancet. Public health,1,1,none,
PMC9583538,36276344,comparison,2022,Frontiers in public health,1,1,none,
PMC9585776,36271453,comparison,2022,Systematic reviews,1,1,back-notes-type,Availability of data and materialsAll data generated or synthesized during this study are included in this published article and supplementary material.
PMC9586197,36269562,comparison,2022,The Cochrane database of systematic reviews,1,0,none,
PMC9588894,36116421,comparison,2022,ESMO open,1,1,none,
PMC9599650,36291609,comparison,2022,Biomolecules,1,1,back-notes-type,Data Availability StatementNot applicable.
PMC9600353,36291820,comparison,2022,Cancers,1,1,none,
PMC9603811,36293770,comparison,2022,International journal of environmental research and public health,1,1,back-notes-type,Data Availability StatementNot applicable.
PMC9605027,36288349,comparison,2022,PloS one,1,1,front-notes-title,Data AvailabilityAll relevant data are within the paper and its Supporting Information files.
PMC9608534,36283748,comparison,2022,BMJ open,1,1,back-sec-type,"Data availability statementAs this is a protocol, no data is collected and available."
PMC9609408,36288171,comparison,2022,Veterinary sciences,1,1,back-notes-type,Data Availability StatementNot applicable.
PMC9609511,35220801,comparison,2022,Global spine journal,1,1,none,
PMC9610844,36288046,comparison,2022,Tropical medicine and infectious disease,1,1,back-notes-type,Data Availability StatementRequests to access these data should be sent to the corresponding author.
PMC9613746,35729406,comparison,2022,Surgical endoscopy,1,1,none,
PMC9617747,36309756,comparison,2022,Trials,1,1,back-notes-type,Availability of data and materialsThe dataset supporting the conclusions of this article is included within the article (and its additional files).
PMC9618721,36324815,comparison,2022,Frontiers in pediatrics,1,1,back-sec-type,"Data availability statementThe original contributions presented in the study are included in the article/Supplementary Material, further inquiries can be directed to the corresponding author/s."
PMC9620940,36417228,exposed,2021,"Epidemiologia (Basel, Switzerland)",1,1,back-notes-type,"Data Availability StatementDataset is available at Zenodo: https://doi.org/10.5281/zenodo.3723939 (accessed on 21 July 2021), Code to reproduce the dataset and brief data updates: https://github.com/thepanacealab/COVID19_twitter (accessed on 21 July 2021)."
PMC9622593,36316864,comparison,2022,Medicine,1,1,none,
PMC9627290,36338730,comparison,2022,Frontiers in oncology,1,1,none,
PMC9628666,36319056,comparison,2022,BMJ open,1,1,none,
PMC9629563,36314416,comparison,2022,Integrative cancer therapies,1,1,none,
PMC9630164,35502762,comparison,2022,Journal of orthopaedic research : official publication of the Orthopaedic Research Society,1,1,none,
PMC9632456,36338175,comparison,2022,Regenerative biomaterials,1,1,none,
PMC9632797,36327216,comparison,2022,PloS one,1,1,front-notes-title,Data AvailabilityAll data files are available from the Open Science Framework database: https://osf.io/7e829/.
PMC9635097,36329458,comparison,2022,World journal of surgical oncology,1,1,back-notes-type,Availability of data and materialsThe datasets adopted during the meta-analysis are available on reasonable request from the corresponding author.
PMC9636487,36398277,comparison,2021,F1000Research,1,1,back-sec-type,"Data availabilityUnderlying dataAll data underlying the results are available as part of the article and no additional source data are required.Extended dataFigshare: Extended data: SARS-CoV-2 and the Role of Close Contact in Transmission: A Systematic Review, https://doi.org/10.6084/m9.figshare.14312630.v1 8 .This project contains the following extended data:Updated ProtocolRevised Search StrategyRevised List of Referenced to Excluded StudiesRevised List of References to Included StudiesData are available under the terms of the Creative Commons Attribution 4.0 International license (CC-BY 4.0)."
PMC9636814,36335379,exposed,2022,BMC research notes,1,1,back-notes-type,"Data availabilityThe preprint used to generate the datasets analyzed during the study are available at iSearch, https://icite.od.nih.gov/covid19/search/."
PMC9639714,36353345,comparison,2022,Journal of research in medical sciences : the official journal of Isfahan University of Medical Sciences,1,1,none,
PMC9644358,36344107,comparison,2022,Open heart,1,1,back-sec-type,Data availability statementData sharing is not applicable as no datasets generated or analysis conducted.
PMC9647266,36385791,comparison,2022,SAGE open medicine,1,1,none,
PMC9647267,36385789,comparison,2022,SAGE open medicine,1,1,none,
PMC9651186,36393825,comparison,2022,Advanced biomedical research,1,1,none,
PMC9655417,36362596,exposed,2022,Journal of clinical medicine,1,1,none,
PMC9661461,36406005,exposed,2022,Scientometrics,1,1,none,
PMC9663897,36387524,comparison,2022,Heliyon,1,1,none,
PMC9664048,36378377,comparison,2022,Environmental science and pollution research international,1,1,none,
PMC9665367,36378630,comparison,2022,PloS one,1,1,front-notes-title,"Data AvailabilityDetailed project materials, resources, statistical code, and protocol amendments are available on the Open Science Framework (https://osf.io/k5ezm/)."
PMC9666860,36407750,comparison,2022,JRSM open,1,1,none,
PMC9667405,36406652,comparison,2022,JGH open : an open access journal of gastroenterology and hepatology,1,1,back-sec-type,Data availability statementThe data underlying this article are available in the Harvard Dataverse Digital Repository at https://doi.org/10.7910/DVN/ZNF52C.
PMC9669980,36408038,comparison,2022,Frontiers in public health,1,1,none,
PMC9671331,36395170,comparison,2022,PloS one,1,1,front-notes-title,Data AvailabilityAll relevant data are within the paper and its Supporting Information files.
PMC9673303,36401252,comparison,2022,BMC women's health,1,1,back-notes-type,Availability of data and materialsAll data generated or analyzed during this study are included in this published article (and its supplementary information files).
PMC9673608,36447459,exposed,2022,International journal of integrated care,1,1,none,
PMC9675093,36425270,comparison,2022,International journal of endocrinology and metabolism,1,1,none,
PMC9676438,36419537,exposed,2022,Frontiers in research metrics and analytics,1,1,none,
PMC9678297,36409738,comparison,2022,PloS one,1,1,front-notes-title,Data AvailabilityThe dataset is available in a public repository: Accelerometer level dataset: https://doi.org/10.15139/S3/8GPGJZ Cohort level dataset: https://doi.org/10.15139/S3/ZYVHUO.
PMC9678537,36401382,comparison,2022,Medicine,1,1,none,
PMC9683558,36417408,comparison,2022,PloS one,1,1,front-notes-title,Data AvailabilityAll the important information is available within the manuscript and its supplementary files.
PMC9686835,36439677,comparison,2022,Frontiers in aging,1,1,none,
PMC9686905,36358577,comparison,2022,"Antioxidants (Basel, Switzerland)",1,1,back-notes-type,Data Availability StatementData is contained within the article.
PMC9691458,36438063,comparison,2022,Frontiers in medicine,1,1,none,
PMC9691824,35292534,comparison,2022,BMJ evidence-based medicine,1,1,back-sec-type,Data availability statementData are available upon reasonable request. Data available upon reasonable request.
PMC9694715,36366337,comparison,2022,Vaccines,1,1,back-notes-type,Data Availability StatementNot applicable.
PMC9697903,36579615,comparison,2022,Journal of personalized medicine,1,1,back-notes-type,Data Availability StatementNot applicable.
PMC9698841,36363496,comparison,2022,"Medicina (Kaunas, Lithuania)",1,1,none,
PMC9700273,36434877,comparison,2022,"Clinics (Sao Paulo, Brazil)",1,1,none,
PMC9704975,36451461,comparison,2022,Medicine,1,1,none,
PMC9706063,36412918,comparison,2022,Integrative cancer therapies,1,1,none,
PMC9706954,36457822,comparison,2022,"Arthroscopy, sports medicine, and rehabilitation",1,1,none,
PMC9707954,36713608,comparison,2021,European heart journal. Digital health,1,1,back-sec-type,Data availabilityData sharing is not applicable to this article as no new data were created or analyzed in this study.
PMC9710258,36457979,comparison,2021,Archives of medical science : AMS,1,1,none,
PMC9712232,36332724,exposed,2022,Advanced drug delivery reviews,1,1,none,
PMC9713676,36449299,comparison,2023,JAMA surgery,1,0,none,
PMC9719239,36463141,comparison,2022,BMC health services research,1,1,back-notes-type,Availability of data and materialsIn this review all data are available from the referenced articles. The open access articles used for analysis during the current study are available from the corresponding author. The 24-item CHEERS evaluation applied on the 80 included economic evaluation studies is included in Supplementary material.
PMC9720603,36478829,comparison,2022,Heliyon,1,1,none,
PMC9726973,35710142,comparison,2022,Journal of investigative medicine : the official publication of the American Federation for Clinical Research,1,1,back-sec-type,Data availability statementData sharing not applicable as no datasets generated and/or analyzed for this study.
PMC9728429,36505205,comparison,2022,"Journal of anaesthesiology, clinical pharmacology",1,1,none,
PMC9729664,36506663,comparison,2022,European journal of ageing,1,1,back-notes-type,Data availabilityData generated and analysed during this study are available from the corresponding author upon reasonable request.
PMC9743545,36510178,comparison,2022,BMC public health,1,1,back-notes-type,Availability of data and materialsAll data generated or analysed during this study are included in this published article [and its supplementary information files].
PMC9746194,36514059,comparison,2022,Implementation science : IS,1,1,back-notes-type,Availability of data and materialsData and materials relating to this review are available from the corresponding author on reasonable request.
PMC9749424,36532039,comparison,2022,Frontiers in immunology,1,1,none,
PMC9754927,34118786,comparison,2021,Heart & lung : the journal of critical care,1,1,none,
PMC9755193,36532736,comparison,2022,Frontiers in pharmacology,1,1,back-sec-type,"Data availability statementThe original contributions presented in the study are included in the article/Supplementary Material, further inquiries can be directed to the corresponding authors."
PMC9755337,36530888,exposed,2022,Frontiers in medicine,1,1,none,
PMC9755351,36531754,exposed,2022,Frontiers in research metrics and analytics,1,1,none,
PMC9767811,36561711,comparison,2022,"One health (Amsterdam, Netherlands)",1,1,back-sec-type,Data availabilityNo data was used for the research described in the article.
PMC9773456,36544179,comparison,2022,BMC oral health,1,1,back-notes-type,Availability of data and materialsThe datasets used and/or analyzed during the current study are available from the corresponding author on reasonable request.
PMC9773486,36550391,comparison,2022,BMC medical research methodology,1,1,back-notes-type,Availability of data and materialsNot applicable.
PMC9776625,35820042,comparison,2022,"Advances in nutrition (Bethesda, Md.)",1,0,none,
PMC9784491,36560493,comparison,2022,Vaccines,1,1,back-notes-type,Data Availability StatementDocuments containing all the extracted data have been made available in the manuscript and the accompanying Supplementary Materials.
PMC9787755,36039688,comparison,2022,European journal of clinical investigation,1,1,none,
PMC9788914,35915977,exposed,2022,Methods of information in medicine,1,1,none,
PMC9792155,36572731,comparison,2022,British journal of cancer,1,1,back-notes-type,Data availabilityNot applicable
PMC9793472,36018049,comparison,2022,The British journal of radiology,1,0,none,
PMC9794072,36574380,comparison,2022,PloS one,1,1,front-notes-title,Data AvailabilityAll relevant data are within the paper and its Supporting information files.
PMC9798720,36581809,comparison,2022,European review of aging and physical activity : official journal of the European Group for Research into Elderly and Physical Activity,1,1,back-notes-type,"Availability of data and materialsFor all inquiries regarding data access, please contact the corresponding author."
PMC9801145,36585703,comparison,2022,Systematic reviews,1,1,back-notes-type,Availability of data and materialsNot applicable.
PMC9803143,36584036,comparison,2022,PloS one,1,1,front-notes-title,Data AvailabilityAll relevant data are within the paper and its Supporting information files.
PMC9806138,36601482,comparison,2022,Frontiers in oncology,1,1,none,
PMC9806355,36600940,comparison,2022,Frontiers in public health,1,1,none,
PMC9808781,36605438,comparison,2022,Frontiers in oncology,1,1,none,
PMC9809045,36593472,comparison,2023,BMC public health,1,1,back-notes-type,Availability of data and materialsThe datasets used and/or analyzed during the current study available from the corresponding author on reasonable request.
PMC9813386,36619627,comparison,2022,Frontiers in medicine,1,1,none,
PMC9813405,36600479,comparison,2023,Journal of the International AIDS Society,1,1,back-sec-type,DATA AVAILABILITY STATEMENTThe data that support the findings of this study are available from the corresponding author upon reasonable request.
PMC9813819,36542427,comparison,2022,Journal of medical Internet research,1,1,none,
PMC9815046,36599636,comparison,2023,BMJ open,1,1,none,
PMC9815633,36602999,comparison,2023,PloS one,1,1,front-notes-title,Data AvailabilityAll relevant data are within the manuscript and its Supporting Information files.
PMC9816214,36427170,comparison,2022,European journal of clinical microbiology & infectious diseases : official publication of the European Society of Clinical Microbiology,1,1,back-notes-type,Data availabilityThe datasets generated during and/or analyzed during the current study are not publicly available due to potential compromise of individual privacy but are available from the corresponding author on reasonable request.
PMC9817370,36604759,comparison,2023,Journal of medical case reports,1,1,back-notes-type,Availability of data and materialsAll data generated or analyzed during this study are included in this published article (and its Additional file 1: Appendix S1).
PMC9821587,36614817,comparison,2022,Journal of clinical medicine,1,1,back-notes-type,Data Availability StatementNot applicable.
PMC9822966,36609438,comparison,2023,Scientific reports,1,1,back-notes-type,Data availabilityThe datasets used and/or analyzed during the current study available from the corresponding author on reasonable request.
PMC9826834,36632129,comparison,2022,Integrative medicine research,1,1,none,
PMC9827252,36604133,comparison,2023,BMJ open,1,1,none,
PMC9827575,36632125,comparison,2022,World journal of gastrointestinal surgery,1,1,none,
PMC9828427,36209385,comparison,2022,Psycho-oncology,1,1,back-sec-type,DATA AVAILABILITY STATEMENTAll data generated or analysed during this study are included in this article.
PMC9828682,36125975,comparison,2022,Basic & clinical pharmacology & toxicology,1,1,none,
PMC9830404,36533669,comparison,2022,European journal of translational myology,1,1,none,
PMC9832230,36495167,comparison,2022,"Journal of clinical hypertension (Greenwich, Conn.)",1,1,none,
PMC9834877,36655084,comparison,2022,Food science & nutrition,1,1,none,
PMC9835271,36635634,comparison,2023,BMC medical research methodology,1,1,back-notes-type,Availability of data and materialsThe datasets used and/or analyzed during the current study are available from the corresponding author on reasonable request.
PMC9836581,36761559,exposed,2022,Biodiversity data journal,1,1,none,
PMC9840985,36641767,comparison,2023,Sports medicine - open,1,1,back-notes-type,Availability of Data and MaterialsThe data sets generated during and/or analysed during the current study are available from the corresponding author upon reasonable request.
PMC9845718,36687697,comparison,2023,Frontiers in nutrition,1,1,none,
PMC9847609,36542540,comparison,2022,Brain and behavior,1,1,back-sec-type,DATA AVAILABILITY STATEMENTAll data generated or analyzed during this study are included in the article.
PMC9850868,36687559,comparison,2023,World journal of transplantation,1,1,none,
PMC9853394,36686798,comparison,2023,Frontiers in oncology,1,1,none,
PMC9854052,36670421,comparison,2023,Health and quality of life outcomes,1,1,back-notes-type,Availability of data and materialsAll the data generated or analysed during this review are available with this published article as an additional file – data set.
PMC9858841,36662896,comparison,2023,PloS one,1,1,front-notes-title,Data AvailabilityAll relevant data are within the paper and its Supporting Information files.
PMC9862842,36670375,comparison,2023,BMC medical research methodology,1,1,back-notes-type,"Availability of data and materialsThe datasets used and/or analysed during the current study are available from the corresponding author on reasonable request. The lead authors (the manuscript’s guarantors) affirm that the manuscript is an honest, accurate, and transparent account of the study being reported; that no important aspects of the study have been omitted; and that any discrepancies from the study as originally planned (and, if relevant, registered) have been explained."
PMC9868276,36698895,comparison,2023,Frontiers in neurology,1,1,none,
PMC9872457,36669835,comparison,2023,BMJ open,1,1,back-sec-type,"Data availability statementData are available in a public, open access repository. The data generated in this study are openly available under the Creative Commons Attribution 4.0 International license in Zenodo (https://doi.org/10.5281/zenodo.6245750)."
PMC9873770,35796877,comparison,2022,Dysphagia,1,1,none,
PMC9874692,36714564,comparison,2023,Frontiers in endocrinology,1,1,none,
PMC9877974,36367322,comparison,2022,"European journal of pain (London, England)",1,0,none,
PMC9879742,36703019,comparison,2023,"Quality of life research : an international journal of quality of life aspects of treatment, care and rehabilitation",1,1,back-notes-type,Data availabilityAnonymized individual participant data and study documents can be requested for further research from https://www.clinicalstudydatarequest.com.
PMC9880238,36714536,exposed,2023,"One health (Amsterdam, Netherlands)",1,1,back-sec-type,Data availabilityNo data was used for the research described in the article.
PMC9883744,36637881,comparison,2023,JMIR nursing,1,1,none,
PMC9889160,36733845,comparison,2023,Evidence-based complementary and alternative medicine : eCAM,1,1,back-sec-type,Data AvailabilityThe data used to support the findings are available from the corresponding authors upon reasonable request.
PMC9889887,36567310,comparison,2022,Journal of educational evaluation for health professions,1,1,none,
PMC9893398,36743525,comparison,2023,Therapeutic advances in medical oncology,1,1,none,
PMC9894495,36730309,comparison,2023,PloS one,1,1,front-notes-title,Data AvailabilityAll relevant data are within the paper and its Supporting information files.
PMC9895145,36742791,comparison,2021,Indian journal of otolaryngology and head and neck surgery : official publication of the Association of Otolaryngologists of India,1,0,none,
PMC9896545,35867343,comparison,2022,Perspectives on psychological science : a journal of the Association for Psychological Science,1,1,none,
PMC9898311,36724732,comparison,2023,NeuroImage. Clinical,1,1,back-sec-type,Data availabilityData will be made available on request.
PMC9902141,36756038,comparison,2023,Evidence-based complementary and alternative medicine : eCAM,1,1,none,
PMC9903134,36761956,comparison,2023,Frontiers in oncology,1,1,none,
PMC9903603,36778929,comparison,2022,Lancet regional health. Americas,1,1,none,
PMC9908959,36776981,comparison,2023,Frontiers in physiology,1,1,back-sec-type,Data availability statementThe original contributions presented in the study are included in the article/Supplementary Material; further inquiries can be directed to the corresponding author.
PMC9910608,36776847,comparison,2023,Frontiers in immunology,1,1,none,
PMC9912223,40479478,exposed,2023,Journal of the knowledge economy,1,0,none,
PMC9917758,36769892,comparison,2023,Journal of clinical medicine,1,1,back-notes-type,Data Availability StatementThe data presented in this study are available on request from the corresponding author.
PMC9924271,37091093,comparison,2022,Implementation research and practice,1,1,none,
PMC9924277,37091096,comparison,2022,Implementation research and practice,1,1,none,
PMC9928063,37388832,comparison,2021,Journal of academic ophthalmology (2017),1,1,none,
PMC9928905,35995037,comparison,2022,Developmental neuroscience,1,1,none,
PMC9930775,36818377,comparison,2022,Arab journal of urology,1,1,none,
PMC9931025,36818665,exposed,2023,Frontiers in sociology,1,1,none,
PMC9932529,36816549,comparison,2023,Frontiers in neurology,1,1,none,
PMC9936000,36800608,comparison,2023,Medicine,1,1,none,
PMC9936100,36816808,exposed,2022,F1000Research,1,1,none,
PMC9937938,36820141,comparison,2023,Dental research journal,1,1,none,
PMC9939166,35933720,comparison,2022,Cancer medicine,1,1,none,
PMC9941426,36824236,comparison,2023,Iranian journal of public health,1,1,none,
PMC9942164,36824079,comparison,2022,Journal of education and health promotion,1,1,none,
PMC9946199,36812222,comparison,2023,PloS one,1,1,front-notes-title,Data AvailabilityNo datasets were generated or analysed during the current study. All relevant data from this study will be made available upon study completion.
PMC9946265,36812192,comparison,2023,PloS one,1,1,front-notes-title,Data AvailabilityAll relevant data are within the paper and its Supporting Information files.
PMC9947020,35751671,comparison,2022,International urogynecology journal,1,1,none,
PMC9947652,36843924,comparison,2023,Frontiers in pharmacology,1,1,back-sec-type,Data availability statementThe original contributions presented in the study are included in the article/Supplementary Material; further inquiries can be directed to the corresponding author.
PMC9948355,36814249,comparison,2023,BMC gastroenterology,1,1,back-notes-type,Availability of data and materialsNo new data were created for this manuscript and this meta-analysis used the data available in public domain.
PMC9950748,36844747,comparison,2023,Frontiers in cardiovascular medicine,1,1,none,
PMC9951037,36821108,comparison,2023,JAMA network open,1,1,none,
PMC9952910,36830811,comparison,2023,Biomedicines,1,1,back-notes-type,Data Availability StatementNot applicable.
PMC9953919,36831478,comparison,2023,Cancers,1,1,back-notes-type,Data Availability StatementNot applicable.
PMC9960445,36829247,comparison,2023,Implementation science : IS,1,1,back-notes-type,Availability of data and materialsThe authors declare that the data supporting findings of this review are available within the paper.
PMC9967278,36850945,comparison,2023,"Sensors (Basel, Switzerland)",1,1,back-notes-type,Data Availability StatementNot applicable.
PMC9967860,36835305,comparison,2023,International journal of molecular sciences,1,1,back-notes-type,Data Availability StatementAll data is available at request.
PMC9971532,36403159,comparison,2022,Journal of general internal medicine,1,0,none,
PMC9972695,36849932,comparison,2023,BMC medical research methodology,1,1,back-notes-type,Availability of data and materialsAll data generated or analyzed during this study are included in this published article.
PMC9974383,36874727,comparison,2023,Cureus,1,1,none,
PMC9974869,36512906,comparison,2022,Clinical psychology review,1,1,back-sec-type,"Data availabilityLinks to the pre-registration, data, code, and analysis output, which have been posted on the Open Science Framework, are included at the beginning of the Method section within the manuscript."
PMC9980563,35634889,comparison,2022,European journal of physical and rehabilitation medicine,1,1,none,
PMC9980884,36479854,exposed,2022,Human brain mapping,1,1,back-sec-type,DATA AVAILABILITY STATEMENTData is available at Figshare (https://doi.org/10.6084/m9.figshare.21580998). This work did not use codes or scripts. Data was processed by Excel (Version 16.64 for Mac) and SPSS (Version 26.0 for Mac).
PMC9983460,36874515,comparison,2023,Indian journal of psychiatry,1,1,none,
PMC9984419,36879608,comparison,2023,Data in brief,1,1,back-sec-type,Data Availability Sample Records. A systematic review in Circular Economy and Bioenergy addressed by Education and Communication (Original data) (Zenodo. OpenAIRE).Systematic Literature Review results: PRISMA Statement Phases for Education and Communication based on Circular Economy and Bioenergy Literature (Original data) (Zenodo. OpenAIRE).Descriptors for a systematic literature review on social sciences (DESLOCIS) (Original data) (Zenodo. OpenAIRE).
PMC9988817,36877375,exposed,2023,Environmental monitoring and assessment,1,1,back-notes-type,"Data AvailabilityWe used open access data available through desktop search for developing the manuscript. For additional information regarding Indigenous community–based monitoring programs, see the links included in the Supplementary Index below."
PMC9990659,36878659,comparison,2023,BMJ open,1,1,back-sec-type,Data availability statementAll data relevant to the study are included in the article or uploaded as supplementary information.
PMC9990787,36895255,comparison,2023,Surgical neurology international,1,1,none,
PMC9991525,36895813,exposed,2022,"Journal of neurological surgery. Part B, Skull base",1,0,none,
PMC9993609,36890575,comparison,2023,BMC medical genomics,1,1,back-notes-type,Data AvailabilityAll data generated or analyzed during this study are included in this published article.
