pmcid	pmid	arm	year	journal
PMC13574908	42745997	exposed	2026	Pattern analysis and applications : PAA
PMC13560004	42728931	exposed	2026	F1000Research
PMC13561195	42721319	exposed	2026	JMIR medical informatics
PMC13547244	42707398	exposed	2026	Frontiers in artificial intelligence
PMC13527486	42676606	exposed	2026	Data in brief
PMC13506944	42656875	exposed	2026	Frontiers in oral health
PMC13536098	42642085	exposed	2026	BMJ open
PMC13486865	42580118	exposed	2026	Developmental cognitive neuroscience
PMC13438877	42558966	exposed	2026	Health science reports
PMC13439576	42554297	exposed	2026	JMIR research protocols
PMC13419376	42538917	exposed	2026	bioRxiv : the preprint server for biology
PMC13354201	42527524	exposed	2025	npj health systems
PMC13383979	42519184	exposed	2026	Biodiversity data journal
PMC13387846	42478255	exposed	2026	Journal of Korean medical science
PMC13384142	42468964	exposed	2026	BMJ open
PMC13375024	42461799	exposed	2026	PloS one
PMC13386653	42458453	exposed	2026	Journal of translational medicine
PMC13349230	42424585	exposed	2026	Journal of medical Internet research
PMC13460311	42424418	exposed	2026	The Journal of bone and joint surgery. American volume
PMC13339798	42416179	exposed	2026	Alpha psychiatry
PMC13323550	42395651	exposed	2026	Biosafety and health
PMC13542112	42336835	exposed	2026	Nutrition & diabetes
PMC13287831	42333728	exposed	2026	Canadian respiratory journal
PMC13550375	42332274	exposed	2026	Discover oncology
PMC13272892	42317221	exposed	2026	Health science reports
PMC13269973	42311841	exposed	2026	Digital health
PMC13275329	42309987	exposed	2026	Alzheimer's & dementia : the journal of the Alzheimer's Association
PMC13252408	42282195	exposed	2026	medRxiv : the preprint server for health sciences
PMC13254227	42272081	exposed	2026	Birth defects research
PMC13250019	42262619	exposed	2026	Insights into imaging
PMC13230082	42245297	exposed	2026	Frontiers in surgery
PMC13527111	42230977	exposed	2026	Communications medicine
PMC13221087	42221049	exposed	2026	Current addiction reports
PMC13197116	42181700	exposed	2026	JAMIA open
PMC13180693	42144551	exposed	2026	Clinical and translational science
PMC13163444	42121659	exposed	2026	Healthcare (Basel, Switzerland)
PMC13157968	42116839	exposed	2025	The journal of the Canadian Health Libraries Association
PMC13150867	42091153	exposed	2026	BMJ open
PMC13346840	42082515	exposed	2026	Scientific data
PMC13141235	42055611	exposed	2026	BMJ open
PMC13093130	42016902	exposed	2026	International journal of population data science
PMC13086783	41991816	exposed	2026	Behavior research methods
PMC13270612	41975389	exposed	2026	BMC medical ethics
PMC13076803	41973296	exposed	2026	Saudi pharmaceutical journal : SPJ : the official publication of the Saudi Pharmaceutical Society
PMC13052444	41947820	exposed	2026	Frontiers in psychiatry
PMC13064186	41946545	exposed	2026	BMJ open
PMC13042117	41929316	exposed	2026	medRxiv : the preprint server for health sciences
PMC13159320	41913279	exposed	2026	Annals of general psychiatry
PMC13214424	41857779	exposed	2026	Perioperative medicine (London, England)
PMC13007147	41856594	exposed	2026	BMJ open
PMC12954709	41814967	exposed	2026	Journal of medical Internet research
PMC12983744	41813053	exposed	2026	BMJ open
PMC13321724	41781978	exposed	2026	BMC medical ethics
PMC13285243	41770259	exposed	2026	Epilepsia
PMC12918779	41727021	exposed	2026	bioRxiv : the preprint server for biology
PMC12923498	41718844	exposed	2026	Metabolomics : Official journal of the Metabolomic Society
PMC12888484	41664130	exposed	2026	Diagnostic and prognostic research
PMC12836501	41646212	exposed	2025	ESMO real world data and digital oncology
PMC12860446	41623326	exposed	2025	Blockchain in healthcare today
PMC12951990	41622213	exposed	2026	Injury epidemiology
PMC13083376	41620928	exposed	2026	Clinical pharmacology and therapeutics
PMC12851513	41613939	exposed	2026	Journal of transplantation
PMC12895156	41605500	exposed	2026	Journal of medical Internet research
PMC12838467	41593823	exposed	2026	Arthroplasty (London, England)
PMC12869895	41556887	exposed	2026	Health technology assessment (Winchester, England)
PMC12815122	41545043	exposed	2026	BMJ open
PMC12856813	41536012	exposed	2026	Conservation biology : the journal of the Society for Conservation Biology
PMC13148407	41527909	exposed	2026	G3 (Bethesda, Md.)
PMC12795790	41527313	exposed	2026	Journal of Korean medical science
PMC12793718	41521649	exposed	2026	Journal of medical virology
PMC12759278	41488401	exposed	2026	Open research Europe
PMC12737861	41451425	exposed	2025	OTA international : the open access journal of orthopaedic trauma
PMC12849454	41444887	exposed	2025	BMC medical informatics and decision making
PMC12718562	41423269	exposed	2025	Journal for immunotherapy of cancer
PMC12927224	41413505	exposed	2025	BMC medical ethics
PMC12707491	41409385	exposed	2025	Journal of biomolecular techniques : JBT
PMC12706198	41387016	exposed	2025	BMJ open
PMC12666847	41332908	exposed	2025	Biochemistry and biophysics reports
PMC12635862	41268793	exposed	2025	Alzheimer's & dementia : the journal of the Alzheimer's Association
PMC12625417	41254665	exposed	2025	Trials
PMC12807730	41251150	exposed	2026	Nucleic acids research
PMC12616275	41246445	exposed	2025	Biodiversity data journal
PMC12607528	41228128	exposed	2025	Healthcare (Basel, Switzerland)
PMC12613547	41225677	exposed	2025	Journal of health, population, and nutrition
PMC12579840	41185742	exposed	2025	Risk management and healthcare policy
PMC12578435	41172347	exposed	2025	Journal of medical Internet research
PMC12551973	41135053	exposed	2025	Journal of medical Internet research
PMC12548256	41131546	exposed	2025	BMC palliative care
PMC12548969	41129781	exposed	2025	JMIR formative research
PMC12539342	41127308	exposed	2025	Bioscience
PMC12531183	41113807	exposed	2025	Indian journal of psychological medicine
PMC12512223	41070750	exposed	2025	The Journal of eukaryotic microbiology
PMC12488035	41032725	exposed	2025	Journal of medical Internet research
PMC12506189	41027703	exposed	2025	BMJ open
PMC12366717	40979925	exposed	2025	Advances in health information science and practice
PMC12438449	40955474	exposed	2025	Alzheimer's & dementia : the journal of the Alzheimer's Association
PMC12423402	40950803	exposed	2025	Integrative medicine research
PMC12519350	40935415	exposed	2025	BMJ open
PMC12416095	40926970	exposed	2025	Patterns (New York, N.Y.)
PMC12421755	40926267	exposed	2025	Genome biology
PMC12404463	40892776	exposed	2025	PloS one
PMC12403310	40890807	exposed	2025	BMC medicine
PMC12372245	40846904	exposed	2025	BMC medical research methodology
PMC12359039	40823805	exposed	2025	Nucleic acids research
PMC12338890	40791708	exposed	2025	medRxiv : the preprint server for health sciences
PMC12286997	40708937	exposed	2025	Frontiers in oncology
PMC12306300	40701601	exposed	2025	BMJ open
PMC12286402	40700356	exposed	2025	PloS one
PMC12280546	40697779	exposed	2025	SAGE open nursing
PMC12265520	40672350	exposed	2025	bioRxiv : the preprint server for biology
PMC12263965	40664672	exposed	2025	Scientific data
PMC12232763	40619391	exposed	2025	Journal of cheminformatics
PMC12226948	40615143	exposed	2025	BMJ open
PMC12210527	40597638	exposed	2025	BMC medical research methodology
PMC12215962	40593026	exposed	2025	Scientific reports
PMC12183259	40552228	exposed	2025	Frontiers in public health
PMC12184944	40549713	exposed	2025	PloS one
PMC12171211	40529497	exposed	2025	Frontiers in pharmacology
PMC12170604	40529242	exposed	2025	Frontiers in neuroscience
PMC12163012	40520786	exposed	2025	Frontiers in medicine
PMC12455711	40481658	exposed	2025	Annals of botany
PMC12097000	40398941	exposed	2025	BMJ open
PMC12095927	40396503	exposed	2024	Clinical trials (London, England)
PMC12061464	40342988	exposed	2025	Plastic and reconstructive surgery. Global open
PMC12046056	40312431	exposed	2025	Scientific data
PMC12057382	40227048	exposed	2025	Antimicrobial agents and chemotherapy
PMC11988998	40218147	exposed	2025	Diagnostics (Basel, Switzerland)
PMC11937929	40144285	exposed	2025	Royal Society open science
PMC12068865	40135605	exposed	2025	eLife
PMC11938244	40132820	exposed	2025	BMJ open
PMC11894576	40070923	exposed	2025	Frontiers in medicine
PMC12212899	40059334	exposed	2025	Rheumatology (Oxford, England)
PMC11879613	40040935	exposed	2025	Ecology and evolution
PMC11881826	40028839	exposed	2025	Human vaccines & immunotherapeutics
PMC11863247	40013073	exposed	2025	Digital health
PMC11843689	39989508	exposed	2025	Therapeutic advances in rare disease
PMC11842929	39980379	exposed	2025	Human brain mapping
PMC11836587	39903508	exposed	2025	Journal of medical Internet research
PMC12894597	39875769	exposed	2025	Journal of general internal medicine
PMC11750520	39845146	exposed	2024	Data in brief
PMC11747633	39839623	exposed	2025	Frontiers in medicine
PMC11745808	39834403	exposed	2024	Heliyon
PMC11740398	39819269	exposed	2025	BMC genomics
PMC11735507	39812741	exposed	2025	Neuroinformatics
PMC11730645	39805856	exposed	2025	Scientific data
PMC11757986	39787587	exposed	2025	JMIR public health and surveillance
PMC11705774	39762782	exposed	2025	BMC public health
PMC11667398	39715637	exposed	2024	BMJ mental health
PMC11643200	39677420	exposed	2024	medRxiv : the preprint server for health sciences
PMC11656107	39635895	exposed	2024	Biopreservation and biobanking
PMC11593537	39595779	exposed	2024	International journal of environmental research and public health
PMC11585932	39580391	exposed	2024	BMC oral health
PMC11581113	39574886	exposed	2024	Research square
PMC11578489	39565766	exposed	2024	PLOS global public health
PMC11573330	39559555	exposed	2024	Critical care explorations
PMC11667550	39535465	exposed	2024	Alzheimer's & dementia : the journal of the Alzheimer's Association
PMC11541499	39505888	exposed	2024	Scientific data
PMC11537614	39495970	exposed	2024	Medicine
PMC11528796	39493630	exposed	2024	Digital health
PMC11489925	39431203	exposed	2024	Brain and neuroscience advances
PMC13144259	39377935	exposed	2024	Journal of cancer survivorship : research and practice
PMC11445645	39360219	exposed	2024	Wellcome open research
PMC11459325	39353677	exposed	2024	BMJ open ophthalmology
PMC11435171	39339181	exposed	2024	Pharmaceutics
PMC11412123	39308913	exposed	2024	Journal of the Medical Library Association : JMLA
PMC11387932	39262445	exposed	2024	F1000Research
PMC11372859	39233894	exposed	2024	Digital health
PMC11911940	39214457	exposed	2024	Ophthalmology. Glaucoma
PMC11367384	39209763	exposed	2024	BMJ global health
PMC11349484	39206460	exposed	2024	Ecology and evolution
PMC11351027	39192339	exposed	2024	Trials
PMC11324476	39149511	exposed	2024	Frontiers in research metrics and analytics
PMC11485413	39140398	exposed	2024	Alzheimer's & dementia : the journal of the Alzheimer's Association
PMC11319765	39139913	exposed	2024	Ecology and evolution
PMC11320035	39139278	exposed	2024	NIHR open research
PMC11321244	39137905	exposed	2024	Database : the journal of biological databases and curation
PMC12038074	39045683	exposed	2024	Health information management : journal of the Health Information Management Association of Australia
PMC11266269	39044498	exposed	2024	The journal of prevention of Alzheimer's disease
PMC11265679	39042705	exposed	2024	PLOS digital health
PMC12833717	39024118	exposed	2024	Health technology assessment (Winchester, England)
PMC11247944	39011096	exposed	2024	Research square
PMC11232620	38983240	exposed	2024	PeerJ. Computer science
PMC11220107	38956430	exposed	2024	Nature communications
PMC11171381	38891588	exposed	2024	Animals : an open access journal from MDPI
PMC11220881	38864497	exposed	2024	IUCrJ
PMC11157193	38854438	exposed	2024	F1000Research
PMC11144585	38832151	exposed	2024	Cureus
PMC11515134	38826049	exposed	2024	Philosophical transactions. Series A, Mathematical, physical, and engineering sciences
PMC11110577	38772884	exposed	2024	BMJ open
PMC11068764	38702332	exposed	2024	Scientific data
PMC11027380	38641574	exposed	2024	BMC cancer
PMC11410906	38635076	exposed	2024	Clinical & translational oncology : official publication of the Federation of Spanish Oncology Societies and of the National Cancer Institute of Mexico
PMC10998425	38582900	exposed	2024	Orphanet journal of rare diseases
PMC10986794	38564425	exposed	2024	Database : the journal of biological databases and curation
PMC10963197	38533128	exposed	2024	EClinicalMedicine
PMC10959533	38524857	exposed	2024	Journal of pancreatology
PMC10961568	38508633	exposed	2024	BMJ open
PMC10973964	38477979	exposed	2024	JMIR medical informatics
PMC10927964	38476486	exposed	2024	Frontiers in public health
PMC10907511	38434256	exposed	2024	Heliyon
PMC10910653	38431298	exposed	2024	BMJ open
PMC10899804	38425336	exposed	2024	Exposome
PMC10863112	38350915	exposed	2024	Fluids and barriers of the CNS
PMC10826559	38286566	exposed	2024	BMJ open ophthalmology
PMC10824032	38262654	exposed	2024	BMJ open
PMC10791964	38227273	exposed	2024	Acta neurochirurgica
PMC10751823	38156342	exposed	2023	Current developments in nutrition
PMC12341665	40800001	exposed	2023	Learned publishing : journal of the Association of Learned and Professional Society Publishers
PMC10753734	38151272	exposed	2023	BMJ open
PMC10751125	38147852	exposed	2023	Yearbook of medical informatics
PMC10733721	38070153	exposed	2023	Bioinformatics (Oxford, England)
PMC10698176	38052810	exposed	2023	Scientific data
PMC10646175	38016063	exposed	2023	Frontiers in oncology
PMC10684096	38015968	exposed	2023	PloS one
PMC10667980	37943585	exposed	2023	JMIR medical informatics
PMC10666016	37938873	exposed	2023	JMIR mHealth and uHealth
PMC10827896	37921985	exposed	2023	Internal and emergency medicine
PMC10621150	37919767	exposed	2023	Journal of biomedical semantics
PMC10594907	37872545	exposed	2023	BMC medicine
PMC10582594	37859842	exposed	2023	Royal Society open science
PMC10603397	37852772	exposed	2023	BMJ open
PMC10540868	37780450	exposed	2023	Frontiers in public health
PMC10920416	37768550	exposed	2023	Journal of nephrology
PMC10530815	37761695	exposed	2023	Healthcare (Basel, Switzerland)
PMC10627252	37758508	exposed	2023	Genetics
PMC10515804	37745378	exposed	2023	bioRxiv : the preprint server for biology
PMC10495848	37639292	exposed	2023	Journal of medical Internet research
PMC10441317	37609176	exposed	2023	bioRxiv : the preprint server for biology
PMC10791815	37572188	exposed	2023	European radiology
PMC10422642	37571747	exposed	2023	Sensors (Basel, Switzerland)
PMC10409750	37553403	exposed	2023	Scientific data
PMC10406284	37549146	exposed	2023	PloS one
PMC10397406	37546309	exposed	2023	Frontiers in public health
PMC10387660	37518076	exposed	2023	BMJ open
PMC10374086	37498959	exposed	2023	PLoS computational biology
PMC10335465	37493649	exposed	2023	BMJ open ophthalmology
PMC10370255	37490293	exposed	2023	JAMA network open
PMC10361956	37479711	exposed	2023	Scientific data
PMC10351323	37451738	exposed	2023	BMJ open
PMC10343031	37440550	exposed	2023	PloS one
PMC10335829	37432073	exposed	2023	eLife
PMC10327330	37415216	exposed	2023	BMC health services research
PMC10359915	37410526	exposed	2023	Journal of medical Internet research
PMC10319440	37401199	exposed	2023	eLife
PMC10298118	37372831	exposed	2023	Healthcare (Basel, Switzerland)
PMC10286106	37360227	exposed	2023	Progress in biomedical engineering (Bristol, England)
PMC10254958	37257937	exposed	2023	BMJ global health
PMC10213441	37250643	exposed	2023	Frontiers in medicine
PMC10202448	37211820	exposed	2023	eLife
PMC11256707	39035726	exposed	2023	Journal of the National Cancer Center
PMC13195928	42179735	exposed	2023	Forum, qualitative social research
PMC11526389	39483790	exposed	2023	South African journal of science
PMC10028759	37101973	exposed	2023	Scientometrics
PMC10308954	37062144	exposed	2023	Social science & medicine (1982)
PMC10077984	37033365	exposed	2023	International journal of integrated care
PMC11795895	40474913	exposed	2023	Cochrane evidence synthesis and methods
PMC11795976	40474910	exposed	2023	Cochrane evidence synthesis and methods
PMC9991525	36895813	exposed	2022	Journal of neurological surgery. Part B, Skull base
PMC9988817	36877375	exposed	2023	Environmental monitoring and assessment
PMC9931025	36818665	exposed	2023	Frontiers in sociology
PMC9936100	36816808	exposed	2022	F1000Research
PMC9836581	36761559	exposed	2022	Biodiversity data journal
PMC9912223	40479478	exposed	2023	Journal of the knowledge economy
PMC10208416	36723280	exposed	2023	Advances in kidney disease and health
PMC9880238	36714536	exposed	2023	One health (Amsterdam, Netherlands)
PMC10944998	38505730	exposed	2023	Annals of clinical epidemiology
PMC9755351	36531754	exposed	2022	Frontiers in research metrics and analytics
PMC9755337	36530888	exposed	2022	Frontiers in medicine
PMC10108147	36482006	exposed	2022	European journal of oral sciences
PMC9980884	36479854	exposed	2022	Human brain mapping
PMC9673608	36447459	exposed	2022	International journal of integrated care
PMC9676438	36419537	exposed	2022	Frontiers in research metrics and analytics
PMC9661461	36406005	exposed	2022	Scientometrics
PMC9655417	36362596	exposed	2022	Journal of clinical medicine
PMC9636814	36335379	exposed	2022	BMC research notes
PMC9712232	36332724	exposed	2022	Advanced drug delivery reviews
PMC9562516	36245581	exposed	2022	Journal of thoracic disease
PMC10427240	36183712	exposed	2022	The Lancet. Neurology
PMC9498642	36158770	exposed	2022	Journal of clinical and experimental dentistry
PMC9510360	36154932	exposed	2022	BMC medicine
PMC9476421	36109660	exposed	2022	Scientific reports
PMC9453433	36092304	exposed	2022	Brain communications
PMC9454861	36091999	exposed	2022	PeerJ. Computer science
PMC9410569	36035065	exposed	2022	Harvard data science review
PMC9406794	36032954	exposed	2022	PeerJ
PMC9401135	36001577	exposed	2022	PloS one
PMC10989864	38867901	exposed	2022	iMeta
PMC9362579	35968410	exposed	2022	Multimedia tools and applications
PMC9487899	35925813	exposed	2022	Glycobiology
PMC9788914	35915977	exposed	2022	Methods of information in medicine
PMC9334748	35910706	exposed	2022	Frontiers in research metrics and analytics
PMC9322920	35891216	exposed	2022	Vaccines
PMC9280381	35846467	exposed	2022	Heliyon
PMC9250824	35841694	exposed	2022	Pathology, research and practice
PMC9263802	35803947	exposed	2022	Scientific data
PMC9233846	35752778	exposed	2022	BMC medical ethics
PMC9197680	35701374	exposed	2022	GigaScience
PMC9178323	35678905	exposed	2022	Journal of gambling studies
PMC9174438	35675004	exposed	2022	Journal of community health
PMC9163999	35653153	exposed	2022	JAMA network open
PMC9581781	35636439	exposed	2022	The Lancet. Public health
PMC9046901	35529275	exposed	2022	F1000Research
PMC9107051	35486428	exposed	2022	Journal of medical Internet research
PMC8985540	35403104	exposed	2022	Neurotrauma reports
PMC9015755	35357311	exposed	2022	JMIR cardio
PMC8844538	35224211	exposed	2021	Wellcome open research
PMC8868577	35205182	exposed	2022	Biology
PMC8847110	35182738	exposed	2022	Contemporary clinical trials
PMC8838895	35161833	exposed	2022	Sensors (Basel, Switzerland)
PMC8826998	35156003	exposed	2022	JAMIA open
PMC9313781	35143109	exposed	2022	Human mutation
PMC8867296	35138264	exposed	2022	Journal of medical Internet research
PMC8867291	35138263	exposed	2022	JMIR human factors
PMC10888521	38404360	exposed	2022	International journal of qualitative methods
PMC10686313	38031562	exposed	2022	Harvard data science review
PMC8708527	34960494	exposed	2021	Sensors (Basel, Switzerland)
PMC8634009	34901464	exposed	2021	BMJ open ophthalmology
PMC8637874	34870259	exposed	2021	Cell genomics
PMC8608219	34858105	exposed	2021	Journal of the Medical Library Association : JMLA
PMC9472090	34853864	exposed	2021	Acta dermato-venereologica
PMC8614875	34827138	exposed	2021	Biology
PMC8663663	34813494	exposed	2021	JMIR research protocols
PMC8589773	34785977	exposed	2021	Biodiversity data journal
PMC8571609	34765110	exposed	2021	Ecology and evolution
PMC8580829	34753787	exposed	2021	CMAJ open
PMC8576927	34749736	exposed	2021	Journal of translational medicine
PMC8550900	34718121	exposed	2021	Journal of clinical epidemiology
PMC8550750	34658334	exposed	2021	eLife
PMC8507931	34639796	exposed	2021	International journal of environmental research and public health
PMC8485098	34631024	exposed	2021	F1000Research
PMC8464108	34560871	exposed	2021	BMC public health
PMC8441584	34553169	exposed	2021	Patterns (New York, N.Y.)
PMC8416196	34479394	exposed	2021	Yearbook of medical informatics
PMC8386072	34429113	exposed	2021	BMC medicine
PMC8595516	34407656	exposed	2021	Clinical trials (London, England)
PMC8355576	34380468	exposed	2021	BMC veterinary research
PMC8311796	34367614	exposed	2021	F1000Research
PMC8334336	34348757	exposed	2021	Reproductive health
PMC9620940	36417228	exposed	2021	Epidemiologia (Basel, Switzerland)
PMC8300531	34322323	exposed	2021	PeerJ
PMC8381906	34315906	exposed	2021	Scientific data
PMC8270348	34285666	exposed	2021	Journal of the Medical Library Association : JMLA
PMC8248360	34220930	exposed	2021	Frontiers in genetics
PMC8641133	34213379	exposed	2021	Psychological science
PMC8201284	34204147	exposed	2021	International journal of environmental research and public health
PMC8376796	34185318	exposed	2021	Clinical pharmacology and therapeutics
PMC8218699	34156445	exposed	2021	Database : the journal of biological databases and curation
PMC8024784	34083844	exposed	2021	Research policy
PMC8160156	34039578	exposed	2021	BMJ open
PMC8118451	33983972	exposed	2021	PloS one
PMC8049134	33954235	exposed	2021	PeerJ. Computer science
PMC8063550	33953907	exposed	2021	F1000Research
PMC8094598	33941282	exposed	2021	Systematic reviews
PMC8072296	33935332	exposed	2021	Scientometrics
PMC8553804	33914579	exposed	2021	Psychology and aging
PMC8416197	33882597	exposed	2021	Yearbook of medical informatics
PMC8055029	33872343	exposed	2021	PloS one
PMC8096697	33871421	exposed	2021	Current opinion in pediatrics
PMC8025980	33870051	exposed	2021	Frontiers in research metrics and analytics
PMC7968525	33796274	exposed	2020	F1000Research
PMC8059663	33775145	exposed	2021	Philosophical transactions. Series A, Mathematical, physical, and engineering sciences
PMC7986760	33741659	exposed	2021	BMJ open
PMC7959217	33722870	exposed	2021	BMJ open
PMC7938590	33685519	exposed	2021	Journal of cheminformatics
PMC7882418	33612885	exposed	2021	Scientometrics
PMC7891481	33602275	exposed	2021	Trials
PMC7925154	33591280	exposed	2021	Journal of medical Internet research
PMC7886612	33528373	exposed	2021	JMIR research protocols
PMC7844597	33507256	exposed	2021	JAMA network open
PMC7802036	33487797	exposed	2020	Indian journal of psychological medicine
PMC7928985	33479720	exposed	2021	European journal of public health
PMC11290708	33387683	exposed	2020	Journal of biomedical informatics
PMC7590713	33372621	exposed	2020	Journal of cheminformatics
PMC7695817	33294212	exposed	2020	Journal of virus eradication
PMC7834682	33279656	exposed	2020	Contemporary clinical trials
PMC7695599	33262602	exposed	2020	Journal of multidisciplinary healthcare
PMC7670625	33198814	exposed	2020	Journal of biomedical semantics
PMC7609884	33192414	exposed	2020	Frontiers in human neuroscience
PMC7779000	33170273	exposed	2021	Nucleic acids research
PMC7567524	33100377	exposed	2020	Journal of experimental social psychology
PMC7529022	33062825	exposed	2020	Asia-Pacific journal of oncology nursing
PMC7659921	33002137	exposed	2020	Database : the journal of biological databases and curation
PMC7528358	32998929	exposed	2020	BMJ open
PMC7505642	32968588	exposed	2020	Cureus
PMC7493807	32958993	exposed	2020	Environmental modelling & software : with environment data news
PMC7482704	32953895	exposed	2020	Journal of education and health promotion
PMC7492273	32934239	exposed	2020	Nature communications
PMC8969556	35382104	exposed	2022	Data and information management
PMC7455719	32859925	exposed	2020	Communications biology
PMC8647586	35047690	exposed	2020	BMJ open science
PMC7362145	32836910	exposed	2020	Learned publishing : journal of the Association of Learned and Professional Society Publishers
PMC7423296	32818138	exposed	2020	Open forum infectious diseases
PMC7375960	32789107	exposed	2020	Integrative medicine research
PMC7398498	32745131	exposed	2020	PloS one
PMC8024117	32683811	exposed	2020	Clinical and experimental pediatrics
PMC7353743	32652989	exposed	2020	BMC medical informatics and decision making
PMC7315647	32586791	exposed	2020	BMJ (Clinical research ed.)
PMC7459436	32579537	exposed	2020	JMIR research protocols
PMC7280901	32550247	exposed	2020	ArXiv
PMC7263079	32479592	exposed	2020	GigaScience
PMC7236905	32454535	exposed	2020	Journal of mammalogy
PMC7218569	32398016	exposed	2020	BMC medical research methodology
PMC7214585	32394098	exposed	2020	Insights into imaging
PMC7223158	32371516	exposed	2020	BMJ open
PMC7380987	32348265	exposed	2020	Journal of medical Internet research
PMC7176083	32320428	exposed	2020	PloS one
PMC7137948	32269804	exposed	2020	Royal Society open science
PMC7159239	32243442	exposed	2020	PLoS biology
PMC7081332	32193390	exposed	2020	Scientific data
PMC7370374	32065076	exposed	2020	Journal of cerebral blood flow and metabolism : official journal of the International Society of Cerebral Blood Flow and Metabolism
PMC7045222	32060160	exposed	2020	BMJ open
PMC7000850	32043031	exposed	2019	Kidney international reports
PMC6992951	32016138	exposed	2020	Data in brief
PMC8447052	34621520	exposed	2020	F1000Research
PMC7047076	31910049	exposed	2020	Human gene therapy
PMC6927095	31868882	exposed	2019	Database : the journal of biological databases and curation
PMC6919593	31851689	exposed	2019	PloS one
PMC6907832	31830124	exposed	2019	PloS one
PMC6890205	31819686	exposed	2019	Risk management and healthcare policy
PMC6891855	31807684	exposed	2019	ACS central science
PMC6952579	31726102	exposed	2019	Journal of biomedical informatics
PMC8717474	31719155	exposed	2019	Journal of medical ethics
PMC6814804	31653867	exposed	2019	Scientific data
PMC6805386	31640716	exposed	2019	BMC international health and human rights
PMC7071068	31608767	exposed	2019	Journal of neurotrauma
PMC6774380	31579260	exposed	2019	Data science journal
PMC12139011	31550214	exposed	2019	Current HIV research
PMC6728982	31488200	exposed	2019	Trials
PMC6707678	31439612	exposed	2019	BMJ open
PMC6659272	31372244	exposed	2019	Research integrity and peer review
PMC6899666	31350781	exposed	2019	The Plant journal : for cell and molecular biology
PMC6630040	31341676	exposed	2019	Journal of advanced research
PMC6679087	31340512	exposed	2019	International journal of environmental research and public health
PMC6697140	31277895	exposed	2019	Nursing outlook
PMC6895407	31204388	exposed	2019	Genetics in medicine : official journal of the American College of Medical Genetics
PMC6618324	31050106	exposed	2019	Human brain mapping
PMC6486585	31028285	exposed	2019	Scientific data
PMC7698976	30794049	exposed	2019	Journal of neurotrauma
PMC6433191	30776876	exposed	2019	Neurointervention
PMC6377209	30775689	exposed	2018	Advances in methods and practices in psychological science
PMC6327746	30647545	exposed	2019	Clinics in colon and rectal surgery
PMC6306043	30619845	exposed	2018	Frontiers in bioengineering and biotechnology
PMC7325526	30595456	exposed	2018	Structure (London, England : 1993)
PMC6563933	30519951	exposed	2019	Methods in molecular biology (Clifton, N.J.)
PMC6224483	30450039	exposed	2018	Frontiers in neuroanatomy
PMC7105018	30446431	exposed	2018	Epidemics
PMC6169258	30280721	exposed	2018	Scientific data
PMC6167505	30270581	exposed	2018	Infection & chemotherapy
PMC6153011	30254541	exposed	2018	Journal of undergraduate neuroscience education : JUNE : a publication of FUN, Faculty for Undergraduate Neuroscience
PMC6146512	30231853	exposed	2018	BMC plant biology
PMC6115236	30157511	exposed	2018	Yearbook of medical informatics
PMC6091908	30104310	exposed	2018	BMJ open
PMC6103636	30087092	exposed	2018	JMIR medical informatics
PMC6070251	30067828	exposed	2018	PloS one
PMC6053414	30026557	exposed	2018	Nature communications
PMC5931451	29719004	exposed	2018	PloS one
PMC5909058	29706879	exposed	2018	Frontiers in neuroinformatics
PMC6025676	29700789	exposed	2018	Journal of general internal medicine
PMC5819722	29688354	exposed	2018	Database : the journal of biological databases and curation
PMC6365604	29651896	exposed	2018	Journal of cerebral blood flow and metabolism : official journal of the International Society of Cerebral Blood Flow and Metabolism
PMC5870239	29580255	exposed	2018	Nutrition journal
PMC5827695	29485621	exposed	2018	Scientific data
PMC5967383	29481108	exposed	2018	The American psychologist
PMC5808091	29479297	exposed	2017	Metabolomics : Official journal of the Metabolomic Society
PMC5855401	29476029	exposed	2018	BMJ open
PMC5806612	29472799	exposed	2018	Biochemia medica
PMC5927619	29378288	exposed	2018	The Journal of allergy and clinical immunology
PMC5763300	29322912	exposed	2017	BMC bioinformatics
PMC7822079	33583994	exposed	2018	Science & public policy
PMC6042808	29236679	exposed	2017	Journal of integrative bioinformatics
PMC5665416	29098119	exposed	2017	BioResearch open access
PMC5860170	29077811	exposed	2017	Bioinformatics (Oxford, England)
PMC6239227	29063535	exposed	2017	Yearbook of medical informatics
PMC6080807	29036325	exposed	2018	Journal of the American Medical Informatics Association : JAMIA
PMC5627501	29018840	exposed	2017	Wellcome open research
PMC5580431	28928951	exposed	2017	F1000Research
PMC5604503	28923006	exposed	2017	BMC medical research methodology
PMC5600407	28873394	exposed	2017	PLoS neglected tropical diseases
PMC5584398	28872630	exposed	2017	Scientific data
PMC6386137	28542156	exposed	2017	Nature neuroscience
PMC6239225	28480475	exposed	2017	Yearbook of medical informatics
PMC5394671	28404779	exposed	2017	Proceedings. Biological sciences
PMC5665376	28402243	exposed	2017	The New England journal of medicine
PMC5320705	28348833	exposed	2016	Microbial genomics
PMC5253595	28104710	exposed	2017	BMJ open
PMC5215197	28070282	exposed	2016	Ecology and evolution
PMC5178806	27884850	exposed	2016	BMJ open
PMC5168538	27881524	exposed	2016	BMJ open
PMC5171544	27830254	exposed	2016	Yearbook of medical informatics
PMC5318285	27793332	exposed	2016	Biological psychiatry
PMC5073489	27737882	exposed	2016	BMJ open
PMC5020078	27679558	exposed	2016	Frontiers in neuroscience
PMC11587482	27653216	exposed	2016	Revista espanola de salud publica
PMC5258684	27576241	exposed	2016	IEEE transactions on bio-medical engineering
PMC4920154	27483498	exposed	2016	Disease models & mechanisms
PMC4959364	27454467	exposed	2016	Biomedical engineering online
PMC4996262	27357636	exposed	2016	Cardiovascular research
PMC5793987	29451541	exposed	2016	Research integrity and peer review
PMC4885602	27242038	exposed	2016	Database : the journal of biological databases and curation
PMC4857040	27199606	exposed	2016	ZooKeys
PMC4870738	27195107	exposed	2016	GigaScience
PMC4865119	27171007	exposed	2016	PLoS biology
PMC4818387	27042293	exposed	2016	GigaScience
PMC4757565	26886581	exposed	2016	PloS one
PMC4730425	26703645	exposed	2015	International journal of environmental research and public health
PMC4541993	26306174	exposed	2015	Ecology and evolution
PMC4832335	26220709	exposed	2015	Human mutation
PMC4659407	26194320	exposed	2015	Alzheimer's & dementia : the journal of the Alzheimer's Association
PMC4682547	26173844	exposed	2015	Human mutation
PMC5083037	26146755	exposed	2015	Harvard review of psychiatry
PMC4967812	26132578	exposed	2015	Health technology assessment (Winchester, England)
PMC4488593	26132205	exposed	2015	PloS one
PMC4400380	25901117	exposed	2015	ZooKeys
PMC4372226	25888747	exposed	2015	BMC medical informatics and decision making
PMC4292582	25628562	exposed	2015	Frontiers in neuroinformatics
PMC5667361	25621442	exposed	2015	Journal of public health management and practice : JPHMP
PMC4288766	25584364	exposed	2014	Information security and computer fraud
PMC4288414	25580239	exposed	2014	F1000Research
PMC4198261	25328585	exposed	2014	The Pan African medical journal
PMC4148308	25165807	exposed	2014	PloS one
PMC4182942	25162809	exposed	2014	Nature genetics
PMC4047268	24910716	exposed	2014	Journal of cheminformatics
PMC4371424	25848584	exposed	2014	EGEMS (Washington, DC)
PMC3965010	24243840	exposed	2013	Nucleic acids research
PMC3964939	24203703	exposed	2013	Nucleic acids research
PMC3994893	24085772	exposed	2013	Clinical trials (London, England)
PMC3808334	24043847	exposed	2013	Journal of experimental botany
PMC3751723	23962139	exposed	2013	BMC research notes
PMC5019567	27631029	exposed	2013	Data integration in the life sciences : ... International Workshop, DILS ... : proceedings. DILS (Conference)
PMC3621846	23497538	exposed	2013	Journal of biomedical semantics
PMC3598649	23311978	exposed	2013	BMC biotechnology
PMC3524959	23284199	exposed	2012	Bulletin of the World Health Organization
PMC3502744	23169870	exposed	2012	BMJ (Clinical research ed.)
PMC3807237	23160115	exposed	2012	NeuroImage
PMC3440403	22984414	exposed	2012	PloS one
PMC3439255	22554313	exposed	2012	AIDS research and therapy
PMC3332236	22536169	exposed	2012	Frontiers in neuroscience
PMC3245075	22121220	exposed	2011	Nucleic acids research
PMC3205044	21999425	exposed	2011	Journal of cheminformatics
PMC4727252	21805213	exposed	2011	Science and engineering ethics
PMC3127851	21612587	exposed	2011	Parasites & vectors
PMC3082698	21246352	exposed	2011	European journal of clinical pharmacology
PMC2940773	20813027	exposed	2010	BMC research notes
PMC2882303	20543892	exposed	2010	International journal of information management
PMC2990274	20349403	exposed	2010	Journal of biomedical discovery and collaboration
PMC2824801	20174560	exposed	2010	PloS one
PMC2655927	18998887	exposed	2008	AMIA ... Annual Symposium proceedings. AMIA Symposium
PMC13575366	42738799	comparison	2026	Facts, views & vision in ObGyn
PMC13561197	42721356	comparison	2026	JMIR AI
PMC13492536	42712294	comparison	2025	BMJ digital health & AI
PMC13560966	42711075	comparison	2026	BMJ open
PMC13559899	42703825	comparison	2026	The Eurasian journal of medicine
PMC13543670	42695586	comparison	2026	Health expectations : an international journal of public participation in health care and health policy
PMC13548304	42684946	comparison	2026	EFORT open reviews
PMC13515853	42646516	comparison	2026	Methods and protocols
PMC13505603	42640816	comparison	2026	Journal of medical Internet research
PMC13504512	42608037	comparison	2026	BMJ open
PMC13473371	42602171	comparison	2026	Frontiers in psychiatry
PMC13463658	42584033	comparison	2026	Journal of nursing scholarship : an official publication of Sigma Theta Tau International Honor Society of Nursing
PMC13475130	42580836	comparison	2026	BMJ open
PMC13453693	42577074	comparison	2026	Frontiers in medicine
PMC13450800	42566424	comparison	2026	PloS one
PMC13393003	42558141	comparison	2025	Journal of medical extended reality
PMC13432213	42549395	comparison	2026	Journal of conservative dentistry and endodontics
PMC13429954	42548955	comparison	2025	Iranian journal of public health
PMC13434145	42548102	comparison	2026	Journal of oral & facial pain and headache
PMC13397204	42500374	comparison	2026	Journal of International Society of Preventive & Community Dentistry
PMC13435968	42489561	comparison	2026	Journal of comparative effectiveness research
PMC13410919	42486520	comparison	2026	BMJ open
PMC13390182	42484063	comparison	2026	Cancer medicine
PMC13381384	42472399	comparison	2026	International ophthalmology
PMC13384120	42463202	comparison	2026	BMJ open
PMC13374797	42462070	comparison	2026	Journal of medical Internet research
PMC13349041	42428290	comparison	2026	Contemporary clinical dentistry
PMC13352184	42424043	comparison	2026	JAMA otolaryngology-- head & neck surgery
PMC13342267	42422718	comparison	2026	Frontiers in artificial intelligence
PMC13448852	42417183	comparison	2026	Diabetes, obesity & metabolism
PMC13321282	42396500	comparison	2026	Research square
PMC13320103	42381161	comparison	2026	Journal of evidence-based medicine
PMC13318083	42378528	comparison	2026	JMIR research protocols
PMC13308290	42369465	comparison	2026	medRxiv : the preprint server for health sciences
PMC13295002	42369078	comparison	2026	Journal of pain research
PMC13300626	42355575	comparison	2026	Journal of clinical medicine
PMC13305018	42347222	comparison	2026	Pathogens (Basel, Switzerland)
PMC13305783	42333464	comparison	2026	Integrative cancer therapies
PMC13562723	42331977	comparison	2026	Scientific reports
PMC13288692	42331572	comparison	2026	BMJ open
PMC13289467	42323554	comparison	2026	BMC medical education
PMC13320039	42303245	comparison	2026	Journal of medical Internet research
PMC13264046	42294492	comparison	2026	Journal of health economics and outcomes research
PMC13249594	42265867	comparison	2026	JMIR research protocols
PMC13250214	42259559	comparison	2026	BMJ open
PMC13239084	42253440	comparison	2026	Alzheimer's & dementia (New York, N. Y.)
PMC13459384	42249274	comparison	2026	BMC medical research methodology
PMC13466081	42237207	comparison	2026	Pilot and feasibility studies
PMC13530203	42230743	comparison	2026	NPJ digital medicine
PMC13238974	42227235	comparison	2026	EFORT open reviews
PMC13223955	42215266	comparison	2026	BMJ open
PMC13223620	42209008	comparison	2026	BMJ open
PMC13334070	42169623	comparison	2026	Journal of Alzheimer's disease : JAD
PMC13435547	42167807	comparison	2026	Journal of nuclear medicine : official publication, Society of Nuclear Medicine
PMC13186371	42154750	comparison	2026	PloS one
PMC13343898	42129919	comparison	2026	Systematic reviews
PMC13162469	42115982	comparison	2026	BMC psychiatry
PMC13150647	42090153	comparison	2026	JAMA network open
PMC13140953	42082231	comparison	2026	BMJ open
PMC13115383	42042254	comparison	2026	Epidemiologia (Basel, Switzerland)
PMC13106570	42039947	comparison	2026	Frontiers in oral health
PMC13108464	42038457	comparison	2026	PeerJ
PMC13273103	42032086	comparison	2026	Scientific reports
PMC13101815	42027997	comparison	2026	ClinicoEconomics and outcomes research : CEOR
PMC13110623	42020123	comparison	2026	BMJ open
PMC13126206	41992897	comparison	2025	Research synthesis methods
PMC13062176	41969403	comparison	2026	Frontiers in oral health
PMC13070186	41952659	comparison	2026	Women's health (London, England)
PMC13064162	41951257	comparison	2026	BMJ open
PMC13050992	41948169	comparison	2026	Journal of pain research
PMC13050372	41943713	comparison	2026	Journal of the Intensive Care Society
PMC13038933	41930231	comparison	2026	Frontiers in pain research (Lausanne, Switzerland)
PMC13033870	41919071	comparison	2026	Therapeutic advances in neurological disorders
PMC13019415	41909351	comparison	2026	Cureus
PMC13040593	41891303	comparison	2026	Turkish archives of otorhinolaryngology
PMC13140816	41877399	comparison	2026	Journal of nursing management
PMC13002279	41867290	comparison	2025	The Indian journal of radiology & imaging
PMC12989547	41847286	comparison	2026	Frontiers in digital health
PMC12992711	41838317	comparison	2026	Insights into imaging
PMC12974181	41816266	comparison	2025	Integrative medicine research
PMC13085572	41808115	comparison	2026	BMC nursing
PMC12962441	41798051	comparison	2026	International journal of critical illness and injury science
PMC12996902	41775344	comparison	2026	Journal of medical Internet research
PMC13059290	41765962	comparison	2026	BMC medical research methodology
PMC12958907	41748192	comparison	2026	BMJ open
PMC13185749	41742701	comparison	2026	The British journal of dermatology
PMC12926772	41737728	comparison	2026	Frontiers in psychiatry
PMC13031428	41721957	comparison	2026	Journal of patient-reported outcomes
PMC12919805	41712537	comparison	2026	PloS one
PMC12911704	41692522	comparison	2026	BMJ open
PMC13231429	41684226	comparison	2026	Crisis
PMC12834845	41608542	comparison	2025	Integrative medicine research
PMC12842343	41598689	comparison	2026	Journal of clinical medicine
PMC12841215	41595376	comparison	2026	Healthcare (Basel, Switzerland)
PMC12918080	41593513	comparison	2026	BMC medical research methodology
PMC12829556	41583239	comparison	2025	Cureus
PMC12835271	41580466	comparison	2026	Scientific reports
PMC12819312	41574365	comparison	2026	Frontiers in medicine
PMC12829155	41572405	comparison	2026	Research integrity and peer review
PMC12798663	41521813	comparison	2026	Global health action
PMC12790553	41518388	comparison	2026	Breast cancer research and treatment
PMC12757973	41487621	comparison	2025	Frontiers in public health
PMC12766822	41469071	comparison	2025	BMJ open
PMC12742080	41448704	comparison	2025	BMJ open
PMC12742086	41448682	comparison	2025	BMJ open
PMC12706194	41397751	comparison	2025	BMJ open
PMC12705126	41397291	comparison	2025	JMIR research protocols
PMC12817669	41389308	comparison	2025	Health economics review
PMC12694856	41383886	comparison	2025	Noro psikiyatri arsivi
PMC12688669	41377866	comparison	2025	Arthroplasty today
PMC12687274	41377645	comparison	2025	Heart international
PMC12817627	41372938	comparison	2025	Systematic reviews
PMC12699741	41360465	comparison	2025	BMJ open
PMC12683983	41358599	comparison	2025	Psychophysiology
PMC12678152	41342882	comparison	2025	Cartilage
PMC12676842	41340094	comparison	2025	BMC gastroenterology
PMC12668350	41334266	comparison	2025	Journal of education and health promotion
PMC12670264	41324928	comparison	2026	JAMA neurology
PMC12627258	41268028	comparison	2025	Cureus
PMC12636158	41267076	comparison	2025	BMC health services research
PMC13140039	41257434	comparison	2025	Medical and veterinary entomology
PMC12621389	41250169	comparison	2025	Thrombosis journal
PMC12625355	41250118	comparison	2025	Diabetology & metabolic syndrome
PMC12587907	41248401	comparison	2025	BMJ open
PMC13569033	41241763	comparison	2025	Asia-Pacific journal of clinical oncology
PMC12992384	41222605	comparison	2025	International journal of clinical pharmacy
PMC12607203	41219940	comparison	2025	Systematic reviews
PMC12606986	41219724	comparison	2025	BMC public health
PMC12593717	41209539	comparison	2025	Drug and alcohol dependence reports
PMC12591707	41198166	comparison	2025	International wound journal
PMC13474300	41198136	comparison	2025	Child and adolescent mental health
PMC12587975	41193203	comparison	2025	BMJ open
PMC12584438	41188841	comparison	2025	BMC medicine
PMC12585024	41187145	comparison	2025	PloS one
PMC12576269	41180903	comparison	2025	Multiple sclerosis journal - experimental, translational and clinical
PMC12579180	41180133	comparison	2025	Global advances in integrative medicine and health
PMC12573514	41179407	comparison	2025	JSES reviews, reports, and techniques
PMC12641409	41178084	comparison	2025	BJPsych open
PMC12574339	41161847	comparison	2025	BMJ open
PMC12887902	41148592	comparison	2025	Asian Pacific journal of cancer prevention : APJCP
PMC12542571	41120162	comparison	2025	BMJ open
PMC12529940	41112531	comparison	2025	Frontiers in psychology
PMC12532450	41102792	comparison	2025	BMC psychology
PMC12524589	41096659	comparison	2025	International journal of molecular sciences
PMC12496120	41033768	comparison	2025	BMJ open
PMC12477799	41020725	comparison	2025	Veterinary medicine and science
PMC12481397	41005780	comparison	2025	BMJ open
PMC12508663	40991937	comparison	2025	JMIR research protocols
PMC12443213	40962336	comparison	2025	BMJ open
PMC12432328	40949670	comparison	2025	Digital health
PMC12406061	40892410	comparison	2025	JAMA network open
PMC12374645	40840990	comparison	2025	BMJ open
PMC12361984	40837149	comparison	2025	Integrative medicine research
PMC13069254	40817700	comparison	2025	Journal of advanced nursing
PMC12352249	40812821	comparison	2025	BMJ open
PMC12330066	40787284	comparison	2025	Medical hypothesis, discovery & innovation ophthalmology journal
PMC12327111	40777957	comparison	2024	African health sciences
PMC12325190	40771482	comparison	2025	Frontiers in medicine
PMC12257205	40767195	comparison	2025	International journal of health policy and management
PMC12879530	40757395	comparison	2025	The British journal of educational psychology
PMC12314993	40750279	comparison	2025	BMJ open
PMC12093527	40703471	comparison	2024	Ewha medical journal
PMC12093655	40703467	comparison	2024	Ewha medical journal
PMC12284522	40703323	comparison	2025	Infectious medicine
PMC12285080	40702421	comparison	2025	BMC psychiatry
PMC12329385	40699895	comparison	2025	JMIR research protocols
PMC12574626	40693566	comparison	2025	Otolaryngology--head and neck surgery : official journal of American Academy of Otolaryngology-Head and Neck Surgery
PMC12278520	40691588	comparison	2025	BMC nursing
PMC12270493	40678444	comparison	2025	Neurology. Genetics
PMC12269819	40673428	comparison	2025	Critical care explorations
PMC12273130	40669893	comparison	2025	BMJ open
PMC12258550	40658700	comparison	2025	PloS one
PMC12248258	40614106	comparison	2025	Journal of medical Internet research
PMC12224346	40611071	comparison	2025	BMC nursing
PMC12226885	40611029	comparison	2025	BMC medical ethics
PMC12225210	40604554	comparison	2025	BMC pregnancy and childbirth
PMC12277685	40574698	comparison	2025	Journal of the American Medical Informatics Association : JAMIA
PMC12188939	40567875	comparison	2025	Frontiers in psychology
PMC12198332	40563020	comparison	2025	World journal of urology
PMC12156381	40507569	comparison	2025	Journal of clinical medicine
PMC12155047	40502556	comparison	2025	medRxiv : the preprint server for health sciences
PMC12150524	40495249	comparison	2025	Systematic reviews
PMC12584586	40479924	comparison	2025	Comprehensive psychiatry
PMC11795946	40476263	comparison	2024	Cochrane evidence synthesis and methods
PMC12142907	40474212	comparison	2025	Trials
PMC12647394	40464624	comparison	2025	Journal of health services research & policy
PMC12122445	40453809	comparison	2025	Frontiers in digital health
PMC12126467	40448504	comparison	2025	Global spine journal
PMC12142115	40447428	comparison	2025	BMJ open
PMC12098283	40416695	comparison	2025	Frontiers in public health
PMC12092402	40400542	comparison	2025	Frontiers in digital health
PMC12115411	40400381	comparison	2025	Acta otorhinolaryngologica Italica : organo ufficiale della Societa italiana di otorinolaringologia e chirurgia cervico-facciale
PMC12099142	40397102	comparison	2025	Technology in cancer research & treatment
PMC12081951	40386086	comparison	2025	International journal of women's health
PMC12072329	40364129	comparison	2025	Journal of clinical medicine
PMC12064819	40346307	comparison	2025	NPJ digital medicine
PMC13387249	42558150	comparison	2025	Journal of medical extended reality
PMC12044893	40312399	comparison	2025	Journal of eating disorders
PMC12041037	40309212	comparison	2025	Frontiers in psychology
PMC11988684	40218046	comparison	2025	Healthcare (Basel, Switzerland)
PMC12396984	40192792	comparison	2025	European journal of nuclear medicine and molecular imaging
PMC11967365	40178827	comparison	2025	Journal of foot and ankle research
PMC11959003	40170892	comparison	2025	Frontiers in neurology
PMC12623685	40135946	comparison	2025	Journal of advanced nursing
PMC11927138	40119364	comparison	2025	Systematic reviews
PMC11934167	40116702	comparison	2025	Annals of medicine
PMC11921376	40115067	comparison	2025	Annals of translational medicine
PMC11917110	40098046	comparison	2025	Scandinavian journal of trauma, resuscitation and emergency medicine
PMC11899540	40077051	comparison	2025	Healthcare (Basel, Switzerland)
PMC11877225	40041614	comparison	2025	BMJ neurology open
PMC11871027	40021657	comparison	2025	Scientific data
PMC11812852	40018258	comparison	2024	BMJ public health
PMC11867980	40016152	comparison	2025	Journal of evidence-based medicine
PMC11854560	40002563	comparison	2025	Diagnostics (Basel, Switzerland)
PMC11870378	39992936	comparison	2025	PLoS medicine
PMC11846013	39982728	comparison	2025	JAMA network open
PMC11842059	39980657	comparison	2025	Human reproduction open
PMC11841242	39979841	comparison	2025	BMC public health
PMC11835034	39975500	comparison	2025	Journal of the Medical Library Association : JMLA
PMC11951403	39968795	comparison	2025	Headache
PMC11888075	39951716	comparison	2025	Journal of medical Internet research
PMC11818428	39942222	comparison	2025	Materials (Basel, Switzerland)
PMC11808655	39931191	comparison	2024	NIHR open research
PMC11805245	39927039	comparison	2024	Journal of pharmacy & bioallied sciences
PMC11800428	39915715	comparison	2025	BMC medical research methodology
PMC11833346	39889542	comparison	2025	NeuroImage. Clinical
PMC11776221	39875982	comparison	2025	BMC health services research
PMC11759256	39867389	comparison	2025	medRxiv : the preprint server for health sciences
PMC12535336	39865467	comparison	2025	Journal of advanced nursing
PMC11757661	39847174	comparison	2025	International journal of implant dentistry
PMC11718527	39801663	comparison	2024	World journal of radiology
PMC11724409	39801611	comparison	2025	Therapeutic advances in medical oncology
PMC12491099	39786671	comparison	2025	Forensic science, medicine, and pathology
PMC11686863	39736607	comparison	2024	International journal for equity in health
PMC11672156	39724369	comparison	2024	JAMA network open
PMC12159394	39722540	comparison	2024	Journal of advanced nursing
PMC11667078	39720831	comparison	2024	Veterinary and animal science
PMC11699494	39705075	comparison	2024	Journal of medical Internet research
PMC11639865	39677965	comparison	2024	PeerJ
PMC11636244	39668887	comparison	2024	Journal of multidisciplinary healthcare
PMC11630970	39654224	comparison	2024	Medicine
PMC11865133	39652111	comparison	2024	Quality of life research : an international journal of quality of life aspects of treatment, care and rehabilitation
PMC11594583	39597930	comparison	2024	Journal of clinical medicine
PMC11583373	39578861	comparison	2024	AIDS research and therapy
PMC11582726	39572624	comparison	2024	Scientific reports
PMC11573587	39564115	comparison	2024	Frontiers in pharmacology
PMC11570859	39559452	comparison	2024	Internet interventions
PMC11555550	39527054	comparison	2024	JAMA network open
PMC11545212	39518367	comparison	2024	Diagnostics (Basel, Switzerland)
PMC11540644	39512272	comparison	2024	Frontiers in health services
PMC11552585	39500610	comparison	2024	BMJ open
PMC11538124	39499409	comparison	2024	Journal of patient-reported outcomes
PMC11519759	39473642	comparison	2024	Cureus
PMC11477414	39407906	comparison	2024	Journal of clinical medicine
PMC11469817	39399807	comparison	2024	Plastic and reconstructive surgery. Global open
PMC11693423	39396436	comparison	2024	Journal of Ayurveda and integrative medicine
PMC11581497	39388181	comparison	2024	JAMA network open
PMC11474718	39384225	comparison	2024	BMJ open
PMC11458428	39380751	comparison	2024	Frontiers in psychology
PMC11460423	39380589	comparison	2024	Revista brasileira de ginecologia e obstetricia : revista da Federacao Brasileira das Sociedades de Ginecologia e Obstetricia
PMC11655773	39367549	comparison	2024	Worldviews on evidence-based nursing
PMC11451232	39367313	comparison	2024	BMC medical research methodology
PMC11489802	39365987	comparison	2024	Journal of medical Internet research
PMC11441946	39331860	comparison	2024	Medicine
PMC12145486	39323236	comparison	2024	Trauma, violence & abuse
PMC11424911	39321118	comparison	2024	Journal of managed care & specialty pharmacy
PMC11427125	39313452	comparison	2024	Yonsei medical journal
PMC11629046	39298282	comparison	2024	International endodontic journal
PMC11407545	39290764	comparison	2024	Archives of academic emergency medicine
PMC11408668	39289403	comparison	2024	Scientific reports
PMC11398948	39279769	comparison	2024	Neuro-oncology practice
PMC11409248	39260865	comparison	2024	BMJ open
PMC11409320	39260851	comparison	2024	BMJ open
PMC11409394	39260844	comparison	2024	BMJ open
PMC11380326	39244603	comparison	2024	Systematic reviews
PMC11374400	39239579	comparison	2024	Revista brasileira de ortopedia
PMC11361655	39208331	comparison	2024	PloS one
PMC11346927	39186713	comparison	2024	PloS one
PMC12177019	39160419	comparison	2024	Journal of cancer education : the official journal of the American Association for Cancer Education
PMC11329859	39156328	comparison	2024	Cureus
PMC11321099	39139388	comparison	2024	Journal of pharmaceutical policy and practice
PMC11312084	39123435	comparison	2024	Cancers
PMC11294936	39100558	comparison	2024	Frontiers in psychology
PMC11289592	39086772	comparison	2024	F1000Research
PMC11266458	39077007	comparison	2023	Reviews in cardiovascular medicine
PMC11275180	39061182	comparison	2024	Cancers
PMC11661966	39044008	comparison	2024	Evidence-based dentistry
PMC11754536	39041682	comparison	2024	The International journal of eating disorders
PMC11265066	39039598	comparison	2024	BMC nursing
PMC11249132	39011076	comparison	2024	Health equity
PMC11241413	38998856	comparison	2024	Healthcare (Basel, Switzerland)
PMC11380233	38995790	comparison	2024	Journal of Alzheimer's disease : JAD
PMC11339141	38980348	comparison	2024	Psychopharmacology
PMC11228412	38978921	comparison	2024	Cureus
PMC11225762	38975158	comparison	2024	Heliyon
PMC11227806	38964792	comparison	2024	BMJ open
PMC7617163	38964475	comparison	2024	Journal of neuroscience methods
PMC11220866	38962212	comparison	2024	Data in brief
PMC11221093	38956542	comparison	2024	BMC infectious diseases
PMC11436551	38954320	comparison	2024	Journal of general internal medicine
PMC11204469	38930058	comparison	2024	Journal of clinical medicine
PMC11202159	38928583	comparison	2024	Brain sciences
PMC11190156	38910893	comparison	2024	Frontiers in pharmacology
PMC11188698	38903286	comparison	2024	Cureus
PMC11180702	38887375	comparison	2024	Campbell systematic reviews
PMC11169587	38873302	comparison	2024	Frontiers in public health
PMC11167081	38868744	comparison	2024	Frontiers in endocrinology
PMC11155149	38840232	comparison	2024	BMC oral health
PMC11151552	38840047	comparison	2024	BMC medical research methodology
PMC11132449	38805454	comparison	2024	PloS one
PMC11129783	38788212	comparison	2024	JMIR public health and surveillance
PMC11118030	38786477	comparison	2024	Biomimetics (Basel, Switzerland)
PMC11117151	38780957	comparison	2024	JAMA otolaryngology-- head & neck surgery
PMC11096606	38766289	comparison	2024	The Saudi dental journal
PMC11102180	38762715	comparison	2024	BMC cardiovascular disorders
PMC11103231	38760033	comparison	2024	BMJ open
PMC11094275	38751977	comparison	2024	Frontiers in medicine
PMC11081119	38737777	comparison	2024	The journal of the Canadian Health Libraries Association
PMC11084080	38725024	comparison	2024	Systematic reviews
PMC11198995	38709851	comparison	2024	PLoS medicine
PMC11073706	38709739	comparison	2024	PloS one
PMC11070175	38707059	comparison	2024	Cureus
PMC11065032	38699296	comparison	2024	medRxiv : the preprint server for health sciences
PMC11064765	38695605	comparison	2024	The Cochrane database of systematic reviews
PMC11056067	38678250	comparison	2024	Cost effectiveness and resource allocation : C/E
PMC11051134	38673463	comparison	2024	Journal of clinical medicine
PMC11050869	38667984	comparison	2024	Journal of imaging
PMC11044015	38656292	comparison	2024	JAMA cardiology
PMC11036629	38649968	comparison	2024	Implementation science communications
PMC11026677	38645417	comparison	2024	Frontiers in psychiatry
PMC12527478	38635267	comparison	2024	JAMA network open
PMC11023672	38633775	comparison	2024	medRxiv : the preprint server for health sciences
PMC11022591	38633516	comparison	2024	ATS scholar
PMC11033348	38631808	comparison	2024	BMJ open gastroenterology
PMC11024775	38630473	comparison	2024	JAMA network open
PMC11022117	38625703	comparison	2024	JAMA network open
PMC11009315	38605106	comparison	2024	Communications medicine
PMC11187671	38593225	comparison	2024	Journal of the American Geriatrics Society
PMC10998895	38582909	comparison	2024	NPJ genomic medicine
PMC10988004	38571611	comparison	2024	Heliyon
PMC10986948	38564599	comparison	2024	PloS one
PMC10972963	38550794	comparison	2024	Frontiers in surgery
PMC11807350	38548008	comparison	2024	Journal of biomedical informatics
PMC11318579	38503270	comparison	2024	Neonatology
PMC10942821	38495479	comparison	2024	TheScientificWorldJournal
PMC10935912	38475795	comparison	2024	Trials
PMC10920130	38464441	comparison	2023	JSES international
PMC10928757	38458778	comparison	2024	BMJ open
PMC10918581	38446447	comparison	2024	JAMA dermatology
PMC11025302	38444061	comparison	2024	Palliative medicine
PMC11063548	38438132	comparison	2024	Human reproduction (Oxford, England)
PMC10902917	38426068	comparison	2024	Frontiers in microbiology
PMC10899269	38413496	comparison	2024	Journal of robotic surgery
PMC10882179	38390251	comparison	2024	Global mental health (Cambridge, England)
PMC10881114	38384930	comparison	2024	Drugs in context
PMC10866592	38362194	comparison	2024	Laryngoscope investigative otolaryngology
PMC12373405	40857464	comparison	2024	Psychology of sexual orientation and gender diversity
PMC10858334	38343618	comparison	2023	Open research Europe
PMC10852327	38329986	comparison	2024	PloS one
PMC10845544	38317268	comparison	2024	Diagnostic and prognostic research
PMC10831223	38304095	comparison	2024	HRB open research
PMC10824530	38288263	comparison	2023	JACC. Advances
PMC10826142	38287439	comparison	2024	Trials
PMC10820560	38255732	comparison	2024	Life (Basel, Switzerland)
PMC10797710	38238865	comparison	2024	Research integrity and peer review
PMC11076532	38238576	comparison	2024	Eye (London, England)
PMC10778769	38200939	comparison	2023	Healthcare (Basel, Switzerland)
PMC10770872	38186639	comparison	2023	Frontiers in pharmacology
PMC10773080	38185647	comparison	2024	Health and quality of life outcomes
PMC10771009	38182971	comparison	2024	Cellular & molecular biology letters
PMC10793990	38181316	comparison	2024	JCO precision oncology
PMC11032096	38174363	comparison	2024	Canadian journal of psychiatry. Revue canadienne de psychiatrie
PMC10757112	38161938	comparison	2023	Cureus
PMC10756860	38158550	comparison	2024	Journal of extracellular vesicles
PMC10753476	38156238	comparison	2023	Antimicrobial stewardship & healthcare epidemiology : ASHE
PMC10731871	38115056	comparison	2023	The international journal of behavioral nutrition and physical activity
PMC10719205	38105854	comparison	2023	Journal of maxillofacial and oral surgery
PMC10722750	38102710	comparison	2023	Systematic reviews
PMC10704853	38062492	comparison	2023	Systematic reviews
PMC10694959	38049774	comparison	2023	BMC pediatrics
PMC10692055	38040927	comparison	2023	Sports medicine - open
PMC10691121	38037078	comparison	2023	Orphanet journal of rare diseases
PMC10701000	38016678	comparison	2023	Korean journal of radiology
PMC10905502	38015794	comparison	2023	Human reproduction (Oxford, England)
PMC10672052	38002626	comparison	2023	Journal of clinical medicine
PMC10668274	37989368	comparison	2023	BMJ open
PMC10641997	37957669	comparison	2023	Implementation science : IS
PMC10636842	37950213	comparison	2023	BMC medical research methodology
PMC10796897	37948031	comparison	2023	Rheumatology and therapy
PMC11814032	37906420	comparison	2023	Journal of cancer survivorship : research and practice
PMC10608608	37888088	comparison	2023	Journal of personalized medicine
PMC10597631	37881632	comparison	2023	Frontiers in medicine
PMC10586183	37867652	comparison	2023	ACS omega
PMC10793786	37851519	comparison	2024	International journal of surgery (London, England)
PMC10585417	37851443	comparison	2023	JAMA network open
PMC10578566	37844082	comparison	2023	PloS one
PMC10569964	37842566	comparison	2023	Heliyon
PMC10571812	37835611	comparison	2023	Animals : an open access journal from MDPI
PMC10571448	37833820	comparison	2023	Systematic reviews
PMC10537984	37779893	comparison	2023	BMJ medicine
PMC10533112	37763142	comparison	2023	Journal of personalized medicine
PMC10514670	37734884	comparison	2023	BMJ open
PMC11796737	37721568	comparison	2023	Journal of cancer research and clinical oncology
PMC10503363	37699620	comparison	2023	BMJ open
PMC10853316	37679580	comparison	2023	International urology and nephrology
PMC10483383	37672255	comparison	2023	JAMA dermatology
PMC10452329	37627292	comparison	2023	Biomolecules
PMC10452668	37626764	comparison	2023	Biomedicines
PMC10446212	37611022	comparison	2023	PloS one
PMC10463470	37608346	comparison	2023	Research integrity and peer review
PMC10427813	37593717	comparison	2023	Royal Society open science
PMC10651704	37578509	comparison	2023	Osteoporosis international : a journal established as result of cooperation between the European Foundation for Osteoporosis and the National Osteoporosis Foundation of the USA
PMC10959622	37553078	comparison	2023	European journal of dentistry
PMC10471160	37534878	comparison	2023	eLife
PMC10389744	37523370	comparison	2023	PloS one
PMC10576676	37523065	comparison	2023	Journal of neurology
PMC10385884	37516878	comparison	2023	BMC medical research methodology
PMC10379966	37510417	comparison	2023	Healthcare (Basel, Switzerland)
PMC10415952	37498655	comparison	2023	Journal of medical Internet research
PMC10587175	37495758	comparison	2023	Sports medicine (Auckland, N.Z.)
PMC10364997	37492379	comparison	2023	Frontiers in radiology
PMC10362836	37485143	comparison	2023	Cureus
PMC10374753	37460783	comparison	2023	Clinical drug investigation
PMC10344360	37457590	comparison	2023	Frontiers in medicine
PMC10341754	37446247	comparison	2023	International journal of molecular sciences
PMC10308287	37397933	comparison	2023	World journal of hepatology
PMC10972624	37393892	comparison	2023	Folia phoniatrica et logopaedica : official organ of the International Association of Logopedics and Phoniatrics (IALP)
PMC10301715	37389003	comparison	2023	BJR open
PMC10290866	37366450	comparison	2023	Cureus
PMC10289600	37352021	comparison	2023	Medicine
PMC10337430	37351939	comparison	2023	JMIR public health and surveillance
PMC10286410	37349754	comparison	2023	Trials
PMC10276313	37326994	comparison	2023	JAMA network open
PMC10262628	37325695	comparison	2023	Foot & ankle orthopaedics
PMC10265913	37312138	comparison	2023	BMC surgery
PMC10263310	37310957	comparison	2023	PloS one
PMC10256919	37305507	comparison	2023	Heliyon
PMC10257091	37294569	comparison	2023	JAMA network open
PMC10245063	37292336	comparison	2023	Heliyon
PMC10393479	37290417	comparison	2023	European journal of public health
PMC10249293	37287036	comparison	2023	Journal of orthopaedic surgery and research
PMC10329590	37273018	comparison	2023	Clinical oral investigations
PMC10600051	37269440	comparison	2023	International journal of clinical pharmacy
PMC10227378	37261325	comparison	2023	EClinicalMedicine
PMC10231861	37259032	comparison	2023	BMC infectious diseases
PMC11218900	37256352	comparison	2023	European radiology
PMC10204018	37221472	comparison	2023	BMC medical research methodology
PMC10196298	37208492	comparison	2023	Communications medicine
PMC10193307	37202770	comparison	2023	Systematic reviews
PMC10165730	37169015	comparison	2023	Geburtshilfe und Frauenheilkunde
PMC10166077	37168536	comparison	2023	PeerJ
PMC10165845	37158865	comparison	2023	BMC pregnancy and childbirth
PMC10174005	37156590	comparison	2023	BMJ open
PMC10148349	37128457	comparison	2023	AMIA ... Annual Symposium proceedings. AMIA Symposium
PMC10130591	37122488	comparison	2023	Contemporary clinical trials communications
PMC10227215	37119074	comparison	2023	Journal of the American Heart Association
PMC10134555	37106314	comparison	2023	BMC medical research methodology
PMC10368194	37105318	comparison	2023	Contemporary clinical trials
PMC9924271	37091093	comparison	2022	Implementation research and practice
PMC10119773	37079318	comparison	2023	JAMA oncology
PMC10089873	37065589	comparison	2023	Journal of thoracic disease
PMC10086658	37057220	comparison	2023	Advanced biomedical research
PMC10102876	37052919	comparison	2023	JAMA network open
PMC10094565	37047088	comparison	2023	International journal of molecular sciences
PMC10067924	37021064	comparison	2023	Frontiers in digital health
PMC10075489	37014135	comparison	2023	Annals of medicine
PMC10069404	37010451	comparison	2023	Parasite (Paris, France)
PMC10066461	37000447	comparison	2023	JAMA network open
PMC10022424	36988245	comparison	2023	Immunity, inflammation and disease
PMC10054792	36983774	comparison	2023	Life (Basel, Switzerland)
PMC10056816	36982918	comparison	2023	International journal of molecular sciences
PMC10046799	36979305	comparison	2023	Brain sciences
PMC11571841	39599923	comparison	2023	European burn journal
PMC10030546	36921990	comparison	2023	BMJ global health
PMC10012547	36918993	comparison	2023	Systematic reviews
PMC9990787	36895255	comparison	2023	Surgical neurology international
PMC10277456	36895077	comparison	2023	Nursing open
PMC10032583	36889786	comparison	2023	European respiratory review : an official journal of the European Respiratory Society
PMC10008453	36882256	comparison	2023	BMJ open
PMC9984419	36879608	comparison	2023	Data in brief
PMC9990659	36878659	comparison	2023	BMJ open
PMC9974383	36874727	comparison	2023	Cureus
PMC9967278	36850945	comparison	2023	Sensors (Basel, Switzerland)
PMC9972695	36849932	comparison	2023	BMC medical research methodology
PMC9947652	36843924	comparison	2023	Frontiers in pharmacology
PMC9967860	36835305	comparison	2023	International journal of molecular sciences
PMC9953919	36831478	comparison	2023	Cancers
PMC9952910	36830811	comparison	2023	Biomedicines
PMC9960445	36829247	comparison	2023	Implementation science : IS
PMC9942164	36824079	comparison	2022	Journal of education and health promotion
PMC9951037	36821108	comparison	2023	JAMA network open
PMC9930775	36818377	comparison	2022	Arab journal of urology
PMC9895145	36742791	comparison	2021	Indian journal of otolaryngology and head and neck surgery : official publication of the Association of Otolaryngologists of India
PMC9889160	36733845	comparison	2023	Evidence-based complementary and alternative medicine : eCAM
PMC9894495	36730309	comparison	2023	PloS one
PMC10148792	36715767	comparison	2023	Acta diabetologica
PMC9445816	36691151	comparison	2022	BMJ open
PMC9854052	36670421	comparison	2023	Health and quality of life outcomes
PMC9862842	36670375	comparison	2023	BMC medical research methodology
PMC10020316	36670332	comparison	2023	PharmacoEconomics
PMC9872457	36669835	comparison	2023	BMJ open
PMC9883744	36637881	comparison	2023	JMIR nursing
PMC9835271	36635634	comparison	2023	BMC medical research methodology
PMC9826834	36632129	comparison	2022	Integrative medicine research
PMC10903617	38596762	comparison	2023	International journal of sexual health : official journal of the World Association for Sexual Health
PMC9808781	36605438	comparison	2022	Frontiers in oncology
PMC9817370	36604759	comparison	2023	Journal of medical case reports
PMC9809045	36593472	comparison	2023	BMC public health
PMC9801145	36585703	comparison	2022	Systematic reviews
PMC9798720	36581809	comparison	2022	European review of aging and physical activity : official journal of the European Group for Research into Elderly and Physical Activity
PMC9792155	36572731	comparison	2022	British journal of cancer
PMC9889887	36567310	comparison	2022	Journal of educational evaluation for health professions
PMC9773486	36550391	comparison	2022	BMC medical research methodology
PMC9813819	36542427	comparison	2022	Journal of medical Internet research
PMC10089064	36525529	comparison	2023	Health policy and planning
PMC9743545	36510178	comparison	2022	BMC public health
PMC9729664	36506663	comparison	2022	European journal of ageing
PMC9728429	36505205	comparison	2022	Journal of anaesthesiology, clinical pharmacology
PMC9719239	36463141	comparison	2022	BMC health services research
PMC9706954	36457822	comparison	2022	Arthroscopy, sports medicine, and rehabilitation
PMC9713676	36449299	comparison	2023	JAMA surgery
PMC9706063	36412918	comparison	2022	Integrative cancer therapies
PMC9678297	36409738	comparison	2022	PloS one
PMC9671331	36395170	comparison	2022	PloS one
PMC9664048	36378377	comparison	2022	Environmental science and pollution research international
PMC9698841	36363496	comparison	2022	Medicina (Kaunas, Lithuania)
PMC9627290	36338730	comparison	2022	Frontiers in oncology
PMC9632456	36338175	comparison	2022	Regenerative biomaterials
PMC10099758	36330555	comparison	2022	Journal of advanced nursing
PMC9632797	36327216	comparison	2022	PloS one
PMC9629563	36314416	comparison	2022	Integrative cancer therapies
PMC9617747	36309756	comparison	2022	Trials
PMC9603811	36293770	comparison	2022	International journal of environmental research and public health
PMC9600353	36291820	comparison	2022	Cancers
PMC9609408	36288171	comparison	2022	Veterinary sciences
PMC9610844	36288046	comparison	2022	Tropical medicine and infectious disease
PMC9608534	36283748	comparison	2022	BMJ open
PMC9574182	36274792	comparison	2022	Scientometrics
PMC9585776	36271453	comparison	2022	Systematic reviews
PMC9576989	36268103	comparison	2022	Journal of pathology informatics
PMC9574363	36263228	comparison	2022	Frontiers in oncology
PMC9575750	36253978	comparison	2022	Medicine
PMC9569801	36233238	comparison	2022	International journal of molecular sciences
PMC9557267	36220321	comparison	2022	BMJ open
PMC9553154	36205572	comparison	2022	Pharmaceutical biology
PMC9515561	36188197	comparison	2022	Journal of orthodontic science
PMC9523495	36173632	comparison	2022	JAMA network open
PMC9516149	36167387	comparison	2022	BMJ open
PMC9486705	36148133	comparison	2022	Frontiers in psychology
PMC9448503	36128311	comparison	2022	Medical journal of the Islamic Republic of Iran
PMC9588894	36116421	comparison	2022	ESMO open
PMC9439827	36107536	comparison	2022	Medicine
PMC9446201	36081704	comparison	2022	JSES international
PMC9457785	36080308	comparison	2022	Molecules (Basel, Switzerland)
PMC9456364	36077088	comparison	2022	International journal of molecular sciences
PMC9444273	36064610	comparison	2022	Systematic reviews
PMC9436152	36048863	comparison	2022	PloS one
PMC9793472	36018049	comparison	2022	The British journal of radiology
PMC9408014	36011531	comparison	2022	International journal of environmental research and public health
PMC9928905	35995037	comparison	2022	Developmental neuroscience
PMC9396366	35994285	comparison	2022	JAMA network open
PMC9391954	35984654	comparison	2022	JAMA network open
PMC9394205	35981806	comparison	2022	BMJ global health
PMC9365472	35967744	comparison	2022	Geburtshilfe und Frauenheilkunde
PMC9399841	35943793	comparison	2022	JMIR medical informatics
PMC9361679	35941610	comparison	2022	BMC urology
PMC9361184	35939312	comparison	2022	JAMA neurology
PMC9351321	35918072	comparison	2022	BMJ global health
PMC9331757	35897398	comparison	2022	International journal of environmental research and public health
PMC9301013	35874673	comparison	2022	Frontiers in immunology
PMC9302280	35866790	comparison	2022	Medicine
PMC9295293	35854295	comparison	2022	BMC oral health
PMC9273818	35836955	comparison	2022	Frontiers in medicine
PMC9776625	35820042	comparison	2022	Advances in nutrition (Bethesda, Md.)
PMC9467468	35816721	comparison	2022	American journal of physiology. Regulatory, integrative and comparative physiology
PMC9359307	35816685	comparison	2022	Journal of medical Internet research
PMC9264214	35797056	comparison	2022	JAMA oncology
PMC9873770	35796877	comparison	2022	Dysphagia
PMC9255961	35792787	comparison	2022	Dental press journal of orthodontics
PMC9219278	35782281	comparison	2022	Sports medicine and health science
PMC11378854	39294763	comparison	2022	Environmental evidence
PMC9125991	38013975	comparison	2022	Forensic Science International. Reports
PMC9947020	35751671	comparison	2022	International urogynecology journal
PMC9227377	35746460	comparison	2022	Vaccines
PMC9223457	35742523	comparison	2022	International journal of environmental research and public health
PMC9220150	35740463	comparison	2022	Biomedicines
PMC9226045	35739136	comparison	2022	Scientific reports
PMC9227005	35737386	comparison	2022	JAMA network open
PMC9217728	35733229	comparison	2022	Global health research and policy
PMC9613746	35729406	comparison	2022	Surgical endoscopy
PMC9214357	35725267	comparison	2022	BMJ open
PMC9726973	35710142	comparison	2022	Journal of investigative medicine : the official publication of the American Federation for Clinical Research
PMC9199342	35705961	comparison	2022	Globalization and health
PMC9195229	35698213	comparison	2022	Systematic reviews
PMC9174992	35692316	comparison	2022	Frontiers in public health
PMC9180095	35682331	comparison	2022	International journal of environmental research and public health
PMC9172979	35672763	comparison	2022	BMC health services research
PMC9060136	35663134	comparison	2021	Skin health and disease
PMC9153153	35637519	comparison	2022	Chinese medicine
PMC9980563	35634889	comparison	2022	European journal of physical and rehabilitation medicine
PMC9138649	35625837	comparison	2022	Biomedicines
PMC9134039	35612875	comparison	2022	JAMA psychiatry
PMC9099018	35572378	comparison	2022	Frontiers in robotics and AI
PMC9096558	35571093	comparison	2022	Frontiers in pharmacology
PMC9095054	35546237	comparison	2022	BMC medicine
PMC9171867	35546034	comparison	2022	Acta bio-medica : Atenei Parmensis
PMC9070052	35530730	comparison	2022	Frontiers in behavioral neuroscience
PMC9076130	35530302	comparison	2022	Frontiers in oncology
PMC9068255	35509061	comparison	2022	Diagnostic and prognostic research
PMC9062703	35504648	comparison	2022	BMJ (Clinical research ed.)
PMC9063127	35501706	comparison	2022	BMC medical research methodology
PMC9006309	35465642	comparison	2022	German medical science : GMS e-journal
PMC9034544	35459246	comparison	2022	Journal of neuroengineering and rehabilitation
PMC8985469	35444710	comparison	2021	Clinical practice and epidemiology in mental health : CP & EMH
PMC9012391	35427381	comparison	2022	PloS one
PMC9012380	35427367	comparison	2022	PloS one
PMC8991704	35395724	comparison	2022	BMC medical research methodology
PMC8992987	35395049	comparison	2022	PloS one
PMC8991691	35392941	comparison	2022	Journal of orthopaedic surgery and research
PMC8993193	35361577	comparison	2022	AJNR. American journal of neuroradiology
PMC8969005	35354625	comparison	2022	BMJ open
PMC9470606	35347521	comparison	2022	Quality of life research : an international journal of quality of life aspects of treatment, care and rehabilitation
PMC8889497	35252009	comparison	2022	Frontiers in oncology
PMC8896706	35245326	comparison	2022	PloS one
PMC8890726	35235607	comparison	2022	PloS one
PMC8874134	35233529	comparison	2022	JAC-antimicrobial resistance
PMC8863598	35222154	comparison	2022	Frontiers in psychology
PMC8875800	35214773	comparison	2022	Vaccines
PMC8876652	35213097	comparison	2022	Korean journal of radiology
PMC8862539	35193503	comparison	2022	BMC cardiovascular disorders
PMC9575169	35177375	comparison	2022	The journal of sexual medicine
PMC9310724	35158410	comparison	2022	European journal of haematology
PMC8804909	35136567	comparison	2021	F1000Research
PMC10233510	35130092	comparison	2022	Vascular
PMC8814593	35128302	comparison	2022	Frontiers in research metrics and analytics
PMC8813778	35127785	comparison	2022	Frontiers in nutrition
PMC8808442	35105592	comparison	2022	BMJ open
PMC8702684	35097436	comparison	2021	Foot & ankle orthopaedics
PMC8754262	35082473	comparison	2021	International journal of clinical pediatric dentistry
PMC8782727	35074491	comparison	2022	International journal of cardiology
PMC8885851	35063840	comparison	2022	Drug and alcohol dependence
PMC8771655	35057775	comparison	2022	BMC pediatrics
PMC8778903	35055323	comparison	2021	Journal of personalized medicine
PMC8774191	35053453	comparison	2022	Cancers
PMC8761632	35047469	comparison	2022	Frontiers in public health
PMC8761268	35034628	comparison	2022	BMC medical research methodology
PMC8759172	35026997	comparison	2022	BMC medical research methodology
PMC8752685	35017634	comparison	2022	NPJ digital medicine
PMC8736283	34999245	comparison	2022	International journal of infectious diseases : IJID : official publication of the International Society for Infectious Diseases
PMC8733833	34985519	comparison	2022	JAMA network open
PMC8743155	34983096	comparison	2022	Korean journal of radiology
PMC8724342	34978649	comparison	2022	International journal of implant dentistry
PMC9928063	37388832	comparison	2021	Journal of academic ophthalmology (2017)
PMC8608076	34968333	comparison	2021	Nursing reports (Pavia, Italy)
PMC8704064	34952635	comparison	2021	Trials
PMC8923593	34939968	comparison	2022	Clinical orthopaedics and related research
PMC8596943	34869915	comparison	2021	Health science reports
PMC8637400	34851364	comparison	2022	JAMA dermatology
PMC8848292	34842413	comparison	2021	Analytical chemistry
PMC8618432	34834547	comparison	2021	Journal of personalized medicine
PMC8591307	34790638	comparison	2021	Frontiers in pediatrics
PMC9105086	34789871	comparison	2021	Nature medicine
PMC8573889	34749665	comparison	2021	BMC infectious diseases
PMC8551744	34706961	comparison	2021	BMJ open
PMC8543966	34689759	comparison	2021	BMC medical research methodology
PMC8539069	34682849	comparison	2021	Journal of clinical medicine
PMC8524036	34675926	comparison	2021	Frontiers in immunology
PMC8520646	34657590	comparison	2021	BMC medical research methodology
PMC8507103	34641834	comparison	2021	BMC surgery
PMC8499488	34625095	comparison	2021	Systematic reviews
PMC9408805	34618419	comparison	2021	Analytical chemistry
PMC8463133	34595388	comparison	2021	TH open : companion journal to thrombosis and haemostasis
PMC8527327	34592641	comparison	2021	Transplantation reviews (Orlando, Fla.)
PMC8474626	34589729	comparison	2020	Brain, behavior, & immunity - health
PMC8459028	34589616	comparison	2021	Health science reports
PMC8472261	34575266	comparison	2021	Journal of clinical medicine
PMC8470804	34575180	comparison	2021	Journal of clinical medicine
PMC8468587	34575090	comparison	2021	Life (Basel, Switzerland)
PMC10242964	37431439	comparison	2021	JCPP advances
PMC8974292	34546296	comparison	2021	JAMA
PMC8449283	34533573	comparison	2021	JAMA network open
PMC8982641	34525409	comparison	2021	Journal of clinical epidemiology
PMC8421125	34513556	comparison	2020	Journal of neurological surgery. Part B, Skull base
PMC12067749	34507010	comparison	2021	Drug and alcohol dependence
PMC8449300	34477556	comparison	2021	Journal of medical Internet research
PMC8404982	34460854	comparison	2021	PloS one
PMC8386350	34458213	comparison	2021	Frontiers in pediatrics
PMC8397928	34448865	comparison	2021	JAMA network open
PMC8390193	34445962	comparison	2021	BMC infectious diseases
PMC8394710	34444542	comparison	2021	International journal of environmental research and public health
PMC8344953	34430764	comparison	2021	International journal of surgery protocols
PMC8890935	34428851	comparison	2021	European journal of dentistry
PMC8384172	34428208	comparison	2021	PloS one
PMC8381566	34425816	comparison	2021	BMC health services research
PMC8375758	34408030	comparison	2021	BMJ open
PMC8365792	34389560	comparison	2021	BMJ open
PMC8816970	34371516	comparison	2022	Journal of clinical rheumatology : practical reports on rheumatic & musculoskeletal diseases
PMC8330139	34365148	comparison	2021	Journal of the neurological sciences
PMC8344321	34353794	comparison	2021	BMJ open
PMC8599633	34325015	comparison	2021	American journal of obstetrics & gynecology MFM
PMC8318049	34320934	comparison	2021	BMC public health
PMC9290579	34312866	comparison	2021	Nursing forum
PMC8314448	34311704	comparison	2021	BMC medical research methodology
PMC8339983	34287209	comparison	2021	JMIR mHealth and uHealth
PMC8406468	34278564	comparison	2021	The Cochrane database of systematic reviews
PMC8407460	34278562	comparison	2021	The Cochrane database of systematic reviews
PMC8406705	34278561	comparison	2021	The Cochrane database of systematic reviews
PMC8281022	34259822	comparison	2021	JAMA psychiatry
PMC8273461	34244270	comparison	2021	BMJ open
PMC8242915	34226800	comparison	2021	Learned publishing : journal of the Association of Learned and Professional Society Publishers
PMC8253697	34224834	comparison	2021	Journal of clinical epidemiology
PMC8592577	34214626	comparison	2021	Journal of clinical epidemiology
PMC9545538	34212419	comparison	2021	Scandinavian journal of caring sciences
PMC8278303	34185014	comparison	2021	Journal of medical Internet research
PMC8335827	34184416	comparison	2021	Cancer medicine
PMC8361333	34179966	comparison	2021	The Journal of antimicrobial chemotherapy
PMC8380877	34162718	comparison	2021	Occupational and environmental medicine
PMC8238282	34160388	comparison	2021	Medicine
PMC8204179	34127453	comparison	2021	BMJ open quality
PMC8170376	34123762	comparison	2021	Restorative dentistry & endodontics
PMC8202588	34115000	comparison	2021	Medicine
PMC9707954	36713608	comparison	2021	European heart journal. Digital health
PMC7610906	34095516	comparison	2020	BMJ open science
PMC8183778	34087901	comparison	2021	Medicine
PMC8177464	34086796	comparison	2021	PloS one
PMC8164069	34051864	comparison	2021	Systematic reviews
PMC8161573	34049528	comparison	2021	BMC musculoskeletal disorders
PMC8160596	34042995	comparison	2021	JAMA network open
PMC8193495	34042592	comparison	2021	Journal of medical Internet research
PMC8160201	34039577	comparison	2021	BMJ open
PMC8137205	34011602	comparison	2021	BMJ open
PMC8118094	33997788	comparison	2021	IEEE open journal of engineering in medicine and biology
PMC8113684	33997773	comparison	2021	Frontiers in artificial intelligence
PMC8121254	33996556	comparison	2021	Frontiers in oncology
PMC8118011	33986001	comparison	2021	BMJ global health
PMC8474325	33966534	comparison	2021	Medical decision making : an international journal of the Society for Medical Decision Making
PMC8518748	33960637	comparison	2021	Biological reviews of the Cambridge Philosophical Society
PMC8128274	33951050	comparison	2021	PLoS biology
PMC8279566	33910937	comparison	2021	Neurology
PMC8327986	33908733	comparison	2021	Canadian journal of surgery. Journal canadien de chirurgie
PMC8881950	33902322	comparison	2021	Journal of alternative and complementary medicine (New York, N.Y.)
PMC8052132	33898952	comparison	2021	EClinicalMedicine
PMC8049443	33898048	comparison	2020	Neuro-oncology practice
PMC8506168	33861141	comparison	2021	The British journal of radiology
PMC8452579	33860829	comparison	2021	European radiology
PMC8616766	33859363	comparison	2021	Prostate cancer and prostatic diseases
PMC8048275	33853643	comparison	2021	Trials
PMC7233178	32490351	comparison	2021	HRB open research
PMC9636487	36398277	comparison	2021	F1000Research
PMC8028762	33827569	comparison	2021	BMC medicine
PMC8026199	33826660	comparison	2021	PloS one
PMC8292264	33826041	comparison	2021	Clinical autonomic research : official journal of the Clinical Autonomic Research Society
PMC8022392	33820557	comparison	2021	Systematic reviews
PMC8017440	33815269	comparison	2021	Frontiers in endocrinology
PMC8065680	33808419	comparison	2021	Membranes
PMC8015172	33789717	comparison	2021	Systematic reviews
PMC8015016	33789611	comparison	2021	BMC pregnancy and childbirth
PMC7980796	33776130	comparison	2021	Indian journal of orthopaedics
PMC7970041	33746895	comparison	2021	Frontiers in neurology
PMC7951891	33705401	comparison	2021	PloS one
PMC8186677	33689229	comparison	2021	Nursing open
PMC7924359	33672692	comparison	2021	Nutrients
PMC8112250	33647518	comparison	2021	Journal of biomedical informatics
PMC7916997	33641673	comparison	2021	Global health research and policy
PMC7899793	33618741	comparison	2021	BMC medicine
PMC9335984	33605417	comparison	2022	The Gerontologist
PMC7881359	33576818	comparison	2021	JAMA network open
PMC7879697	33573591	comparison	2021	BMC medical research methodology
PMC7859015	33564577	comparison	2021	Plastic and reconstructive surgery. Global open
PMC7767185	33561043	comparison	2020	Healthcare (Basel, Switzerland)
PMC8579389	33541206	comparison	2021	Public health reports (Washington, D.C. : 1974)
PMC7955971	33517431	comparison	2021	Neurosurgery
PMC7816464	33472706	comparison	2021	Advances in simulation (London, England)
PMC7826798	33440623	comparison	2021	International journal of environmental research and public health
PMC7793437	33429757	comparison	2021	Medicine
PMC8160040	33405188	comparison	2021	PharmacoEconomics - open
PMC8246804	33386768	comparison	2021	Research in nursing & health
PMC7762449	33376409	comparison	2020	Clinical epidemiology
PMC9477217	33375955	comparison	2020	International journal of radiation oncology, biology, physics
PMC8254592	33355291	comparison	2020	Evidence-based mental health
PMC7713895	33335712	comparison	2020	F1000Research
PMC7766843	33339360	comparison	2020	Vaccines
PMC7747548	33334836	comparison	2020	BMJ open
PMC7728711	33329904	comparison	2020	Safety and health at work
PMC7733894	33328762	comparison	2020	Cancer management and research
PMC7737973	33320847	comparison	2020	PloS one
PMC7719278	33312499	comparison	2020	Journal of global health
PMC7727214	33302886	comparison	2020	BMC medical research methodology
PMC7706207	33292815	comparison	2020	Research integrity and peer review
PMC7724568	33291141	comparison	2021	JAMA psychiatry
PMC7930867	33291041	comparison	2020	Sexual medicine
PMC8480367	33269614	comparison	2020	Cancer control : journal of the Moffitt Cancer Center
PMC7705552	33257483	comparison	2020	BMJ open
PMC7744157	33252643	comparison	2020	Human reproduction (Oxford, England)
PMC8134840	33246869	comparison	2020	Brazilian journal of physical therapy
PMC7699593	33233523	comparison	2020	Animals : an open access journal from MDPI
PMC7682068	33225901	comparison	2020	BMC cancer
PMC7666424	33185677	comparison	2020	JAMA network open
PMC7661369	33177137	comparison	2020	BMJ open
PMC7709644	33172059	comparison	2020	Tropical medicine and infectious disease
PMC7653707	33167884	comparison	2020	BMC geriatrics
PMC7647570	33157935	comparison	2020	Medicine
PMC7647072	33156885	comparison	2020	PloS one
PMC7644083	33152747	comparison	2020	PloS one
PMC8096374	33146385	comparison	2021	Journal of the National Cancer Institute
PMC7901456	33136026	comparison	2020	The journal of international advanced otology
PMC7583155	33134830	comparison	2020	JNCI cancer spectrum
PMC7588865	33134603	comparison	2020	Contemporary clinical trials communications
PMC8667087	33130412	comparison	2020	Epidemics
PMC7592550	33115523	comparison	2020	Orphanet journal of rare diseases
PMC7652970	33107008	comparison	2020	Journal of general internal medicine
PMC7589045	33086485	comparison	2020	International journal of environmental research and public health
PMC7902583	33047212	comparison	2020	Applied health economics and health policy
PMC7902101	33032337	comparison	2020	European journal of dentistry
PMC7542529	33031522	comparison	2021	JAMA cardiology
PMC7528087	32999273	comparison	2020	Translational psychiatry
PMC7479282	32939412	comparison	2020	Heliyon
PMC7727384	32935131	comparison	2020	Journal of the American Medical Informatics Association : JAMIA
PMC7717018	32921721	comparison	2020	Acta bio-medica : Atenei Parmensis
PMC7575467	32914292	comparison	2020	Drug safety
PMC7488245	32912280	comparison	2020	World journal of emergency surgery : WJES
PMC7554223	32911130	comparison	2020	Accident; analysis and prevention
PMC7469341	32883306	comparison	2020	BMC health services research
PMC7489816	32865573	comparison	2020	JAMA network open
PMC7396619	32848528	comparison	2020	Frontiers in neuroscience
PMC7558380	32842592	comparison	2020	Tropical medicine and infectious disease
PMC7420172	32802753	comparison	2020	Health promotion perspectives
PMC7393993	32793009	comparison	2020	Frontiers in psychiatry
PMC7434332	32780019	comparison	2020	eLife
PMC7436217	32757428	comparison	2020	Journal of clinical nursing
PMC10317781	32741424	comparison	2020	Parasitology
PMC7338918	32724560	comparison	2020	F1000Research
PMC7388228	32723397	comparison	2020	BMC pulmonary medicine
PMC7404016	32706727	comparison	2020	JMIR mHealth and uHealth
PMC7330643	32685090	comparison	2020	Oxidative medicine and cellular longevity
PMC7473428	32683381	comparison	2020	Medicina oral, patologia oral y cirugia bucal
PMC7335845	32669870	comparison	2020	Journal of pain research
PMC7360025	32663221	comparison	2020	PLoS biology
PMC7360023	32663219	comparison	2020	PLoS biology
PMC7430098	32663096	comparison	2020	Journal of cerebral blood flow and metabolism : official journal of the International Society of Cerebral Blood Flow and Metabolism
PMC7393194	32662519	comparison	2020	British journal of pharmacology
PMC7359286	32660541	comparison	2020	BMC veterinary research
PMC7335435	32622352	comparison	2020	BMC musculoskeletal disorders
PMC7323788	32612356	comparison	2020	Clinical interventions in aging
PMC7326228	32603376	comparison	2020	PloS one
PMC7470535	32588806	comparison	2020	The American journal of tropical medicine and hygiene
PMC7317603	32584407	comparison	2020	JAMA network open
PMC7282341	32582760	comparison	2020	Frontiers in surgery
PMC7376076	32577939	comparison	2020	Breast cancer research and treatment
PMC7310711	32574170	comparison	2020	PloS one
PMC7311006	32565468	comparison	2020	BMJ open
PMC7275675	32547887	comparison	2020	PeerJ
PMC7283975	32547738	comparison	2020	Annals of medicine and surgery (2012)
PMC7292406	32530947	comparison	2020	PloS one
PMC7265661	32528285	comparison	2020	Frontiers in pharmacology
PMC7278121	32513205	comparison	2020	Radiation oncology (London, England)
PMC7490154	32504536	comparison	2020	Advances in nutrition (Bethesda, Md.)
PMC7312250	32486372	comparison	2020	International journal of environmental research and public health
PMC7290765	32455633	comparison	2020	Journal of clinical medicine
PMC7198754	32411739	comparison	2020	Frontiers in veterinary science
PMC7539966	32394589	comparison	2020	Pharmacoepidemiology and drug safety
PMC7946440	32391979	comparison	2020	Journal of neuroimaging : official journal of the American Society of Neuroimaging
PMC7193343	32354349	comparison	2020	Systematic reviews
PMC7215378	32344532	comparison	2020	International journal of molecular sciences
PMC7188300	32343692	comparison	2020	PloS one
PMC7230389	32331233	comparison	2020	Nutrients
PMC7164582	32302309	comparison	2020	PloS one
PMC7216154	32295106	comparison	2020	International journal of environmental research and public health
PMC8647591	35047688	comparison	2020	BMJ open science
PMC7200040	32284390	comparison	2020	BMJ open
PMC7140556	32268911	comparison	2020	Systematic reviews
PMC7103204	32257648	comparison	2020	PeerJ
PMC7087469	32257201	comparison	2020	Molecular and clinical oncology
PMC7704447	32219640	comparison	2020	Clinical autonomic research : official journal of the Clinical Autonomic Research Society
PMC7081119	32186745	comparison	2020	JAMA network open
PMC7062254	32150561	comparison	2020	PloS one
PMC7033395	32110175	comparison	2020	Journal of Taibah University Medical Sciences
PMC7260405	32109006	comparison	2020	BJS open
PMC7045283	32104910	comparison	2020	The Cochrane database of systematic reviews
PMC7045257	32102823	comparison	2020	BMJ open
PMC6998151	32013883	comparison	2020	BMC medical research methodology
PMC7045264	31969367	comparison	2020	BMJ open
PMC7189668	31963298	comparison	2020	Methods and protocols
PMC7019270	31940942	comparison	2020	Journal of clinical medicine
PMC6955470	31924634	comparison	2020	BMJ open
PMC6954557	31924170	comparison	2020	BMC cancer
PMC8506313	31909816	comparison	2020	Scandinavian journal of work, environment & health
PMC6936978	31908837	comparison	2019	BMJ open sport & exercise medicine
PMC6938313	31891647	comparison	2019	PloS one
PMC6937940	31888725	comparison	2019	Trials
PMC6946435	31876759	comparison	2019	Medicine
PMC6894914	31824601	comparison	2019	Journal of clinical and experimental dentistry
PMC6884840	31798675	comparison	2019	Chinese medicine
PMC7261640	31792334	comparison	2019	International journal of obesity (2005)
PMC6889688	31791393	comparison	2019	Trials
PMC6908975	31778122	comparison	2019	Journal of medical Internet research
PMC6881487	31776815	comparison	2019	International journal of implant dentistry
PMC6940938	31766746	comparison	2019	Animals : an open access journal from MDPI
PMC6911630	31727743	comparison	2019	AJNR. American journal of neuroradiology
PMC7086380	31707188	comparison	2019	Clinical biomechanics (Bristol, Avon)
PMC6829811	31700607	comparison	2019	Chiropractic & manual therapies
PMC6709821	31686911	comparison	2019	Cancer management and research
PMC6862643	31684109	comparison	2019	International journal of environmental research and public health
PMC6822388	31672151	comparison	2019	Lipids in health and disease
PMC6768360	31637025	comparison	2019	BMJ global health
PMC6832429	31618959	comparison	2019	Viruses
PMC7126379	31607414	comparison	2019	Preventive veterinary medicine
PMC6915799	31588912	comparison	2019	JMIR mental health
PMC6776391	31581278	comparison	2019	PloS one
PMC6790320	31566901	comparison	2019	Brain and behavior
PMC6704673	31439010	comparison	2019	Critical care (London, England)
PMC6686388	31431879	comparison	2018	Global spine journal
PMC6678010	31366662	comparison	2019	BMJ open
PMC6668156	31362748	comparison	2019	BMC health services research
PMC6649812	31360890	comparison	2019	JNCI cancer spectrum
PMC6661793	31347418	comparison	2019	Inquiry : a journal of medical care organization, provision and financing
PMC6621980	31338209	comparison	2019	Research integrity and peer review
PMC6760181	31290681	comparison	2019	Journal of alternative and complementary medicine (New York, N.Y.)
PMC6722149	31222645	comparison	2019	World journal of surgery
PMC6561328	31206038	comparison	2019	Human reproduction open
PMC6560862	31186068	comparison	2019	Systematic reviews
PMC6684543	31168704	comparison	2019	Surgical endoscopy
PMC6537371	31133058	comparison	2019	BMC veterinary research
PMC6646831	31129675	comparison	2019	Journal of injury & violence research
PMC6565647	31102192	comparison	2019	Perspectives on medical education
PMC6531075	31083197	comparison	2019	Medicine
PMC6492316	31039760	comparison	2019	BMC public health
PMC6465444	31032278	comparison	2019	Annals of translational medicine
PMC6501951	31023756	comparison	2019	BMJ open
PMC6500274	30948575	comparison	2019	BMJ open
PMC6398296	30930719	comparison	2019	Saudi journal of anaesthesia
PMC6909733	30835135	comparison	2019	Journal of alternative and complementary medicine (New York, N.Y.)
PMC6395464	30820692	comparison	2019	Annals of intensive care
PMC6377048	30809104	comparison	2019	Clinical epidemiology
PMC6398725	30782928	comparison	2019	BMJ open
PMC6380607	30779787	comparison	2019	PloS one
PMC6376734	30764774	comparison	2019	BMC medical research methodology
PMC6388264	30744007	comparison	2019	International journal of environmental research and public health
PMC6439931	30698622	comparison	2019	JAMA dermatology
PMC6323433	30675152	comparison	2018	Dermatology research and practice
PMC6324542	30646278	comparison	2018	JAMA network open
PMC6324280	30646106	comparison	2018	JAMA network open
PMC6306428	30618885	comparison	2018	Frontiers in psychiatry
PMC6705146	30603995	comparison	2019	Breast cancer research and treatment
PMC6313893	30602577	comparison	2019	BMJ (Clinical research ed.)
PMC6319988	30557969	comparison	2018	Medicine
PMC6286501	30555705	comparison	2018	Journal of intensive care
PMC6292009	30541623	comparison	2018	Systematic reviews
PMC6278021	30524207	comparison	2018	Cost effectiveness and resource allocation : C/E
PMC6252062	30498642	comparison	2018	PeerJ
PMC6241537	30467453	comparison	2018	Journal of the World Aquaculture Society
PMC6232499	30459658	comparison	2018	Frontiers in psychiatry
PMC7647150	30445467	comparison	2018	Journal of the American Medical Informatics Association : JAMIA
PMC8061146	30419997	comparison	2018	Epidemiology and psychiatric sciences
PMC6233271	30419920	comparison	2018	Orphanet journal of rare diseases
PMC6205772	30397513	comparison	2018	Research integrity and peer review
PMC6208014	30376842	comparison	2018	International journal of health geographics
PMC6206658	30373644	comparison	2018	Trials
PMC6206632	30373610	comparison	2018	Implementation science : IS
PMC6196941	30364456	comparison	2018	BMJ open sport & exercise medicine
PMC6298831	30358488	comparison	2018	Journal of health communication
PMC6686083	30351398	comparison	2019	European journal of orthodontics
PMC6244754	30350116	comparison	2018	International urogynecology journal
PMC6239867	30341042	comparison	2018	JMIR mHealth and uHealth
PMC6181492	30324054	comparison	2018	Plastic and reconstructive surgery. Global open
PMC6186133	30314471	comparison	2018	BMC medical research methodology
PMC6174644	30305851	comparison	2018	Therapeutic advances in medical oncology
PMC6175733	30298361	comparison	2018	International journal of implant dentistry
PMC6201026	30284579	comparison	2018	Saudi medical journal
PMC6169743	30269066	comparison	2018	BMJ open
PMC6157527	30249629	comparison	2018	BMJ open
PMC6784317	30219729	comparison	2018	The journal of pain
PMC6092896	30135732	comparison	2018	F1000Research
PMC6122249	30202533	comparison	2018	JRSM open
PMC6128985	30193585	comparison	2018	Systematic reviews
PMC6114801	30153837	comparison	2018	Health research policy and systems
PMC6085632	30092842	comparison	2018	BMC health services research
PMC6078273	30082372	comparison	2018	BMJ open
PMC6067404	30061436	comparison	2018	BMJ open
PMC6051367	30038814	comparison	2018	Central European journal of urology
PMC6048748	30026962	comparison	2018	Pilot and feasibility studies
PMC6086506	30024517	comparison	2018	Medicine
PMC6052616	30021577	comparison	2018	BMC medicine
PMC6561072	29974882	comparison	2019	Journal of minimal access surgery
PMC6015929	29963478	comparison	2018	Imaging science in dentistry
PMC5989978	29951632	comparison	2018	BJS open
PMC5986915	29896113	comparison	2018	Frontiers in physiology
PMC7610716	33954268	comparison	2018	BMJ open science
PMC5977467	29862038	comparison	2018	Pilot and feasibility studies
PMC5988091	29858417	comparison	2018	BMJ open
PMC5988104	29794102	comparison	2018	BMJ open
PMC7646896	29788283	comparison	2018	Journal of the American Medical Informatics Association : JAMIA
PMC5961399	29784698	comparison	2018	Diabetes care
PMC5932789	29720247	comparison	2018	Systematic reviews
PMC5928227	29712970	comparison	2018	Scientific reports
PMC5898522	29696217	comparison	2017	Contemporary clinical trials communications
PMC5898470	29696191	comparison	2017	Contemporary clinical trials communications
PMC5898559	29696169	comparison	2017	Contemporary clinical trials communications
PMC5914070	29690870	comparison	2018	BMC palliative care
PMC5914766	29678991	comparison	2018	BMJ open
PMC5969104	29645403	comparison	2018	Journal of nursing scholarship : an official publication of Sigma Theta Tau International Honor Society of Nursing
PMC5876159	29628972	comparison	2018	Laboratory animal research
PMC5846057	29471308	comparison	2018	British journal of cancer
PMC5822627	29467013	comparison	2018	Trials
PMC5805284	29420636	comparison	2018	PloS one
PMC5787714	29404354	comparison	2018	Annals of translational medicine
PMC5787236	29373996	comparison	2018	Critical care (London, England)
PMC5858263	29364171	comparison	2018	International journal of environmental research and public health
PMC5770895	29284712	comparison	2017	BMJ open
PMC5747101	29284417	comparison	2017	BMC medical research methodology
PMC5965362	29269567	comparison	2017	BMJ quality & safety
PMC5778278	29247107	comparison	2017	BMJ open
PMC5742660	29229588	comparison	2017	Journal of medical Internet research
PMC5723080	29221458	comparison	2017	Trials
PMC5676763	29152549	comparison	2017	Bladder cancer (Amsterdam, Netherlands)
PMC5695336	29122791	comparison	2017	BMJ open
PMC5680828	29121891	comparison	2017	BMC medical education
PMC5665325	29074519	comparison	2017	BMJ open
PMC6246726	29045502	comparison	2017	Annals of oncology : official journal of the European Society for Medical Oncology
PMC5615774	29034080	comparison	2017	F1000Research
PMC5640136	28918414	comparison	2017	BMJ open
PMC5595200	28893741	comparison	2017	BMJ open
PMC5778929	28874099	comparison	2017	The journal of spinal cord medicine
PMC5527227	28785189	comparison	2017	Current urology
PMC5522984	28761574	comparison	2017	Current therapeutic research, clinical and experimental
PMC5514443	28740942	comparison	2017	African journal of traditional, complementary, and alternative medicines : AJTCAM
PMC5497361	28695098	comparison	2017	Health promotion perspectives
PMC5497345	28676066	comparison	2017	Trials
PMC5658475	28660317	comparison	2017	Journal of neuro-oncology
PMC5628565	28654301	comparison	2017	Journal of alternative and complementary medicine (New York, N.Y.)
PMC6291799	28633401	comparison	2018	Briefings in bioinformatics
PMC9488615	28615309	comparison	2017	European respiratory review : an official journal of the European Respiratory Society
PMC5470677	28614415	comparison	2017	PloS one
PMC5451095	28562636	comparison	2017	PloS one
PMC5645696	28532309	comparison	2017	Global health action
PMC5434499	28515814	comparison	2017	Canadian Urological Association journal = Journal de l'Association des urologues du Canada
PMC5409080	28453528	comparison	2017	PloS one
PMC5566942	28450467	comparison	2017	BMJ open
PMC5425617	28416287	comparison	2017	Stem cell reports
PMC5390347	28403841	comparison	2017	BMC veterinary research
PMC6059208	28376195	comparison	2017	Journal of the National Cancer Institute
PMC10688516	28363989	comparison	2017	Evidence-based mental health
PMC5373625	28358870	comparison	2017	PloS one
PMC5360041	28320408	comparison	2017	The international journal of behavioral nutrition and physical activity
PMC6460771	31093540	comparison	2017	Diagnostic and prognostic research
PMC5329645	28193600	comparison	2017	Journal of medical Internet research
PMC5306508	28188154	comparison	2017	BMJ open
PMC5292811	28162095	comparison	2017	Infectious diseases of poverty
PMC5446608	28151039	comparison	2017	Journal of women's health (2002)
PMC5251322	28109324	comparison	2017	Trials
PMC5253553	28087553	comparison	2017	BMJ open
PMC6784314	28085789	comparison	2017	Regional anesthesia and pain medicine
PMC5217955	28060869	comparison	2017	PloS one
PMC5292645	28051764	comparison	2016	Health technology assessment (Winchester, England)
PMC5936696	29740621	comparison	2016	Contemporary clinical trials communications
PMC5135049	27911901	comparison	2016	PloS one
PMC5127572	27898705	comparison	2016	PloS one
PMC5126856	27894295	comparison	2016	BMC medicine
PMC5128905	27872116	comparison	2016	BMJ open
PMC5116815	27866472	comparison	2016	Alzheimer's research & therapy
PMC5128996	27864250	comparison	2016	BMJ open
PMC5831882	29507766	comparison	2016	Research involvement and engagement
PMC5581189	27488300	comparison	2016	Spine
PMC5066955	27749930	comparison	2016	PloS one
PMC5005734	27747697	comparison	2016	International journal of implant dentistry
PMC5072958	27741131	comparison	2016	Medicine
PMC5064935	27737710	comparison	2016	Systematic reviews
PMC5064790	27737631	comparison	2016	BMC medical research methodology
PMC5193327	27664214	comparison	2016	Human reproduction (Oxford, England)
PMC5051435	27650765	comparison	2016	BMJ open
PMC5010762	27590604	comparison	2016	BMC geriatrics
PMC5419364	28970397	comparison	2016	Pharmacy (Basel, Switzerland)
PMC4944926	27468249	comparison	2016	Clinical epidemiology
PMC4918126	27334018	comparison	2016	Trials
PMC7654089	27301747	comparison	2016	Journal of the American Medical Informatics Association : JAMIA
PMC4893854	27259528	comparison	2016	BMJ open
PMC4878797	27218655	comparison	2016	PLoS medicine
PMC4873261	27196439	comparison	2016	PloS one
PMC7433293	27182693	comparison	2016	The Cochrane database of systematic reviews
PMC4827640	27077047	comparison	2015	Biomolecular detection and quantification
PMC4825335	27069444	comparison	2016	Radiology and oncology
PMC4820973	27044264	comparison	2016	BMC medical education
PMC8750745	26992929	comparison	2016	The Cochrane database of systematic reviews
PMC4777572	26938879	comparison	2016	PloS one
PMC4747009	26817978	comparison	2016	Journal of the American Association for Laboratory Animal Science : JAALAS
PMC4727379	26809779	comparison	2016	BMC genetics
PMC4808456	26804762	comparison	2016	Ophthalmology
PMC4701449	26731736	comparison	2016	PloS one
PMC4682944	26675816	comparison	2015	PloS one
PMC4640014	26623392	comparison	2015	Perspectives in clinical research
PMC4654562	26587586	comparison	2015	PLoS neglected tropical diseases
PMC9338414	26578526	comparison	2015	The Cochrane database of systematic reviews
PMC4645480	26576268	comparison	2015	Archives of public health = Archives belges de sante publique
PMC4647516	26573269	comparison	2015	BMC psychiatry
PMC4897597	26472296	comparison	2015	Physical therapy
PMC4608184	26472248	comparison	2015	Journal of translational medicine
PMC4606422	26453590	comparison	2015	BMJ open
PMC4588271	26419458	comparison	2015	Systematic reviews
PMC4577928	26391631	comparison	2015	BMJ open
PMC4574457	26385379	comparison	2015	Trials
PMC4565255	26379872	comparison	2015	International journal of clinical and experimental medicine
PMC4534102	26265377	comparison	2015	Journal of physiological anthropology
PMC4545856	26253548	comparison	2015	Trials
PMC4669303	26112433	comparison	2015	Journal of clinical epidemiology
PMC4472353	26086391	comparison	2015	PloS one
PMC5861495	26052651	comparison	2013	Research synthesis methods
PMC10616535	26028608	comparison	2015	The Cochrane database of systematic reviews
PMC4450905	25989337	comparison	2015	Inflammatory bowel diseases
PMC4450847	25952159	comparison	2015	BMC women's health
PMC4331335	25855867	comparison	2015	BMC medicine
PMC4368673	25793517	comparison	2015	PloS one
PMC4353284	25722024	comparison	2015	BMJ (Clinical research ed.)
PMC4339253	25717374	comparison	2015	Antimicrobial resistance and infection control
PMC5365162	28525530	comparison	2015	Bone reports
PMC6517008	25568981	comparison	2015	The Cochrane database of systematic reviews
PMC5015251	27610356	comparison	2016	Journal of diabetes and metabolic disorders
PMC4281530	25550297	comparison	2014	BMJ open
PMC7197042	25536022	comparison	2014	The Cochrane database of systematic reviews
PMC4274704	25516265	comparison	2014	Systematic reviews
PMC4267075	25510889	comparison	2014	BMJ open
PMC4276044	25510820	comparison	2014	Systematic reviews
PMC4315381	25432001	comparison	2014	The Permanente journal
PMC4247631	25420433	comparison	2014	BMC medical research methodology
PMC4251694	25404155	comparison	2014	Orphanet journal of rare diseases
PMC4208050	25335963	comparison	2014	BMJ open
PMC4182573	25268988	comparison	2014	PloS one
PMC4177786	25254655	comparison	2014	PLoS neglected tropical diseases
PMC4481576	25217611	comparison	2014	Human reproduction (Oxford, England)
PMC4202955	25211744	comparison	2014	American journal of public health
PMC4524775	25159014	comparison	2014	Urologic oncology
PMC4147164	25138616	comparison	2014	Implementation science : IS
PMC4138528	25115725	comparison	2014	Systematic reviews
PMC4126494	25114829	comparison	2014	Annals of intensive care
PMC4167217	25004061	comparison	2014	Shock (Augusta, Ga.)
PMC4107599	24997590	comparison	2014	Systematic reviews
PMC4082617	24972453	comparison	2014	Systematic reviews
PMC4041890	24887257	comparison	2014	PloS one
PMC10852082	24788032	comparison	2014	Sao Paulo medical journal = Revista paulista de medicina
PMC4022327	24779384	comparison	2014	BMC medicine
PMC5907129	29699159	comparison	2014	Reproductive medicine and biology
PMC6491112	24719027	comparison	2014	The Cochrane database of systematic reviews
PMC4190105	24713692	comparison	2014	Medical decision making : an international journal of the Society for Medical Decision Making
PMC3975147	24621446	comparison	2014	BMC family practice
PMC3949412	24618053	comparison	2014	BMJ (Clinical research ed.)
PMC3898583	24401468	comparison	2014	BMJ (Clinical research ed.)
PMC4379849	25931915	comparison	2014	Ulusal cerrahi dergisi
PMC3873640	24377091	comparison	2013	International journal of circumpolar health
PMC4057256	24168782	comparison	2013	Critical care (London, England)
PMC3797836	24146806	comparison	2013	PloS one
PMC3871759	24138207	comparison	2013	BMC medical research methodology
PMC3793003	24115912	comparison	2013	PLoS medicine
PMC3787508	24078752	comparison	2013	BMJ open
PMC3771067	24032093	comparison	2013	PeerJ
PMC3733774	23940632	comparison	2013	PloS one
PMC3989883	23845586	comparison	2013	The Journal of hand surgery
PMC4232321	23782338	comparison	2013	Clinical oral implants research
PMC3741436	23767666	comparison	2013	Journal of endourology
PMC3745806	23758751	comparison	2013	International journal of paediatric dentistry
PMC3699389	23758638	comparison	2013	BMC public health
PMC3673932	23748255	comparison	2013	Pain research & management
PMC3666983	23734256	comparison	2013	PloS one
PMC3621753	23585737	comparison	2013	PLoS medicine
PMC3641459	23576000	comparison	2013	BMJ open
PMC3616132	23569365	comparison	2013	Patient preference and adherence
PMC3614510	23565066	comparison	2013	PLoS medicine
PMC3544927	23341949	comparison	2013	PloS one
PMC3574856	23249186	comparison	2012	BMC cancer
PMC7386818	23152285	comparison	2012	The Cochrane database of systematic reviews
PMC11495656	23076906	comparison	2012	The Cochrane database of systematic reviews
PMC3384362	23074421	comparison	2012	Ontario health technology assessment series
PMC3511845	23060188	comparison	2012	Nature
PMC3528897	22961316	comparison	2012	Clinical orthopaedics and related research
PMC3400493	22826816	comparison	2012	Surgical neurology international
PMC3537637	22747701	comparison	2012	Journal of foot and ankle research
PMC3382226	22730543	comparison	2012	BMJ (Clinical research ed.)
PMC3492022	22709676	comparison	2012	Trials
PMC3348673	22587842	comparison	2012	Systematic reviews
PMC3338712	22558178	comparison	2012	PloS one
PMC3637913	22424985	comparison	2012	Journal of clinical epidemiology
PMC3271487	22345837	comparison	2011	Indian journal of psychological medicine
PMC3915791	24600292	comparison	2012	Adolescent health, medicine and therapeutics
PMC3232225	22163017	comparison	2011	PloS one
PMC3258221	22151233	comparison	2011	BMC medical research methodology
PMC3247193	22126516	comparison	2011	BMC medical research methodology
PMC3198117	22031811	comparison	2011	GMS health technology assessment
PMC3176483	21859470	comparison	2011	BMC complementary and alternative medicine
PMC3149080	21829330	comparison	2011	PLoS medicine
PMC3146924	21767349	comparison	2011	BMC psychiatry
PMC3173641	21710311	comparison	2011	The journal of headache and pain
PMC3114769	21569452	comparison	2011	Trials
PMC3215336	21536950	comparison	2011	Archives of pediatrics & adolescent medicine
PMC3055831	21356072	comparison	2011	Trials
PMC2914031	20689853	comparison	2010	PloS one
PMC2911423	20615225	comparison	2010	Trials
PMC2876024	20520824	comparison	2010	PloS one
PMC2886040	20482769	comparison	2010	Trials
PMC6602219	20352172	comparison	2010	Primary care respiratory journal : journal of the General Practice Airways Group
PMC2833170	20158899	comparison	2010	BMC medical research methodology
PMC2805870	20078607	comparison	2010	British journal of clinical pharmacology
PMC2809039	20040100	comparison	2009	BMC cardiovascular disorders
PMC3076188	19951686	comparison	2009	Cell stem cell
PMC2788535	19930576	comparison	2009	Trials
PMC2793689	19900949	comparison	2010	The Journal of antimicrobial chemotherapy
PMC3136753	19884113	comparison	2011	Evidence-based complementary and alternative medicine : eCAM
PMC2899324	19408018	comparison	2009	European spine journal : official publication of the European Spine Society, the European Spinal Deformity Society, and the European Section of the Cervical Spine Research Society
PMC3489160	19070681	comparison	2008	Contemporary clinical trials
PMC8958823	18843753	comparison	2008	The Cochrane database of systematic reviews
PMC2583977	18662411	comparison	2008	BMC oral health
PMC2216683	18270568	comparison	2008	PloS one
PMC3011304	21289914	comparison	2008	GMS health technology assessment
PMC2386171	17897515	comparison	2007	Canadian journal of surgery. Journal canadien de chirurgie
PMC1896173	17537243	comparison	2007	BMC medicine
PMC1824709	17389922	comparison	2007	PloS one
PMC1702351	17156458	comparison	2006	Health research policy and systems
PMC1590046	16965628	comparison	2006	BMC medical research methodology
PMC1570136	16948835	comparison	2006	BMC medical research methodology
PMC1550721	16879753	comparison	2006	BMC medical research methodology
PMC1352049	16415336	comparison	2006	BMJ (Clinical research ed.)
PMC3011345	21289965	comparison	2006	GMS health technology assessment
PMC2361579	16106245	comparison	2005	British journal of cancer
PMC1772540	15722299	comparison	2005	The British journal of ophthalmology
PMC555875	15681569	comparison	2005	BMJ (Clinical research ed.)
PMC534108	15518593	comparison	2004	BMC public health
PMC517858	15451835	comparison	2004	CMAJ : Canadian Medical Association journal = journal de l'Association medicale canadienne
PMC481067	15236664	comparison	2004	BMC medical research methodology
PMC1124931	12511463	comparison	2003	BMJ (Clinical research ed.)
PMC126226	12213183	comparison	2002	BMC health services research
PMC1975649	9685114	comparison	1998	Health services research
PMC13566555	42739833	comparison	2026	Journal of clinical medicine
PMC13570228	42732297	comparison	2026	Cureus
PMC13568781	42730470	comparison	2026	World journal of oncology
PMC13560040	42728900	comparison	2026	F1000Research
PMC13559362	42724310	comparison	2026	Journal of thoracic disease
PMC13560113	42723103	comparison	2026	BMC sports science, medicine & rehabilitation
PMC13555093	42719537	comparison	2026	Archives animal breeding
PMC13553241	42718560	comparison	2026	Frontiers in neurology
PMC13546688	42703400	comparison	2026	International journal of women's health
PMC13534140	42688457	comparison	2026	Frontiers in immunology
PMC13526621	42676424	comparison	2026	Frontiers in oncology
PMC13531916	42675485	comparison	2026	BMC nursing
PMC13536017	42674671	comparison	2026	Family medicine and community health
PMC13526509	42670551	comparison	2026	Cureus
PMC13525802	42668994	comparison	2026	Psychology research and behavior management
PMC13521491	42659035	comparison	2026	Journal of global health
PMC13523104	42657674	comparison	2026	Global health action
PMC13517042	42646372	comparison	2026	Neurology international
PMC13500511	42639033	comparison	2026	Frontiers in neuroscience
PMC13496023	42631199	comparison	2026	Wideochirurgia i inne techniki maloinwazyjne = Videosurgery and other miniinvasive techniques
PMC13492484	42623169	comparison	2026	Journal of medical Internet research
PMC13481198	42614185	comparison	2026	Frontiers in oncology
PMC13483694	42613641	comparison	2026	Infectious diseases of poverty
PMC13480653	42607088	comparison	2026	PloS one
PMC13476551	42604024	comparison	2026	EClinicalMedicine
PMC13470341	42598071	comparison	2026	Frontiers in dental medicine
PMC13469348	42597724	comparison	2026	Frontiers in pain research (Lausanne, Switzerland)
PMC13465469	42587704	comparison	2026	Diagnostics (Basel, Switzerland)
PMC13534217	42587222	comparison	2026	Canadian journal of anaesthesia = Journal canadien d'anesthesie
PMC13459099	42582993	comparison	2026	Frontiers in medicine
PMC13453574	42576973	comparison	2026	NAM journal
PMC13453482	42576934	comparison	2026	EClinicalMedicine
PMC13539842	42552132	comparison	2026	Occupational and environmental medicine
PMC13450891	42566769	comparison	2026	JMIR perioperative medicine
PMC13434851	42553481	comparison	2026	Frontiers in medicine
PMC13433309	42553159	comparison	2026	Frontiers in cardiovascular medicine
PMC13428452	42542554	comparison	2026	BMC musculoskeletal disorders
PMC13426239	42540624	comparison	2026	Sexual medicine
PMC13423630	42539429	comparison	2026	Frontiers in endocrinology
PMC13436078	42538110	comparison	2026	BMJ open
PMC13433046	42536534	comparison	2026	Medicine
PMC13429777	42528340	comparison	2026	Clinical psychopharmacology and neuroscience : the official scientific journal of the Korean College of Neuropsychopharmacology
PMC13407104	42523589	comparison	2026	Frontiers in nutrition
PMC13384244	42518892	comparison	2026	Cureus
PMC13404632	42516715	comparison	2026	BMJ public health
PMC13412861	42513431	comparison	2026	Journal of clinical medicine
PMC13399533	42500760	comparison	2026	Cureus
PMC13377370	42491380	comparison	2026	Frontiers in medicine
PMC13389268	42488386	comparison	2026	Frontiers in neurology
PMC13388244	42487972	comparison	2026	Frontiers in medicine
PMC13387667	42482862	comparison	2026	The Journal of clinical and aesthetic dermatology
PMC13562263	42474951	comparison	2026	Obesity surgery
PMC13379121	42467702	comparison	2026	PLoS medicine
PMC13370733	42454543	comparison	2026	Drug and alcohol review
PMC13362339	42450908	comparison	2026	Healthcare (Basel, Switzerland)
PMC13350021	42433401	comparison	2026	Frontiers in public health
PMC13358309	42431671	comparison	2026	BMJ open
PMC13380528	42431091	comparison	2026	International dental journal
PMC13349297	42424408	comparison	2026	PloS one
PMC13335612	42406583	comparison	2026	Nursing open
PMC13323548	42396244	comparison	2026	Journal of intensive medicine
PMC13322840	42394937	comparison	2026	Frontiers in neurology
PMC13331111	42392642	comparison	2026	BMJ open
PMC13330952	42392636	comparison	2026	BMJ open
PMC13366169	42386575	comparison	2026	Environmental health and preventive medicine
PMC13322527	42384614	comparison	2026	PloS one
PMC13311999	42376494	comparison	2026	EClinicalMedicine
PMC13294224	42368806	comparison	2026	Frontiers in psychiatry
PMC13556082	42351257	comparison	2026	Pilot and feasibility studies
PMC13287029	42344499	comparison	2026	Frontiers in medicine
PMC13295782	42342291	comparison	2026	BMJ open respiratory research
PMC13353172	42340218	comparison	2026	La Medicina del lavoro
PMC13285571	42338865	comparison	2026	Cureus
PMC13284799	42338681	comparison	2026	ERJ open research
PMC13295771	42336789	comparison	2026	BMJ open
PMC13288450	42334075	comparison	2026	Diabetes/metabolism research and reviews
PMC13531780	42321895	comparison	2026	Conflict and health
PMC13548604	42321701	comparison	2026	BMC nephrology
PMC13272577	42318161	comparison	2026	Obesity pillars
PMC13272457	42317758	comparison	2026	Frontiers in microbiology
PMC13536650	42316087	comparison	2026	BMC psychiatry
PMC13270495	42312286	comparison	2026	International journal of biomedical imaging
PMC13266228	42306492	comparison	2026	EClinicalMedicine
PMC13268664	42305878	comparison	2026	Asian biomedicine : research, reviews and news
PMC13265526	42305850	comparison	2026	Frontiers in psychiatry
PMC13254879	42293732	comparison	2026	Research and practice in thrombosis and haemostasis
PMC13262598	42293061	comparison	2026	Access microbiology
PMC13253264	42292246	comparison	2026	Frontiers in medicine
PMC13253953	42290997	comparison	2026	Frontiers in psychiatry
PMC13480170	42277686	comparison	2026	BMC cardiovascular disorders
PMC13480088	42271357	comparison	2026	BMC pulmonary medicine
PMC13264846	42270110	comparison	2026	BMJ open
PMC13244636	42267277	comparison	2026	Frontiers in public health
PMC13241671	42256902	comparison	2026	Orthopaedic journal of sports medicine
PMC13459352	42251309	comparison	2026	BMC public health
PMC13471484	42249414	comparison	2026	Research integrity and peer review
PMC13229689	42244952	comparison	2026	Frontiers in endocrinology
PMC13239710	42236085	comparison	2026	BMJ open
PMC13223003	42232330	comparison	2026	Frontiers in surgery
PMC13223009	42232182	comparison	2026	Frontiers in pharmacology
PMC13229315	42228679	comparison	2026	PLoS medicine
PMC13224517	42226199	comparison	2026	Journal of occupational medicine and toxicology (London, England)
PMC13334921	42222905	comparison	2026	Human reproduction (Oxford, England)
PMC13218636	42222636	comparison	2026	Cureus
PMC13221991	42222483	comparison	2026	PeerJ
PMC13218247	42220331	comparison	2026	Osteoarthritis and cartilage open
PMC13234517	42219754	comparison	2026	Psychological medicine
PMC13220599	42210259	comparison	2026	Cancer cell international
PMC13201827	42205317	comparison	2026	Journal of diabetes and metabolic disorders
PMC13393907	42204678	comparison	2026	BMC medical research methodology
PMC13433554	42204078	comparison	2026	Emergency radiology
PMC13283486	42202210	comparison	2026	The journals of gerontology. Series A, Biological sciences and medical sciences
PMC13207823	42194944	comparison	2026	Journal of clinical medicine
PMC13208625	42188369	comparison	2026	Journal of personalized medicine
PMC13190464	42182566	comparison	2026	Frontiers in aging neuroscience
PMC13310435	42177492	comparison	2026	BMC oral health
PMC13225659	42172294	comparison	2026	PLoS medicine
PMC13221145	42166479	comparison	2026	PLoS medicine
PMC13185914	42163977	comparison	2026	Journal of clinical tuberculosis and other mycobacterial diseases
PMC13202077	42161421	comparison	2026	Open heart
PMC13200393	42152138	comparison	2026	Archives of public health = Archives belges de sante publique
PMC13185025	42150834	comparison	2026	BMJ open
PMC13360874	42143297	comparison	2026	BMC infectious diseases
PMC13168911	42137196	comparison	2026	Journal of nutritional science
PMC13343546	42129680	comparison	2026	BMC geriatrics
PMC13164143	42123069	comparison	2026	Journal of clinical medicine
PMC13162811	42122222	comparison	2026	Cancers
PMC13335341	42121182	comparison	2026	Archives of public health = Archives belges de sante publique
PMC13432977	42113889	comparison	2026	Ultrasound in obstetrics & gynecology : the official journal of the International Society of Ultrasound in Obstetrics and Gynecology
PMC13160333	42113849	comparison	2026	PloS one
PMC13156937	42112149	comparison	2026	Sexual medicine
PMC13156962	42109533	comparison	2026	Neurology. Genetics
PMC13330471	42106663	comparison	2026	BMC public health
PMC13143992	42100542	comparison	2026	Frontiers in public health
PMC13144026	42099524	comparison	2026	Frontiers in pediatrics
PMC13321576	42098823	comparison	2026	Trials
PMC13339851	42092871	comparison	2026	BMC oral health
PMC13136256	42087981	comparison	2026	Frontiers in dental medicine
PMC13387461	42085091	comparison	2026	Noise & health
PMC13131719	42078337	comparison	2026	medRxiv : the preprint server for health sciences
PMC13285462	42071194	comparison	2026	BMC neurology
PMC13125087	42063754	comparison	2026	Frontiers in medicine
PMC13277251	42062923	comparison	2026	BMC infectious diseases
PMC13133309	42060239	comparison	2026	Progress in orthodontics
PMC13274115	42057050	comparison	2026	International journal of mental health systems
PMC13111489	42051853	comparison	2026	Brain communications
PMC13112258	42051241	comparison	2026	EClinicalMedicine
PMC13141223	42049315	comparison	2026	BMJ open
PMC13113419	42041198	comparison	2026	Cancer medicine
PMC13244923	42032711	comparison	2026	BMC nutrition
PMC13187235	42028799	comparison	2026	Autism : the international journal of research and practice
PMC13100468	42028439	comparison	2026	Frontiers in pharmacology
PMC13105444	42024876	comparison	2026	JMIR aging
PMC13092839	42016032	comparison	2025	International journal of molecular and cellular medicine
PMC13227817	42015238	comparison	2026	BMC nursing
PMC13251288	42015099	comparison	2026	BMC surgery
PMC13084785	42006763	comparison	2026	BMJ public health
PMC13083055	42005975	comparison	2026	Frontiers in digital health
PMC13091203	42005926	comparison	2026	EClinicalMedicine
PMC13091170	42004834	comparison	2026	European urology open science
PMC13217775	42001040	comparison	2026	BMC medical informatics and decision making
PMC13220526	41998562	comparison	2026	BMC public health
PMC13089893	41996457	comparison	2026	PloS one
PMC13095280	41995519	comparison	2026	Medicine
PMC13079635	41993895	comparison	2026	Frontiers in pediatrics
PMC13087434	41992647	comparison	2026	CNS neuroscience & therapeutics
PMC13076134	41988555	comparison	2026	Frontiers in veterinary science
PMC13084786	41985960	comparison	2026	BMJ open
PMC13082653	41984760	comparison	2026	PloS one
PMC13073772	41977109	comparison	2026	Journal of clinical medicine
PMC13073387	41976928	comparison	2026	Journal of clinical medicine
PMC13073837	41975796	comparison	2026	Diagnostics (Basel, Switzerland)
PMC13084919	41963075	comparison	2026	BMJ open respiratory research
PMC13084879	41962974	comparison	2026	BMJ open
PMC13156232	41942708	comparison	2026	Cardiovascular and interventional radiology
PMC13044012	41939914	comparison	2026	Frontiers in immunology
PMC13047084	41939826	comparison	2026	Frontiers in pharmacology
PMC13043431	41938944	comparison	2026	Frontiers in public health
PMC13052333	41936385	comparison	2026	Journal of cachexia, sarcopenia and muscle
PMC13188239	41935296	comparison	2026	Malaria journal
PMC13154502	41933284	comparison	2026	Genes & nutrition
PMC13035959	41910902	comparison	2026	Progress in orthodontics
PMC13019482	41907645	comparison	2026	Frontiers in oncology
PMC13019767	41907046	comparison	2026	AJOG global reports
PMC13151306	41904417	comparison	2026	BMC psychiatry
PMC13029805	41894469	comparison	2026	PloS one
PMC13013291	41890926	comparison	2026	Frontiers in psychology
PMC13141572	41888845	comparison	2026	Cardiovascular diabetology
PMC13010937	41883875	comparison	2026	Journal of clinical tuberculosis and other mycobacterial diseases
PMC12999802	41868833	comparison	2026	Frontiers in psychiatry
PMC13481974	41863663	comparison	2026	Discover oncology
PMC13126963	41862977	comparison	2026	Journal of ovarian research
PMC13007200	41857843	comparison	2026	BMJ open
PMC13002174	41855423	comparison	2026	Journal of global health
PMC13112914	41845455	comparison	2026	Journal of health, population, and nutrition
PMC13176026	41843042	comparison	2026	International journal of clinical pharmacy
PMC13104487	41840684	comparison	2026	Journal of ovarian research
PMC12984499	41827600	comparison	2026	Healthcare (Basel, Switzerland)
PMC12985249	41827523	comparison	2026	Healthcare (Basel, Switzerland)
PMC12983781	41819573	comparison	2026	BMJ open
PMC12982199	41817821	comparison	2026	Journal of neurology
PMC13094163	41814222	comparison	2026	BMC ophthalmology
PMC12969334	41809592	comparison	2026	Metabolism open
PMC12975175	41790708	comparison	2026	Medicine
PMC12956694	41789163	comparison	2026	Frontiers in neurology
PMC12968735	41787938	comparison	2026	Journal of global health
PMC12961868	41787396	comparison	2026	BMC public health
PMC12961178	41782208	comparison	2026	International journal of rheumatic diseases
PMC13016785	41779633	comparison	2026	The British journal of surgery
PMC12946003	41769088	comparison	2026	Frontiers in public health
PMC12946635	41768922	comparison	2025	Journal of parasitic diseases : official organ of the Indian Society for Parasitology
PMC12946804	41767582	comparison	2026	African journal of emergency medicine : Revue africaine de la medecine d'urgence
PMC12935681	41767005	comparison	2026	Frontiers in neurology
PMC13313282	41766048	comparison	2026	Journal of the Egyptian National Cancer Institute
PMC12932160	41757238	comparison	2026	Frontiers in endocrinology
PMC12942304	41753079	comparison	2026	Journal of clinical medicine
PMC12937657	41750506	comparison	2026	Antibiotics (Basel, Switzerland)
PMC12930299	41743507	comparison	2026	BioMed research international
PMC13537411	41741220	comparison	2026	AJNR. American journal of neuroradiology
PMC12972689	41730193	comparison	2026	Journal of medical Internet research
PMC12919118	41728323	comparison	2026	medRxiv : the preprint server for health sciences
PMC13032241	41723416	comparison	2026	BMC women's health
PMC12913067	41717610	comparison	2026	Frontiers in public health
PMC13020415	41715122	comparison	2026	BMC oral health
PMC13123119	41715034	comparison	2026	BMC women's health
PMC12923938	41711081	comparison	2026	Therapeutic advances in respiratory disease
PMC12909180	41710879	comparison	2026	Frontiers in immunology
PMC12907331	41705252	comparison	2026	Frontiers in immunology
PMC13011358	41699570	comparison	2026	BMC surgery
PMC13431559	41698820	comparison	2026	AJNR. American journal of neuroradiology
PMC12894242	41696692	comparison	2026	Frontiers in digital health
PMC12897514	41693972	comparison	2026	World journal of gastroenterology
PMC13005379	41689068	comparison	2026	Journal of eating disorders
PMC12883040	41664805	comparison	2025	Archives of academic emergency medicine
PMC12983559	41663960	comparison	2026	BMC cardiovascular disorders
PMC12876007	41660476	comparison	2026	Journal of thoracic disease
PMC12915812	41657030	comparison	2026	Pharmacogenomics
PMC12977437	41652426	comparison	2026	Journal of orthopaedic surgery and research
PMC12977579	41652425	comparison	2026	BMC pulmonary medicine
PMC12867528	41640786	comparison	2025	The Journal of clinical and aesthetic dermatology
PMC12872698	41639469	comparison	2026	Archives of gynecology and obstetrics
PMC12955299	41629909	comparison	2026	Malaria journal
PMC12954985	41629819	comparison	2026	BMC infectious diseases
PMC13192013	41618273	comparison	2026	BMC veterinary research
PMC12841915	41598770	comparison	2026	Journal of clinical medicine
PMC12841992	41598663	comparison	2026	Journal of clinical medicine
PMC12838035	41595557	comparison	2025	Biomedicines
PMC12839809	41594296	comparison	2026	Diagnostics (Basel, Switzerland)
PMC12853502	41592841	comparison	2026	BMJ open
PMC12824425	41583230	comparison	2025	Cureus
PMC12815823	41567545	comparison	2026	Frontiers in neurology
PMC12829377	41565339	comparison	2026	BMJ open
PMC12849152	41559794	comparison	2026	Scandinavian journal of trauma, resuscitation and emergency medicine
PMC12896180	41559638	comparison	2026	BMC psychiatry
PMC12808618	41551051	comparison	2025	European journal of obstetrics & gynecology and reproductive biology: X
PMC12812064	41546545	comparison	2026	Journal of cerebral blood flow and metabolism : official journal of the International Society of Cerebral Blood Flow and Metabolism
PMC12815107	41545296	comparison	2026	Open heart
PMC12829951	41533739	comparison	2026	PLoS neglected tropical diseases
PMC12795340	41525195	comparison	2025	Journal of food and drug analysis
PMC12808973	41505877	comparison	2026	International dental journal
PMC12874926	41501772	comparison	2026	BMC nursing
PMC12882613	41501667	comparison	2026	BMC cancer
PMC12767667	41497195	comparison	2025	Neurology research international
PMC12764237	41488396	comparison	2025	International journal of chronic obstructive pulmonary disease
PMC12756362	41487528	comparison	2025	Frontiers in pharmacology
PMC12764508	41483013	comparison	2026	International journal of colorectal disease
PMC12753421	41480533	comparison	2025	Frontiers in medicine
PMC12745427	41473524	comparison	2025	Frontiers in psychology
PMC12746323	41472978	comparison	2025	Nigerian medical journal : journal of the Nigeria Medical Association
PMC12735701	41470853	comparison	2025	Nutrients
PMC12852907	41469448	comparison	2025	Scientific reports
PMC12738958	41458509	comparison	2025	Frontiers in medicine
PMC12849450	41454302	comparison	2025	BMC ophthalmology
PMC12742153	41453784	comparison	2025	BMJ open
PMC12733375	41450841	comparison	2025	Frontiers in psychiatry
PMC12722833	41445752	comparison	2025	Frontiers in immunology
PMC12735649	41441346	comparison	2025	Nursing reports (Pavia, Italy)
PMC12735780	41441206	comparison	2025	NeuroSci
PMC12723824	41430154	comparison	2025	BMC cancer
PMC13105584	41427504	comparison	2026	International journal of surgery (London, England)
PMC12715781	41416659	comparison	2025	CNS neuroscience & therapeutics
PMC12699326	41393956	comparison	2025	Frontiers in nutrition
PMC12706105	41387014	comparison	2025	BMJ open
PMC12704122	41384826	comparison	2025	Drug delivery
PMC12693010	41375881	comparison	2025	Journal of clinical medicine
PMC12693841	41374057	comparison	2025	Nutrients
PMC12691804	41373240	comparison	2025	Healthcare (Basel, Switzerland)
PMC12684196	41360476	comparison	2025	BMJ open
PMC12831348	41351113	comparison	2025	BMC medical education
PMC12797722	41350906	comparison	2025	Virology journal
PMC12880829	41348663	comparison	2025	Digestive surgery
PMC12673401	41346641	comparison	2025	Frontiers in psychiatry
PMC12771935	41327389	comparison	2025	Trials
PMC12772029	41327315	comparison	2025	Antimicrobial resistance and infection control
PMC12666126	41320223	comparison	2025	BMJ open
PMC12765295	41310817	comparison	2025	BMC nutrition
PMC12655566	41304813	comparison	2025	Pharmaceutics
PMC12654655	41304256	comparison	2025	Microorganisms
PMC12659232	41299402	comparison	2025	BMC ophthalmology
PMC12657694	41296113	comparison	2025	Discover oncology
PMC13243918	41289953	comparison	2025	Animal bioscience
PMC12646447	41289247	comparison	2025	PloS one
PMC12751687	41286726	comparison	2025	BMC infectious diseases
PMC12751865	41286634	comparison	2025	BMC infectious diseases
PMC12631337	41281915	comparison	2025	Frontiers in physiology
PMC12635701	41281473	comparison	2025	World journal of gastrointestinal oncology
PMC12630549	41281165	comparison	2025	Health science reports
PMC12639239	41278522	comparison	2025	SAGE open medicine
PMC12777138	41272751	comparison	2025	Journal of orthopaedic surgery and research
PMC12751774	41272509	comparison	2025	BMC infectious diseases
PMC12613513	41225458	comparison	2025	BMC medical education
PMC12597932	41221513	comparison	2025	Frontiers in medicine
PMC12598984	41213667	comparison	2025	BMJ open
PMC12590235	41210384	comparison	2025	EClinicalMedicine
PMC12575141	41180178	comparison	2025	Frontiers in endocrinology
PMC12558778	41163678	comparison	2025	Frontiers in endocrinology
PMC12563757	41154317	comparison	2025	Healthcare (Basel, Switzerland)
PMC12554101	41146735	comparison	2025	Critical care and resuscitation : journal of the Australasian Academy of Critical Care Medicine
PMC12557931	41146013	comparison	2025	BMC cardiovascular disorders
PMC12683338	41143778	comparison	2025	Personality disorders
PMC12549607	41141595	comparison	2025	Frontiers in cellular and infection microbiology
PMC12552085	41141431	comparison	2025	The Canadian journal of infectious diseases & medical microbiology = Journal canadien des maladies infectieuses et de la microbiologie medicale
PMC12550538	41132055	comparison	2025	Journal of global health
PMC12548209	41131520	comparison	2025	Malaria journal
PMC12542130	41126137	comparison	2025	BMC public health
PMC12542142	41120981	comparison	2025	BMC cardiovascular disorders
PMC12542537	41106863	comparison	2025	BMJ open
PMC12524582	41103608	comparison	2025	Journal of clinical orthopaedics and trauma
PMC12522814	41088194	comparison	2025	World journal of surgical oncology
PMC12521296	41085773	comparison	2025	Current cardiology reports
PMC12514747	41074669	comparison	2025	Nursing in critical care
PMC12512713	41073885	comparison	2025	BMC cardiovascular disorders
PMC12510610	41066321	comparison	2025	PloS one
PMC12497613	41058616	comparison	2025	Frontiers in medicine
PMC12645416	41053920	comparison	2025	JMIRx med
PMC12495077	41048313	comparison	2025	European journal of obstetrics & gynecology and reproductive biology: X
PMC12498102	41047808	comparison	2025	Annals of Saudi medicine
PMC12495640	41044529	comparison	2025	BMC public health
PMC12486546	41035096	comparison	2025	Systematic reviews
PMC12486973	41034912	comparison	2025	BMC musculoskeletal disorders
PMC12482134	41023683	comparison	2025	BMC infectious diseases
PMC12470813	41010771	comparison	2025	Journal of clinical medicine
PMC12472900	41010527	comparison	2025	Nutrients
PMC12468861	41004556	comparison	2025	PloS one
PMC12454307	40995103	comparison	2025	Frontiers in medicine
PMC12462301	40993644	comparison	2025	BMC public health
PMC12446900	40980149	comparison	2025	Oncology letters
PMC12893257	40971184	comparison	2025	Epilepsia
PMC12825753	40968764	comparison	2025	International journal of surgery (London, England)
PMC12445121	40965312	comparison	2025	Endocrinology, diabetes & metabolism
PMC12443193	40962348	comparison	2025	BMJ open
PMC12432790	40950695	comparison	2025	Translational cancer research
PMC12424859	40950429	comparison	2025	medRxiv : the preprint server for health sciences
PMC12418855	40932850	comparison	2025	EClinicalMedicine
PMC13110915	40930084	comparison	2025	Annals of the New York Academy of Sciences
PMC12414836	40926900	comparison	2025	EClinicalMedicine
PMC12675313	40923549	comparison	2025	Tropical medicine & international health : TM & IH
PMC12414212	40912715	comparison	2025	BMJ open
PMC12410676	40903082	comparison	2025	BMJ open
PMC12626209	40901701	comparison	2025	Journal of the American Medical Informatics Association : JAMIA
PMC12399598	40901508	comparison	2025	Frontiers in medicine
PMC12406376	40898309	comparison	2025	Journal of eating disorders
PMC12403948	40890707	comparison	2025	BMC medical informatics and decision making
PMC12395856	40883730	comparison	2025	BMC urology
PMC12397251	40883282	comparison	2025	Translational psychiatry
PMC12381676	40862308	comparison	2025	Journal of medical Internet research
PMC12379428	40859296	comparison	2025	Biomedical engineering online
PMC12380496	40858247	comparison	2025	Biology letters
PMC12380900	40880774	comparison	2025	Frontiers in medicine
PMC12630220	40866745	comparison	2025	Cancer causes & control : CCC
PMC12367584	40852540	comparison	2025	Indian journal of orthopaedics
PMC12485075	40850640	comparison	2025	International journal of infectious diseases : IJID : official publication of the International Society for Infectious Diseases
PMC12366598	40829827	comparison	2025	BMJ open
PMC12366604	40829818	comparison	2025	BMJ open
PMC12363089	40826125	comparison	2025	Journal of health, population, and nutrition
PMC12346096	40808967	comparison	2025	EClinicalMedicine
PMC12338926	40791692	comparison	2025	medRxiv : the preprint server for health sciences
PMC12352202	40789729	comparison	2025	BMJ open
PMC12335197	40787293	comparison	2025	The archives of bone and joint surgery
PMC12331650	40786076	comparison	2025	Frontiers in medicine
PMC12335173	40783531	comparison	2025	Journal of neuroengineering and rehabilitation
PMC12337744	40781878	comparison	2025	Annals of medicine
PMC12322547	40771500	comparison	2025	BMJ nutrition, prevention & health
PMC12317961	40762014	comparison	2025	Journal of environmental health science & engineering
PMC12323118	40760441	comparison	2025	Implementation science : IS
PMC12312837	40756224	comparison	2025	Indian journal of urology : IJU : journal of the Urological Society of India
PMC12322349	40755274	comparison	2025	Cell transplantation
PMC12314942	40750285	comparison	2025	BMJ open
PMC12312997	40743446	comparison	2025	Journal of medical Internet research
PMC12310245	40741552	comparison	2025	Cureus
PMC12309345	40740552	comparison	2025	Medical journal of the Islamic Republic of Iran
PMC12310030	40737348	comparison	2025	PloS one
PMC12306259	40734956	comparison	2025	BMJ public health
PMC12295344	40724869	comparison	2025	International journal of molecular sciences
PMC12292859	40722478	comparison	2025	Bioengineering (Basel, Switzerland)
PMC12306207	40721261	comparison	2025	BMJ open
PMC12297692	40713677	comparison	2025	BMC palliative care
PMC12588187	40709612	comparison	2025	Scandinavian journal of work, environment & health
PMC12626471	40705531	comparison	2025	International journal of surgery (London, England)
PMC12277852	40693072	comparison	2025	Cureus
PMC12278510	40691829	comparison	2025	BMC public health
PMC12278681	40685349	comparison	2025	Archives of public health = Archives belges de sante publique
PMC12295455	40680235	comparison	2025	Journal of medical Internet research
PMC12270641	40678109	comparison	2025	AJOG global reports
PMC12263929	40672816	comparison	2025	Frontiers in medicine
PMC12273178	40669925	comparison	2025	BMJ open
PMC12450010	40667836	comparison	2025	Journal of the American Heart Association
PMC12258586	40658719	comparison	2025	PLOS digital health
PMC12256771	40653844	comparison	2025	Endocrinology, diabetes & metabolism
PMC12251390	40649124	comparison	2025	Journal of clinical medicine
PMC12237066	40627605	comparison	2025	PloS one
PMC12230624	40621624	comparison	2025	Brain and behavior
PMC12228345	40618017	comparison	2025	BMC infectious diseases
PMC12231985	40616195	comparison	2025	BMC nutrition
PMC12224573	40610965	comparison	2025	BMC psychiatry
PMC12284958	40609491	comparison	2025	Journal of communication disorders
PMC12214315	40606638	comparison	2025	Therapeutic advances in neurological disorders
PMC12209649	40606389	comparison	2025	Quantitative imaging in medicine and surgery
PMC12224838	40604993	comparison	2025	BMC medical education
PMC12220196	40604949	comparison	2025	BMC sports science, medicine & rehabilitation
PMC12210777	40598532	comparison	2025	Journal of translational medicine
PMC12211264	40597060	comparison	2025	BMC cancer
PMC12215461	40596596	comparison	2025	Scientific reports
PMC12215880	40595306	comparison	2025	Scientific reports
PMC12214098	40591145	comparison	2025	Discover oncology
PMC12207133	40578863	comparison	2025	BMJ open
PMC12198706	40575232	comparison	2025	Cureus
PMC12194687	40566597	comparison	2025	Life (Basel, Switzerland)
PMC12186028	40550711	comparison	2025	BMJ open
PMC12179638	40547439	comparison	2025	EClinicalMedicine
PMC12182620	40546415	comparison	2025	Therapeutic advances in reproductive health
PMC12931336	40539745	comparison	2025	Annals of medicine
PMC12173898	40535331	comparison	2025	Frontiers in endocrinology
PMC12176234	40531956	comparison	2025	PloS one
PMC12177026	40531433	comparison	2025	Neurosurgical review
PMC12181999	40527565	comparison	2025	BMJ open
PMC12503199	40524504	comparison	2025	International journal of urology : official journal of the Japanese Urological Association
PMC12170843	40523895	comparison	2025	Communications medicine
PMC12156437	40507501	comparison	2025	Journal of clinical medicine
PMC12157883	40507086	comparison	2025	Nutrients
PMC12161318	40499971	comparison	2025	BMJ open
PMC12150054	40496880	comparison	2025	EClinicalMedicine
PMC12150515	40495240	comparison	2025	Systematic reviews
PMC12148423	40491672	comparison	2025	Metabolism open
PMC12972275	40490647	comparison	2025	GeroScience
PMC12144340	40478183	comparison	2025	The Journal of international medical research
PMC12138669	40476169	comparison	2024	Medical journal of the Islamic Republic of Iran
PMC12135674	40475713	comparison	2025	Reviews in cardiovascular medicine
PMC12142282	40474757	comparison	2025	American journal of reproductive immunology (New York, N.Y. : 1989)
PMC12139363	40468442	comparison	2025	Child and adolescent psychiatry and mental health
PMC12135558	40468395	comparison	2025	Trials
PMC12188230	40462259	comparison	2025	BJPsych open
PMC12134058	40461595	comparison	2025	Communications medicine
PMC12128236	40452018	comparison	2025	BMC veterinary research
PMC12121093	40437435	comparison	2025	BMC medical education
PMC12283902	40434717	comparison	2025	Annals of hematology
PMC12112904	40430207	comparison	2025	Life (Basel, Switzerland)
PMC12107792	40419987	comparison	2025	BMC gastroenterology
PMC12287636	40412395	comparison	2025	The Lancet. Global health
PMC12104900	40409974	comparison	2025	BMJ open
PMC12159732	40391839	comparison	2025	Age and ageing
PMC12090609	40389865	comparison	2025	BMC infectious diseases
PMC12083026	40380305	comparison	2025	Journal of orthopaedic surgery and research
PMC12070052	40371364	comparison	2025	International journal of reproductive biomedicine
PMC12080214	40369408	comparison	2025	BMC cardiovascular disorders
PMC12076350	40365988	comparison	2025	Immunity, inflammation and disease
PMC12083382	40360398	comparison	2025	BMJ open
PMC7617657	40352760	comparison	2025	Clinical nutrition open science
PMC12067771	40350199	comparison	2025	BMJ open
PMC12065772	40348887	comparison	2025	Clinical and experimental medicine
PMC12055126	40343230	comparison	2025	JB & JS open access
PMC12060883	40341151	comparison	2025	BMJ open
PMC12061161	40338918	comparison	2025	PloS one
PMC12061159	40338872	comparison	2025	PloS one
PMC12055821	40337278	comparison	2025	Frontiers in medicine
PMC12060332	40335894	comparison	2025	BMC infectious diseases
PMC12052727	40331201	comparison	2025	Frontiers in pharmacology
PMC12051799	40330193	comparison	2025	Iranian journal of public health
PMC12047987	40321783	comparison	2025	Research square
PMC12049009	40319254	comparison	2025	BMC public health
PMC12045439	40313297	comparison	2025	medRxiv : the preprint server for health sciences
PMC12040731	40309624	comparison	2025	Health science reports
PMC12039052	40301898	comparison	2025	BMC pharmacology & toxicology
PMC12038947	40301830	comparison	2025	BMC psychiatry
PMC12030599	40283953	comparison	2025	Pharmaceuticals (Basel, Switzerland)
PMC12035431	40280612	comparison	2025	BMJ open
PMC12020329	40275209	comparison	2025	BMC public health
PMC12017971	40270713	comparison	2025	EClinicalMedicine
PMC12012429	40265047	comparison	2025	F1000Research
PMC12237134	40260456	comparison	2025	European journal of anaesthesiology
PMC12009702	40260256	comparison	2025	Frontiers in immunology
PMC12144600	40249738	comparison	2025	Acta obstetricia et gynecologica Scandinavica
PMC12002150	40248469	comparison	2025	Turkish journal of emergency medicine
PMC12004474	40233947	comparison	2025	BMJ open
PMC11992312	40224715	comparison	2024	Indian journal of hematology & blood transfusion : an official journal of Indian Society of Hematology and Blood Transfusion
PMC12589177	40222935	comparison	2025	Internal medicine (Tokyo, Japan)
PMC12182973	40219653	comparison	2025	HIV research & clinical practice
PMC11969137	40190487	comparison	2025	F1000Research
PMC11969735	40186154	comparison	2025	BMC psychiatry
PMC11967140	40181467	comparison	2025	Systematic reviews
PMC11967216	40176759	comparison	2025	The Journal of international medical research
PMC12186096	40167419	comparison	2025	Parasitology
PMC11956133	40166415	comparison	2025	Biomedical reports
PMC11955565	40159511	comparison	2025	Communications medicine
PMC12174538	40156386	comparison	2025	Asian Pacific journal of cancer prevention : APJCP
PMC11951649	40155975	comparison	2025	BMC surgery
PMC11954301	40155879	comparison	2025	BMC primary care
PMC11941353	40136722	comparison	2025	Dentistry journal
PMC11936191	40131940	comparison	2025	PloS one
PMC11931862	40128666	comparison	2025	BMC cardiovascular disorders
PMC11926805	40124752	comparison	2025	Frontiers in psychology
PMC11927539	40123725	comparison	2024	Wideochirurgia i inne techniki maloinwazyjne = Videosurgery and other miniinvasive techniques
PMC11930968	40122984	comparison	2025	Scientific reports
PMC11922947	40115885	comparison	2025	Frontiers in human neuroscience
PMC11927296	40114238	comparison	2025	Child and adolescent psychiatry and mental health
PMC11923140	40108287	comparison	2025	Scientific reports
PMC11917148	40098102	comparison	2025	BMC cancer
PMC11916848	40097975	comparison	2025	BMC public health
PMC11907769	40093023	comparison	2025	Frontiers in medicine
PMC11897921	40084240	comparison	2025	The Canadian veterinary journal = La revue veterinaire canadienne
PMC11878359	40046708	comparison	2025	Indian journal of anaesthesia
PMC11880958	40046383	comparison	2025	Cureus
PMC11882973	40044846	comparison	2025	Communications medicine
PMC11882046	40043039	comparison	2025	PloS one
PMC11876396	40041926	comparison	2025	Frontiers in global women's health
PMC11878924	40036274	comparison	2025	PloS one
PMC11868436	40017059	comparison	2025	Brain and behavior
PMC11866893	40011901	comparison	2025	International journal for equity in health
PMC11865765	40010834	comparison	2025	BMJ open
PMC11849725	40007680	comparison	2024	Beyoglu eye journal
PMC11859612	40006575	comparison	2025	Pharmaceutics
PMC11853706	40002270	comparison	2025	Cancers
PMC11863922	40001025	comparison	2025	BMC nursing
PMC11855940	39997331	comparison	2025	Journal of personalized medicine
PMC11836374	39966543	comparison	2025	Scientific reports
PMC11836804	39965944	comparison	2025	BMJ open
PMC11831125	39963161	comparison	2025	EClinicalMedicine
PMC11828428	39951411	comparison	2025	PloS one
PMC11823227	39948475	comparison	2025	BMC medical research methodology
PMC11822429	39938961	comparison	2025	BMJ open
PMC11862776	39933164	comparison	2025	Journal of medical Internet research
PMC11813089	39932901	comparison	2025	PloS one
PMC11813021	39928813	comparison	2025	Medicine
PMC11804041	39920577	comparison	2025	BMC gastroenterology
PMC11806046	39920188	comparison	2025	Scientific reports
PMC11799928	39917627	comparison	2025	Campbell systematic reviews
PMC11798917	39916953	comparison	2025	Frontiers in immunology
PMC11790600	39906241	comparison	2025	Health science reports
PMC11787838	39902350	comparison	2025	Iranian journal of public health
PMC11788135	39902128	comparison	2025	Frontiers in oncology
PMC11930606	39891620	comparison	2025	The Journal of adolescent health : official publication of the Society for Adolescent Medicine
PMC11780850	39881227	comparison	2025	BMC psychiatry
PMC11804702	39869806	comparison	2025	Proceedings of the National Academy of Sciences of the United States of America
PMC11759200	39855663	comparison	2025	BMJ open
PMC11760034	39854584	comparison	2025	PloS one
PMC11760668	39849413	comparison	2025	BMC pulmonary medicine
PMC11751573	39844930	comparison	2024	EClinicalMedicine
PMC11752620	39838925	comparison	2025	Clinical and applied thrombosis/hemostasis : official journal of the International Academy of Clinical and Applied Thrombosis/Hemostasis
PMC12953682	39828926	comparison	2025	Trauma, violence & abuse
PMC11748600	39825258	comparison	2025	BMC infectious diseases
PMC11736645	39822392	comparison	2024	Archives of physiotherapy
PMC11730783	39810076	comparison	2025	BMC geriatrics
PMC11727502	39806278	comparison	2025	BMC gastroenterology
PMC11719354	39802006	comparison	2024	Heliyon
PMC12142756	39799063	comparison	2025	International dental journal
PMC11751824	39788773	comparison	2025	BMJ open
PMC11715416	39780237	comparison	2025	BMC psychology
PMC11883586	39773810	comparison	2025	BMJ open
PMC11700994	39764283	comparison	2024	Frontiers in cardiovascular medicine
PMC11702154	39762751	comparison	2025	BMC infectious diseases
PMC11703039	39761276	comparison	2025	PloS one
PMC11702038	39757157	comparison	2025	Health and quality of life outcomes
PMC11681149	39749418	comparison	2025	Journal of rehabilitation medicine
PMC11686088	39739535	comparison	2025	Brain and behavior
PMC11672528	39735688	comparison	2024	Canadian journal of kidney health and disease
PMC11681728	39732647	comparison	2024	BMC pediatrics
PMC11673357	39731199	comparison	2024	Systematic reviews
PMC11911095	39730300	comparison	2024	Clinical lymphoma, myeloma & leukemia
PMC11669502	39726842	comparison	2024	Frontiers in endocrinology
PMC11670985	39724025	comparison	2024	PloS one
PMC11668459	39722982	comparison	2024	Journal of family medicine and primary care
PMC11666687	39720206	comparison	2024	Frontiers in cardiovascular medicine
PMC11656892	39696549	comparison	2024	Journal of orthopaedic surgery and research
PMC11634998	39668947	comparison	2024	Current developments in nutrition
PMC11626897	39660240	comparison	2024	Gynecology and minimally invasive therapy
PMC11618833	39640505	comparison	2024	Frontiers in sports and active living
PMC11619678	39639294	comparison	2024	BMC oral health
PMC11620403	39636928	comparison	2024	PloS one
PMC11624729	39627136	comparison	2024	BMJ open
PMC11611106	39621611	comparison	2024	PloS one
PMC11608051	39619160	comparison	2024	Clinical epidemiology
PMC11607499	39618855	comparison	2024	Reviews in cardiovascular medicine
PMC11607899	39614174	comparison	2024	BMC nephrology
PMC11605833	39613439	comparison	2024	BMJ open
PMC11599497	39610499	comparison	2024	Journal of diabetes and metabolic disorders
PMC11590862	39606773	comparison	2024	Journal of the Saudi Heart Association
PMC11903594	39602001	comparison	2024	Journal of immigrant and minority health
PMC11590148	39600387	comparison	2024	Digital health
PMC11587584	39587518	comparison	2024	BMC complementary medicine and therapies
PMC11587670	39581960	comparison	2024	Journal of orthopaedic surgery and research
PMC11585217	39578799	comparison	2024	BMC medical education
PMC11585100	39578794	comparison	2024	BMC public health
PMC11584078	39576822	comparison	2024	PloS one
PMC11580665	39575169	comparison	2024	PeerJ
PMC11577284	39568751	comparison	2024	Frontiers in medicine
PMC11580506	39568007	comparison	2024	Italian journal of pediatrics
PMC11577720	39563327	comparison	2024	Radiation oncology (London, England)
PMC11565368	39552875	comparison	2024	Journal of thoracic disease
PMC11332445	39552278	comparison	2024	Florence Nightingale journal of nursing
PMC11560400	39544560	comparison	2024	Cureus
PMC11564455	39542954	comparison	2024	International journal of implant dentistry
PMC11619723	39513719	comparison	2024	EFORT open reviews
PMC11542313	39511667	comparison	2024	Archives of public health = Archives belges de sante publique
PMC11542449	39511520	comparison	2024	BMC psychiatry
PMC11537593	39496028	comparison	2024	Medicine
PMC11522773	39484120	comparison	2024	Reviews in cardiovascular medicine
PMC11565089	39481096	comparison	2024	Journal of medical Internet research
PMC11524501	39475843	comparison	2024	PloS one
PMC11519758	39473660	comparison	2024	Cureus
PMC11521056	39470515	comparison	2024	Medicine
PMC11502333	39464188	comparison	2024	Frontiers in endocrinology
PMC11508081	39457394	comparison	2024	Genes
PMC11562665	39450631	comparison	2024	La Medicina del lavoro
PMC11499845	39433420	comparison	2024	BMJ open
PMC11491550	39428845	comparison	2024	Cancer medicine
PMC13488824	39420382	comparison	2024	Advances in rheumatology (London, England)
PMC11474374	39416390	comparison	2024	EClinicalMedicine
PMC11475739	39409897	comparison	2024	Cancers
PMC11470660	39394146	comparison	2024	BMC medicine
PMC11465829	39385247	comparison	2024	Diabetology & metabolic syndrome
PMC11462310	39384302	comparison	2024	European respiratory review : an official journal of the European Respiratory Society
PMC11459270	39381428	comparison	2024	Open medicine (Warsaw, Poland)
PMC11554546	39380451	comparison	2024	Thoracic cancer
PMC11451168	39367440	comparison	2024	BMC women's health
PMC11450996	39363272	comparison	2024	BMC public health
PMC11443196	39355852	comparison	2024	Wellcome open research
PMC11446071	39354392	comparison	2024	BMC pregnancy and childbirth
PMC11443699	39350104	comparison	2024	Malaria journal
PMC11441676	39348422	comparison	2024	PloS one
PMC11429343	39345834	comparison	2024	BMJ open sport & exercise medicine
PMC11634384	39325728	comparison	2024	Aesthetic surgery journal
PMC11417579	39315191	comparison	2024	Heliyon
PMC11412093	39297588	comparison	2024	Journal of global health
PMC11410687	39301316	comparison	2024	Frontiers in endocrinology
PMC11409198	39297020	comparison	2024	Campbell systematic reviews
PMC12060919	39289938	comparison	2025	Current cardiology reviews
PMC11408506	39289345	comparison	2024	Translational psychiatry
PMC11404037	39285409	comparison	2024	BMC public health
PMC11399503	39282205	comparison	2024	Indian journal of microbiology
PMC11399013	39282029	comparison	2024	Gland surgery
PMC11393431	39267429	comparison	2024	Clinical cardiology
PMC11395826	39272023	comparison	2024	BMC cardiovascular disorders
PMC11398640	39269927	comparison	2024	PLOS digital health
PMC11851266	39269008	comparison	2024	Journal of the European Academy of Dermatology and Venereology : JEADV
PMC12013550	39266280	comparison	2025	BMJ evidence-based medicine
PMC11560540	39264024	comparison	2024	Academic emergency medicine : official journal of the Society for Academic Emergency Medicine
PMC11384394	39262705	comparison	2024	American journal of translational research
PMC11380562	39246972	comparison	2024	Cureus
PMC11379292	39240945	comparison	2024	PloS one
PMC11883161	39236068	comparison	2025	The oncologist
PMC11370068	39223466	comparison	2024	BMC cancer
PMC11404205	39209785	comparison	2024	BMJ open
PMC11353186	39199441	comparison	2024	Brain sciences
PMC11348224	39189270	comparison	2024	Nursing reports (Pavia, Italy)
PMC11342104	39184951	comparison	2024	Contemporary clinical trials communications
PMC11342886	39184225	comparison	2024	Ophthalmology science
PMC11343413	39178236	comparison	2024	PloS one
PMC11338929	39175806	comparison	2024	Frontiers in pediatrics
PMC11338845	39175571	comparison	2024	Frontiers in endocrinology
PMC11340077	39175026	comparison	2024	International journal of retina and vitreous
PMC11340054	39174923	comparison	2024	BMC neurology
PMC11342217	39172480	comparison	2024	JAMA oncology
PMC11333969	39165268	comparison	2024	Frontiers in neurology
PMC11334321	39164714	comparison	2024	BMC oral health
PMC11330017	39152474	comparison	2024	Journal of health, population, and nutrition
PMC11318336	39135177	comparison	2024	BMC public health
PMC11318323	39129020	comparison	2024	BMC pulmonary medicine
PMC11315852	39120631	comparison	2024	Discover oncology
PMC11306085	39118670	comparison	2024	Frontiers in medicine
PMC11404177	39117407	comparison	2024	BMJ open
PMC11304700	39114275	comparison	2024	EClinicalMedicine
PMC11298472	39104893	comparison	2024	Frontiers in public health
PMC11294177	39099669	comparison	2024	Frontiers in endocrinology
PMC11288936	39086905	comparison	2024	Frontiers in endocrinology
PMC11289819	39086843	comparison	2024	Geriatric orthopaedic surgery & rehabilitation
PMC11284566	39076827	comparison	2024	Parasite epidemiology and control
PMC11272018	39071033	comparison	2024	Journal of family medicine and primary care
PMC11278831	39064513	comparison	2024	Medicina (Kaunas, Lithuania)
PMC11266301	39050608	comparison	2024	Frontiers in public health
PMC11268069	39043598	comparison	2024	BMJ open
PMC11265714	39042621	comparison	2024	PloS one
PMC11258368	39035421	comparison	2024	Gates open research
PMC11261677	39025816	comparison	2024	BMJ open
PMC11250324	39022256	comparison	2024	Quantitative imaging in medicine and surgery
PMC11246013	39006881	comparison	2024	Metabolism open
PMC11873792	39003246	comparison	2024	European heart journal. Quality of care & clinical outcomes
PMC11231730	38988677	comparison	2024	Clinical neuropsychiatry
PMC11236149	38985751	comparison	2024	PloS one
PMC11223924	38974590	comparison	2024	Preventive nutrition and food science
PMC11227208	38971769	comparison	2024	BMC public health
PMC11227211	38970090	comparison	2024	BMC medical education
PMC11222203	38960899	comparison	2024	Clinical and experimental medicine
PMC11217688	38957624	comparison	2024	Metabolism open
PMC11218934	38954682	comparison	2024	PloS one
PMC11215295	38952364	comparison	2024	Heliyon
PMC11210781	38935684	comparison	2024	PloS one
PMC11206863	38931356	comparison	2024	Pharmaceuticals (Basel, Switzerland)
PMC11207151	38924054	comparison	2024	PloS one
PMC11201327	38918733	comparison	2024	BMC public health
PMC11172787	38893017	comparison	2024	Journal of clinical medicine
PMC11177805	38881966	comparison	2024	Plastic and reconstructive surgery. Global open
PMC11177758	38881551	comparison	2024	Frontiers in psychiatry
PMC11178933	38877062	comparison	2024	Scientific reports
PMC11170318	38873040	comparison	2024	Experimental and therapeutic medicine
PMC11170796	38867197	comparison	2024	BMC public health
PMC11165786	38862940	comparison	2024	BMC public health
PMC11157738	38849895	comparison	2024	AIDS research and therapy
PMC11157715	38849834	comparison	2024	Nutrition journal
PMC11153687	38846318	comparison	2024	Frontiers in oral health
PMC11157882	38844872	comparison	2024	BMC public health
PMC11152308	38837963	comparison	2024	PLOS global public health
PMC11149451	38835831	comparison	2024	Therapeutic advances in infectious disease
PMC11145469	38831759	comparison	2024	Progress in palliative care
PMC11148691	38829615	comparison	2024	JAMA network open
PMC11145936	38825707	comparison	2024	Journal of orthopaedic surgery and research
PMC11131276	38807156	comparison	2024	BMC oral health
PMC11272038	38805736	comparison	2024	Journal of occupational health
PMC11119247	38791939	comparison	2024	Cancers
PMC11112411	38784164	comparison	2024	Frontiers in psychiatry
PMC11111099	38779264	comparison	2024	Cureus
PMC11111029	38776343	comparison	2024	PloS one
PMC11110564	38772894	comparison	2024	BMJ open
PMC11106942	38769501	comparison	2024	BMC plant biology
PMC11106715	38767595	comparison	2024	JAMA
PMC11095012	38750593	comparison	2024	Systematic reviews
PMC11091994	38745273	comparison	2024	BMC women's health
PMC11086725	38737307	comparison	2024	Journal of the Intensive Care Society
PMC11088059	38734607	comparison	2024	BMC women's health
PMC11079214	38725468	comparison	2024	Frontiers in medicine
PMC11076824	38721351	comparison	2024	Frontiers in medicine
PMC11070506	38711978	comparison	2024	Frontiers in endocrinology
PMC11069271	38702810	comparison	2024	Trials
PMC11102375	38700665	comparison	2024	Cardiovascular toxicology
PMC11442817	38696109	comparison	2024	Journal of epidemiology and global health
PMC11086269	38692731	comparison	2024	BMJ open
PMC11061934	38689372	comparison	2024	Critical care (London, England)
PMC11057288	38670623	comparison	2024	BMJ open
PMC11043612	38665701	comparison	2024	Cureus
PMC11044043	38665590	comparison	2024	Heliyon
PMC11044590	38664625	comparison	2024	BMC pregnancy and childbirth
PMC11045077	38662634	comparison	2024	PloS one
PMC11041831	38660347	comparison	2024	Frontiers in public health
PMC11025815	38635662	comparison	2024	PloS one
PMC11022678	38633357	comparison	2024	Therapeutic advances in psychopharmacology
PMC11020180	38627826	comparison	2024	Systematic reviews
PMC11020184	38627686	comparison	2024	BMC neurology
PMC11015580	38609849	comparison	2024	BMC pregnancy and childbirth
PMC11014841	38609671	comparison	2024	Sports medicine - open
PMC11018218	38608080	comparison	2024	Medicine
PMC11008052	38605330	comparison	2024	BMC pregnancy and childbirth
PMC11004168	38594408	comparison	2024	NPJ digital medicine
PMC10999049	38591089	comparison	2024	World journal of diabetes
PMC11000361	38589811	comparison	2024	BMC pregnancy and childbirth
PMC10995879	38585034	comparison	2024	Surgery open science
PMC10999111	38584863	comparison	2024	Health services insights
PMC11487007	38573087	comparison	2024	International journal of surgery (London, England)
PMC11894807	38561468	comparison	2024	Molecular psychiatry
PMC10974159	38543794	comparison	2024	Viruses
PMC10961780	38525696	comparison	2024	Nursing reports (Pavia, Italy)
PMC10955302	38515663	comparison	2024	Heliyon
PMC10954196	38507438	comparison	2024	PloS one
PMC10948888	38499717	comparison	2024	Scientific reports
PMC10943756	38495863	comparison	2024	Digital health
PMC10980219	38489391	comparison	2024	PLoS medicine
PMC10932991	38481974	comparison	2024	Frontiers in nutrition
PMC10936832	38478528	comparison	2024	PloS one
PMC10925458	38464321	comparison	2024	Research square
PMC10921142	38463019	comparison	2024	World journal of gastroenterology
PMC10917601	38456102	comparison	2024	The Malaysian journal of medical sciences : MJMS
PMC10921480	38453204	comparison	2024	BMJ open
PMC10914946	38450253	comparison	2024	British journal of biomedical science
PMC10919027	38448992	comparison	2024	BMC medicine
PMC10914269	38442123	comparison	2024	PloS one
PMC10909987	38440384	comparison	2024	Frontiers in veterinary science
PMC10902913	38425754	comparison	2024	Frontiers in endocrinology
PMC10906656	38421688	comparison	2024	JMIR serious games
PMC10897589	38419999	comparison	2023	The Saudi dental journal
PMC10893615	38395970	comparison	2024	Virology journal
PMC11309607	38394539	comparison	2024	Medicine
PMC10883625	38394507	comparison	2024	Medicine
PMC11293223	38386614	comparison	2024	Biomolecules & biomedicine
PMC10879587	38384804	comparison	2024	Frontiers in oncology
PMC10880967	38381754	comparison	2024	PloS one
PMC10868788	38359021	comparison	2024	PloS one
PMC10865638	38355588	comparison	2024	BMC medicine
PMC10863149	38347488	comparison	2024	BMC public health
PMC10857728	38335186	comparison	2024	PloS one
PMC10850131	38333369	comparison	2024	EClinicalMedicine
PMC10852299	38330063	comparison	2024	PloS one
PMC10852247	38330039	comparison	2024	PloS one
PMC10831225	38303760	comparison	2023	F1000Research
PMC10831135	42052878	comparison	2024	International wound journal
PMC10828868	38296281	comparison	2024	BMJ open
PMC10813399	38283894	comparison	2024	Frontiers in psychiatry
PMC10822691	38283533	comparison	2023	Cureus
PMC10812914	38283314	comparison	2023	Acta stomatologica Croatica
PMC10993365	38282348	comparison	2024	Acta obstetricia et gynecologica Scandinavica
PMC10901745	38278172	comparison	2024	The Lancet. Public health
PMC10805829	38269019	comparison	2024	Frontiers in oncology
PMC10805823	38268803	comparison	2024	Frontiers in psychology
PMC10803446	38264749	comparison	2024	Frontiers in oncology
PMC10804851	38264091	comparison	2024	Frontiers in neurology
PMC10792030	38234398	comparison	2024	Frontiers in oncology
PMC10798115	38230522	comparison	2024	Therapeutic advances in respiratory disease
PMC10787475	38218779	comparison	2024	BMC public health
PMC10806619	38216197	comparison	2024	BMJ open
PMC10782611	38212714	comparison	2024	BMC medical research methodology
PMC10849990	38204354	comparison	2024	Cancer reports (Hoboken, N.J.)
PMC10896939	38197947	comparison	2024	Journal of neurology
PMC10771314	38188334	comparison	2023	Frontiers in medicine
PMC10766876	38186928	comparison	2024	Health science reports
PMC10765592	38179501	comparison	2023	Frontiers in cardiovascular medicine
PMC10773404	38176871	comparison	2024	BMJ open
PMC10762962	38167160	comparison	2024	BMC sports science, medicine & rehabilitation
PMC10759658	38166877	comparison	2024	BMC pregnancy and childbirth
PMC10807610	38164059	comparison	2024	Cancer medicine
PMC10754457	38153951	comparison	2023	PloS one
PMC10784972	38153775	comparison	2023	JMIR research protocols
PMC10752056	38146618	comparison	2023	Therapeutic advances in respiratory disease
PMC10744838	38138910	comparison	2023	Journal of personalized medicine
PMC10735185	38127870	comparison	2023	PloS one
PMC10729376	38114980	comparison	2023	BMC musculoskeletal disorders
PMC10721558	38107498	comparison	2023	Gland surgery
PMC10725607	38104110	comparison	2023	BMC cancer
PMC10720414	38099303	comparison	2023	PeerJ
PMC10913770	38096107	comparison	2024	Annals of the American Thoracic Society
PMC10718463	38091337	comparison	2023	PloS one
PMC10706392	38068922	comparison	2023	International journal of molecular sciences
PMC10696218	38059182	comparison	2023	World journal of clinical oncology
PMC11935157	40336871	comparison	2023	Precision radiation oncology
PMC10691060	38041018	comparison	2023	BMC pregnancy and childbirth
PMC10683092	38034385	comparison	2023	Frontiers in cardiovascular medicine
PMC10688894	38033118	comparison	2023	PloS one
PMC10688758	38033098	comparison	2023	PloS one
PMC10682599	38028816	comparison	2023	HRB open research
PMC10668062	38021002	comparison	2023	Brain & spine
PMC10663568	37990067	comparison	2023	Scientific reports
PMC10656938	37978447	comparison	2023	BMC gastroenterology
PMC10651027	37967092	comparison	2023	PloS one
PMC10653765	37964563	comparison	2023	Renal failure
PMC10649691	37945294	comparison	2023	BMJ open
PMC11076413	37937723	comparison	2023	Trauma, violence & abuse
PMC10626223	37937036	comparison	2023	Cureus
PMC10619852	37920591	comparison	2023	Frontiers in public health
PMC10621858	37917604	comparison	2023	PloS one
PMC10617166	37904204	comparison	2023	Journal of nanobiotechnology
PMC10613072	37901319	comparison	2023	Frontiers in oncology
PMC10607501	37892607	comparison	2023	Journal of clinical medicine
PMC10611995	37889490	comparison	2023	JAMA network open
PMC10603136	37884557	comparison	2023	Scientific reports
PMC10601241	37880643	comparison	2023	BMC infectious diseases
PMC10591670	37877136	comparison	2023	Psychology research and behavior management
PMC10582908	37848291	comparison	2023	BMJ open
PMC10566167	37817181	comparison	2023	BMC pulmonary medicine
PMC10553016	37800768	comparison	2023	Medicine
PMC10652316	37795758	comparison	2023	Cancer medicine
PMC10551944	37793922	comparison	2023	BMJ open
PMC10546134	37775294	comparison	2023	BMJ open
PMC10762752	37774046	comparison	2023	Asian Pacific journal of cancer prevention : APJCP
PMC10545389	37773824	comparison	2023	Medicine
PMC10514641	37735102	comparison	2023	BMJ open respiratory research
PMC10510921	37723112	comparison	2023	BMJ open
PMC10500557	37719418	comparison	2023	EClinicalMedicine
PMC10504664	37719161	comparison	2023	Frontiers in neuroscience
PMC10490998	37682813	comparison	2023	PloS one
PMC11748868	37682290	comparison	2023	The journal of spinal cord medicine
PMC10478094	37674902	comparison	2023	Frontiers in global women's health
PMC10478381	37667195	comparison	2023	BMC infectious diseases
PMC10473064	37663878	comparison	2023	Annals of thoracic medicine
PMC10470633	37663592	comparison	2023	Frontiers in psychiatry
PMC10469590	37663258	comparison	2023	Frontiers in pharmacology
PMC10476721	37657047	comparison	2023	Medicine
PMC10504120	37656235	comparison	2023	Breast cancer research and treatment
PMC10470775	37653776	comparison	2023	Medicine
PMC10468855	37653559	comparison	2023	Antimicrobial resistance and infection control
PMC10471882	37648380	comparison	2023	BMJ open
PMC10413819	37647433	comparison	2023	Immunity, inflammation and disease
PMC10461630	37646037	comparison	2023	Frontiers in immunology
PMC10685215	37642040	comparison	2023	Asian Pacific journal of cancer prevention : APJCP
PMC10456372	37629792	comparison	2023	Medicina (Kaunas, Lithuania)
PMC10456771	37629722	comparison	2023	Medicina (Kaunas, Lithuania)
PMC10592067	37606070	comparison	2023	The American journal of gastroenterology
PMC10441052	37597864	comparison	2023	BMJ open
PMC10418505	37570422	comparison	2023	Healthcare (Basel, Switzerland)
PMC10410509	37565026	comparison	2023	Journal of oral biology and craniofacial research
PMC10414644	37561808	comparison	2023	PloS one
PMC10444744	37552459	comparison	2023	Neurology and therapy
PMC10402722	37545742	comparison	2023	Diabetes, metabolic syndrome and obesity : targets and therapy
PMC10403030	37543781	comparison	2023	Medicine
PMC10398969	37533029	comparison	2023	Malaria journal
PMC10369767	37496077	comparison	2023	Journal of orthopaedic surgery and research
PMC10364120	37492220	comparison	2023	Frontiers in cell and developmental biology
PMC10362210	37484712	comparison	2023	Iranian journal of public health
PMC10360204	37484685	comparison	2023	Frontiers in psychiatry
PMC10362699	37481521	comparison	2023	BMC complementary medicine and therapies
PMC10358928	37471314	comparison	2023	PloS one
PMC10354976	37468923	comparison	2023	BMC medicine
PMC10357694	37468876	comparison	2023	BMC women's health
PMC10343142	37440560	comparison	2023	PloS one
PMC10697890	37439960	comparison	2023	Reviews in endocrine & metabolic disorders
PMC10331814	37434745	comparison	2023	EClinicalMedicine
PMC10327298	37420279	comparison	2023	Pilot and feasibility studies
PMC10314644	37399363	comparison	2023	Open heart
PMC10314640	37385744	comparison	2023	BMJ open
PMC10310018	37384754	comparison	2023	PloS one
PMC10296923	37370970	comparison	2023	Diagnostics (Basel, Switzerland)
PMC10410889	37369405	comparison	2023	BMJ open
PMC10285062	37360305	comparison	2023	Frontiers in nutrition
PMC10288143	37360294	comparison	2023	Frontiers in nutrition
PMC10261764	37324909	comparison	2023	Food science & nutrition
PMC10267599	37323562	comparison	2023	Metabolism open
PMC10259149	37313337	comparison	2022	Annals of neurosciences
PMC10249828	37289814	comparison	2023	PloS one
PMC10246806	37285331	comparison	2023	PloS one
PMC10239706	37284366	comparison	2023	Cureus
PMC10254608	37280036	comparison	2023	BMJ open
PMC10241722	37272509	comparison	2023	The Cochrane database of systematic reviews
PMC10242631	37269787	comparison	2023	Clinics (Sao Paulo, Brazil)
PMC10234567	37262079	comparison	2023	PloS one
PMC10225408	37255815	comparison	2022	Journal of diabetes and metabolic disorders
PMC10192774	37215922	comparison	2023	Heliyon
PMC10189844	37206057	comparison	2023	Therapeutic advances in infectious disease
PMC10191283	37195933	comparison	2023	PloS one
PMC10193180	37195664	comparison	2023	JAMA network open
PMC10104416	37193414	comparison	2022	Sleep advances : a journal of the Sleep Research Society
PMC10242657	37191384	comparison	2023	Cancer reports (Hoboken, N.J.)
PMC10185672	37188714	comparison	2023	Schizophrenia (Heidelberg, Germany)
PMC10151844	37185645	comparison	2023	BMJ open
PMC10203377	37171900	comparison	2023	Interdisciplinary cardiovascular and thoracic surgery
PMC10163180	37159736	comparison	2023	Journal of environmental health science & engineering
PMC10163664	37159717	comparison	2023	Heliyon
PMC10163603	37159687	comparison	2023	Heliyon
PMC10161615	37151714	comparison	2023	Heliyon
PMC10764583	37145255	comparison	2023	Biological trace element research
PMC10160871	37140919	comparison	2023	JAMA network open
PMC10133748	37123939	comparison	2023	Heliyon
PMC10147364	37118692	comparison	2023	BMC urology
PMC10134003	37099293	comparison	2023	JAMA network open
PMC10131310	37098519	comparison	2023	BMC oral health
PMC10123579	37095536	comparison	2023	Infectious diseases of poverty
PMC10119507	37089342	comparison	2023	Heliyon
PMC10124284	37085313	comparison	2023	BMJ open
PMC10389510	37073540	comparison	2023	International journal of surgery (London, England)
PMC10234782	37073138	comparison	2023	Thoracic cancer
PMC10124266	37072362	comparison	2023	BMJ open
PMC10499083	37071455	comparison	2023	Clinical orthopaedics and related research
PMC10134313	37056174	comparison	2023	BJPsych open
PMC10096105	37046030	comparison	2023	AIDS and behavior
PMC10502262	37042301	comparison	2023	International wound journal
PMC10086090	37037955	comparison	2023	The Journal of the Egyptian Public Health Association
PMC10073650	37035139	comparison	2023	Frontiers in oncology
PMC10077784	37032687	comparison	2023	Saudi journal of anaesthesia
PMC10068991	37021289	comparison	2023	Health services research and managerial epidemiology
PMC10083796	37019479	comparison	2023	BMJ open
PMC10139686	37014692	comparison	2023	JMIR research protocols
PMC10040782	36993905	comparison	2023	Frontiers in aging neuroscience
PMC10061949	36991444	comparison	2023	World journal of emergency surgery : WJES
PMC10676048	36988330	comparison	2023	International journal of stroke : official journal of the International Stroke Society
PMC10057806	36975880	comparison	2023	Journal of cardiovascular development and disease
PMC10032528	36962975	comparison	2023	PLOS global public health
PMC10310611	36952146	comparison	2023	Journal of assisted reproduction and genetics
PMC10035151	36949391	comparison	2023	BMC geriatrics
PMC10030018	36943836	comparison	2023	PLoS medicine
PMC10022591	36938381	comparison	2022	Gastro hep advances
PMC10014526	36936150	comparison	2023	Frontiers in endocrinology
PMC10030931	36927594	comparison	2023	BMJ open
PMC10131777	36917145	comparison	2023	Journal of medical Internet research
PMC9246293	36913195	comparison	2022	Campbell systematic reviews
PMC10002029	36901164	comparison	2023	International journal of environmental research and public health
PMC9993609	36890575	comparison	2023	BMC medical genomics
PMC9983460	36874515	comparison	2023	Indian journal of psychiatry
PMC10159975	36847813	comparison	2023	World journal of urology
PMC9950748	36844747	comparison	2023	Frontiers in cardiovascular medicine
PMC9941426	36824236	comparison	2023	Iranian journal of public health
PMC11256723	39035193	comparison	2023	Journal of the National Cancer Center
PMC9937938	36820141	comparison	2023	Dental research journal
PMC9932529	36816549	comparison	2023	Frontiers in neurology
PMC9948355	36814249	comparison	2023	BMC gastroenterology
PMC9946199	36812222	comparison	2023	PloS one
PMC9946265	36812192	comparison	2023	PloS one
PMC9936000	36800608	comparison	2023	Medicine
PMC9903603	36778929	comparison	2022	Lancet regional health. Americas
PMC9908959	36776981	comparison	2023	Frontiers in physiology
PMC9910608	36776847	comparison	2023	Frontiers in immunology
PMC9917758	36769892	comparison	2023	Journal of clinical medicine
PMC9903134	36761956	comparison	2023	Frontiers in oncology
PMC9902141	36756038	comparison	2023	Evidence-based complementary and alternative medicine : eCAM
PMC9893398	36743525	comparison	2023	Therapeutic advances in medical oncology
PMC9874692	36714564	comparison	2023	Frontiers in endocrinology
PMC9879742	36703019	comparison	2023	Quality of life research : an international journal of quality of life aspects of treatment, care and rehabilitation
PMC9868276	36698895	comparison	2023	Frontiers in neurology
PMC9462108	36691210	comparison	2022	BMJ open
PMC9845718	36687697	comparison	2023	Frontiers in nutrition
PMC9850868	36687559	comparison	2023	World journal of transplantation
PMC9853394	36686798	comparison	2023	Frontiers in oncology
PMC9858841	36662896	comparison	2023	PloS one
PMC9834877	36655084	comparison	2022	Food science & nutrition
PMC9840985	36641767	comparison	2023	Sports medicine - open
PMC9827575	36632125	comparison	2022	World journal of gastrointestinal surgery
PMC9813386	36619627	comparison	2022	Frontiers in medicine
PMC9821587	36614817	comparison	2022	Journal of clinical medicine
PMC9822966	36609438	comparison	2023	Scientific reports
PMC9827252	36604133	comparison	2023	BMJ open
PMC9815633	36602999	comparison	2023	PloS one
PMC9806138	36601482	comparison	2022	Frontiers in oncology
PMC9806355	36600940	comparison	2022	Frontiers in public health
PMC9813405	36600479	comparison	2023	Journal of the International AIDS Society
PMC9815046	36599636	comparison	2023	BMJ open
PMC9803143	36584036	comparison	2022	PloS one
PMC9697903	36579615	comparison	2022	Journal of personalized medicine
PMC10928812	38476294	comparison	2022	Liver cancer
PMC9794072	36574380	comparison	2022	PloS one
PMC9767811	36561711	comparison	2022	One health (Amsterdam, Netherlands)
PMC9784491	36560493	comparison	2022	Vaccines
PMC9773456	36544179	comparison	2022	BMC oral health
PMC9847609	36542540	comparison	2022	Brain and behavior
PMC9830404	36533669	comparison	2022	European journal of translational myology
PMC9755193	36532736	comparison	2022	Frontiers in pharmacology
PMC9746194	36514059	comparison	2022	Implementation science : IS
PMC9974869	36512906	comparison	2022	Clinical psychology review
PMC10256885	36507916	comparison	2023	Nicotine & tobacco research : official journal of the Society for Research on Nicotine and Tobacco
PMC9832230	36495167	comparison	2022	Journal of clinical hypertension (Greenwich, Conn.)
PMC9720603	36478829	comparison	2022	Heliyon
PMC9704975	36451461	comparison	2022	Medicine
PMC9686835	36439677	comparison	2022	Frontiers in aging
PMC9691458	36438063	comparison	2022	Frontiers in medicine
PMC9700273	36434877	comparison	2022	Clinics (Sao Paulo, Brazil)
PMC9816214	36427170	comparison	2022	European journal of clinical microbiology & infectious diseases : official publication of the European Society of Clinical Microbiology
PMC9675093	36425270	comparison	2022	International journal of endocrinology and metabolism
PMC9683558	36417408	comparison	2022	PloS one
PMC9669980	36408038	comparison	2022	Frontiers in public health
PMC9667405	36406652	comparison	2022	JGH open : an open access journal of gastroenterology and hepatology
PMC9971532	36403159	comparison	2022	Journal of general internal medicine
PMC9678537	36401382	comparison	2022	Medicine
PMC9673303	36401252	comparison	2022	BMC women's health
PMC9651186	36393825	comparison	2022	Advanced biomedical research
PMC9663897	36387524	comparison	2022	Heliyon
PMC9647266	36385791	comparison	2022	SAGE open medicine
PMC9647267	36385789	comparison	2022	SAGE open medicine
PMC9665367	36378630	comparison	2022	PloS one
PMC9877974	36367322	comparison	2022	European journal of pain (London, England)
PMC9694715	36366337	comparison	2022	Vaccines
PMC9686905	36358577	comparison	2022	Antioxidants (Basel, Switzerland)
PMC9639714	36353345	comparison	2022	Journal of research in medical sciences : the official journal of Isfahan University of Medical Sciences
PMC9644358	36344107	comparison	2022	Open heart
PMC9635097	36329458	comparison	2022	World journal of surgical oncology
PMC9618721	36324815	comparison	2022	Frontiers in pediatrics
PMC8805585	36321557	comparison	2022	The Cochrane database of systematic reviews
PMC9628666	36319056	comparison	2022	BMJ open
PMC9622593	36316864	comparison	2022	Medicine
PMC9581052	36303795	comparison	2021	Frontiers in bioinformatics
PMC9599650	36291609	comparison	2022	Biomolecules
PMC9605027	36288349	comparison	2022	PloS one
PMC9583538	36276344	comparison	2022	Frontiers in public health
PMC9586197	36269562	comparison	2022	The Cochrane database of systematic reviews
PMC9578863	36267460	comparison	2022	Disease markers
PMC9559366	36259006	comparison	2022	Cureus
PMC9576083	36251715	comparison	2022	PloS one
PMC9565976	36248575	comparison	2022	Frontiers in psychology
PMC9550532	36238582	comparison	2022	Resuscitation plus
PMC9562307	36229145	comparison	2022	BMJ open
PMC9552480	36221048	comparison	2022	BMC neurology
PMC9534706	36213460	comparison	2022	Cardiology research and practice
PMC9536964	36213199	comparison	2022	International journal of endocrinology
PMC9828427	36209385	comparison	2022	Psycho-oncology
PMC9532104	36203482	comparison	2022	BioMed research international
PMC9521410	36187136	comparison	2022	Frontiers in endocrinology
PMC9526959	36182910	comparison	2022	AIDS research and therapy
PMC9513144	36176340	comparison	2022	Frontiers in surgery
PMC9511725	36163002	comparison	2022	BMC endocrine disorders
PMC9489364	36160289	comparison	2022	International journal of clinical practice
PMC9501062	36143101	comparison	2022	Journal of clinical medicine
PMC9490577	36127094	comparison	2022	BMJ open
PMC9828682	36125975	comparison	2022	Basic & clinical pharmacology & toxicology
PMC9486175	36123099	comparison	2022	BMJ open
PMC9478842	36109031	comparison	2022	BMJ open
PMC9453095	36105787	comparison	2022	International journal of clinical practice
PMC9476114	36104132	comparison	2022	BMJ open
PMC9473393	36103491	comparison	2022	PloS one
PMC9447682	36082216	comparison	2022	Frontiers in physiology
PMC9457433	36078955	comparison	2022	Journal of clinical medicine
PMC9581335	36071533	comparison	2022	Systematic reviews
PMC13134557	36070591	comparison	2022	Journal of integrative and complementary medicine
PMC9445465	36062751	comparison	2022	Women's health (London, England)
PMC9439908	36060665	comparison	2022	Computational and mathematical methods in medicine
PMC9433829	36059843	comparison	2022	Frontiers in medicine
PMC9787755	36039688	comparison	2022	European journal of clinical investigation
PMC9399472	36033362	comparison	2022	Contemporary clinical trials communications
PMC9415365	36032949	comparison	2022	PeerJ
PMC9420284	36030232	comparison	2022	Infectious agents and cancer
PMC9422889	36028276	comparison	2022	BMJ open
PMC9422829	36028263	comparison	2022	BMJ open
PMC9385733	35996746	comparison	2022	European journal of radiology open
PMC9375835	35978734	comparison	2022	Cureus
PMC9379528	35961694	comparison	2022	Open heart
PMC9358685	35959295	comparison	2022	Frontiers in aging neuroscience
PMC9360883	35958452	comparison	2022	American journal of translational research
PMC9368384	35954653	comparison	2022	International journal of environmental research and public health
PMC9367127	35953857	comparison	2022	BMC public health
PMC9379503	35948345	comparison	2022	BMJ global health
PMC9351928	35945755	comparison	2022	Medicine
PMC9361699	35945508	comparison	2022	BMC geriatrics
PMC9354550	35937593	comparison	2022	Frontiers in surgery
PMC9288403	35936544	comparison	2022	Iranian journal of public health
PMC9355302	35935658	comparison	2022	Frontiers in cardiovascular medicine
PMC9939166	35933720	comparison	2022	Cancer medicine
PMC9355219	35930592	comparison	2022	PloS one
PMC9518975	35921430	comparison	2022	Microbial biotechnology
PMC9341104	35915400	comparison	2022	BMC pregnancy and childbirth
PMC9333487	35905232	comparison	2022	Medicine
PMC9333449	35901123	comparison	2022	PloS one
PMC9333251	35901063	comparison	2022	PloS one
PMC9318282	35890035	comparison	2022	Pathogens (Basel, Switzerland)
PMC9315931	35885888	comparison	2022	Genes
PMC9318974	35884516	comparison	2022	Cancers
PMC9896545	35867343	comparison	2022	Perspectives on psychological science : a journal of the Association for Psychological Science
PMC9340323	35861299	comparison	2022	Therapeutic advances in respiratory disease
PMC9289357	35850660	comparison	2022	BMC neurology
PMC9349639	35844087	comparison	2022	The journal of obstetrics and gynaecology research
PMC9283852	35840989	comparison	2022	Diabetology & metabolic syndrome
PMC9295640	35840299	comparison	2022	BMJ open
PMC9242555	35837521	comparison	2022	Rand health quarterly
PMC9272181	35832654	comparison	2022	Global pediatric health
PMC9266181	35805233	comparison	2022	International journal of environmental research and public health
PMC9259149	35801760	comparison	2022	Medicine
PMC9203242	35801143	comparison	2022	International journal of clinical practice
PMC10087877	35796034	comparison	2022	Research synthesis methods
PMC9467941	35790561	comparison	2022	Journal of neurology
PMC9255735	35788577	comparison	2022	PloS one
PMC9239659	35776992	comparison	2022	Medicine
PMC9239615	35776984	comparison	2022	Medicine
PMC9246177	35771884	comparison	2022	PloS one
PMC9240873	35768104	comparison	2022	BMJ open
PMC9243575	35762736	comparison	2022	Therapeutic advances in cardiovascular disease
PMC9235282	35754052	comparison	2022	Systematic reviews
PMC10676050	35751144	comparison	2022	Personality & social psychology bulletin
PMC9189872	35747173	comparison	2022	EClinicalMedicine
PMC9226934	35732386	comparison	2022	BMJ open
PMC9201368	35720257	comparison	2022	Health services research and managerial epidemiology
PMC9196831	35712857	comparison	2022	Journal of global health
PMC9200791	35705655	comparison	2022	Scientific reports
PMC9204451	35705341	comparison	2022	BMJ open
PMC9187119	35687581	comparison	2022	PloS one
PMC9159204	35685559	comparison	2022	International journal of clinical practice
PMC9185397	35680261	comparison	2022	BMJ open
PMC9164255	35669073	comparison	2022	Frontiers in nutrition
PMC9171196	35667735	comparison	2022	BMJ open
PMC9150040	35663292	comparison	2022	World journal of psychiatry
PMC9165773	35657814	comparison	2022	PloS one
PMC9206205	35657654	comparison	2022	JMIR mHealth and uHealth
PMC9149577	35651788	comparison	2022	Frontiers in oncology
PMC9154112	35639675	comparison	2022	PloS one
PMC9110010	35617829	comparison	2022	Journal of infection and public health
PMC9131110	35613793	comparison	2022	BMJ open
PMC9385757	35612665	comparison	2022	Supportive care in cancer : official journal of the Multinational Association of Supportive Care in Cancer
PMC9111517	35592678	comparison	2022	Frontiers in oncology
PMC9186777	35585021	comparison	2022	Aging
PMC9114967	35577469	comparison	2022	BMJ open
PMC9094407	35572269	comparison	2022	Frontiers in psychology
PMC9092448	35570912	comparison	2022	Frontiers in public health
PMC9101149	35566654	comparison	2022	Journal of clinical medicine
PMC9081518	35548179	comparison	2022	Journal of research in medical sciences : the official journal of Isfahan University of Medical Sciences
PMC9096548	35545384	comparison	2022	BMJ open
PMC9071101	35542386	comparison	2022	Current developments in nutrition
PMC9092176	35537794	comparison	2022	BMJ open
PMC9084529	35533182	comparison	2022	PloS one
PMC9071870	35528240	comparison	2022	Journal of oncology
PMC9083420	35523496	comparison	2022	BMJ open
PMC9015924	35519918	comparison	2022	Indian journal of critical care medicine : peer-reviewed, official publication of Indian Society of Critical Care Medicine
PMC9065341	35517802	comparison	2022	Frontiers in pharmacology
PMC10284974	35513742	comparison	2022	Clinical and experimental medicine
PMC9086695	35512751	comparison	2022	Yonsei medical journal
PMC9059364	35501921	comparison	2022	Journal of ovarian research
PMC9043759	35493822	comparison	2022	Frontiers in neurology
PMC9053840	35488169	comparison	2022	Neurocritical care
PMC9049344	35482750	comparison	2022	PloS one
PMC10240654	35482522	comparison	2022	Trauma, violence & abuse
PMC9035697	35479946	comparison	2022	Frontiers in medicine
PMC9017946	35439251	comparison	2022	PloS one
PMC9010089	35433217	comparison	2022	Endoscopy international open
PMC9009329	35433133	comparison	2022	PeerJ
PMC9006361	35433001	comparison	2022	SAGE open medicine
PMC9002324	35425878	comparison	2022	Frontiers in research metrics and analytics
PMC9276449	35421065	comparison	2022	Medicine
PMC8995566	35419285	comparison	2022	Frontiers in oncology
PMC9006504	35418163	comparison	2022	Archives of public health = Archives belges de sante publique
PMC8986277	35413655	comparison	2022	The American journal of emergency medicine
PMC9002681	35406041	comparison	2022	Nutrients
PMC8979611	35399617	comparison	2022	One health (Amsterdam, Netherlands)
PMC9020723	35395003	comparison	2022	PLoS neglected tropical diseases
PMC8985274	35387582	comparison	2022	BMC medical research methodology
PMC8985373	35382870	comparison	2022	Systematic reviews
PMC8979439	35377904	comparison	2022	PloS one
PMC9282126	35363209	comparison	2022	Medicine
PMC8962835	35360017	comparison	2022	Frontiers in cardiovascular medicine
PMC8959917	35356300	comparison	2022	Frontiers in aging neuroscience
PMC8931621	35347916	comparison	2021	Zhejiang da xue xue bao. Yi xue ban = Journal of Zhejiang University. Medical sciences
PMC8987953	35319479	comparison	2022	Journal of medical Internet research
PMC8907792	35310561	comparison	2022	Food science of animal resources
PMC8922230	35299763	comparison	2022	Frontiers in nutrition
PMC8926281	35294487	comparison	2022	PloS one
PMC9691824	35292534	comparison	2022	BMJ evidence-based medicine
PMC8907134	35282434	comparison	2022	Frontiers in endocrinology
PMC9554073	35277454	comparison	2022	Heart (British Cardiac Society)
PMC8919464	35277412	comparison	2022	BMJ open
PMC8910979	35268394	comparison	2022	Journal of clinical medicine
PMC8905839	35260122	comparison	2022	BMC oral health
PMC10939341	38665142	comparison	2022	Psychoradiology
PMC9924277	37091096	comparison	2022	Implementation research and practice
PMC9609511	35220801	comparison	2022	Global spine journal
PMC8883282	35217542	comparison	2022	BMJ open
PMC8879485	35215468	comparison	2022	Nutrients
PMC8854640	35185644	comparison	2022	Frontiers in psychiatry
PMC8842379	35185366	comparison	2022	Transplant international : official journal of the European Society for Organ Transplantation
PMC8852766	35173010	comparison	2022	BMJ open
PMC8956284	35171096	comparison	2022	eLife
PMC8558105	35158468	comparison	2021	Multiple sclerosis and related disorders
PMC8845316	35149577	comparison	2022	BMJ open
PMC8831686	35148704	comparison	2022	BMC public health
PMC8830084	35144551	comparison	2022	BMC infectious diseases
PMC8818241	35125101	comparison	2022	BMC medical research methodology
PMC9303558	35119773	comparison	2022	ANZ journal of surgery
PMC8792469	35118371	comparison	2022	European journal of obstetrics & gynecology and reproductive biology: X
PMC8799125	35116362	comparison	2021	Translational cancer research
PMC9360263	35112281	comparison	2022	Journal of general internal medicine
PMC8802690	35111781	comparison	2022	Frontiers in medicine
PMC8812134	35109819	comparison	2022	BMC public health
PMC8845466	35083847	comparison	2022	Journal of clinical hypertension (Greenwich, Conn.)
PMC8785217	35083157	comparison	2022	Frontiers in oncology
PMC8785278	35083043	comparison	2022	SAGE open medicine
PMC8796231	35078852	comparison	2022	BMJ open
PMC8782189	35075418	comparison	2021	Anesthesiology and pain medicine
PMC8788311	35074824	comparison	2022	BMJ open
PMC8772636	35060503	comparison	2022	Medicine
PMC8775496	35055642	comparison	2022	International journal of environmental research and public health
PMC8647582	35047697	comparison	2021	BMJ open science
PMC8761621	35046930	comparison	2022	Frontiers in immunology
PMC8794272	35030167	comparison	2022	PLoS neglected tropical diseases
PMC8758073	35025959	comparison	2022	PloS one
PMC8743370	35017772	comparison	2022	Iranian journal of medical sciences
PMC8751557	35015359	comparison	2022	World psychiatry : official journal of the World Psychiatric Association (WPA)
PMC9539909	34981574	comparison	2022	Conservation biology : the journal of the Society for Conservation Biology
PMC8841706	34970851	comparison	2021	Thoracic cancer
PMC8690240	34950573	comparison	2021	Frontiers in oncology
PMC8692054	34950514	comparison	2021	International journal of hypertension
PMC8691291	34950321	comparison	2020	Journal of atrial fibrillation
PMC8677930	34918672	comparison	2021	Medicine
PMC8665406	34917909	comparison	2021	EClinicalMedicine
PMC8672941	34910295	comparison	2021	The Cochrane database of systematic reviews
PMC8670261	34903261	comparison	2021	Diabetology & metabolic syndrome
PMC8630338	34900784	comparison	2021	Journal of diabetes and metabolic disorders
PMC8628782	34898553	comparison	2021	Current oncology (Toronto, Ont.)
PMC8645797	34881269	comparison	2021	Frontiers in medicine
PMC8640980	34844482	comparison	2021	Women's health (London, England)
PMC8610798	34824887	comparison	2021	American journal of blood research
PMC8603904	34799779	comparison	2021	Clinical and experimental medicine
PMC8591221	34790122	comparison	2021	Frontiers in pharmacology
PMC8607539	34781810	comparison	2021	Expert review of endocrinology & metabolism
PMC8886282	34766419	comparison	2021	International journal of methods in psychiatric research
PMC8671800	34758198	comparison	2021	Brain and behavior
PMC8560959	34754756	comparison	2021	Internet interventions
PMC8552784	34754627	comparison	2021	PeerJ
PMC8671898	34741433	comparison	2021	Thoracic cancer
PMC8558815	34734094	comparison	2021	Orthopaedic journal of sports medicine
PMC8653307	34730232	comparison	2021	Acta obstetricia et gynecologica Scandinavica
PMC8561875	34724889	comparison	2021	BMC geriatrics
PMC8556961	34717606	comparison	2021	BMC musculoskeletal disorders
PMC8377585	34692175	comparison	2021	Public health reviews
PMC10978116	38549742	comparison	2021	American heart journal plus : cardiology research and practice
PMC8527161	34666998	comparison	2021	BMJ open
PMC8524993	34666681	comparison	2021	BMC anesthesiology
PMC8496961	34653783	comparison	2021	Nurse education in practice
PMC8515712	34649591	comparison	2021	Journal of orthopaedic surgery and research
PMC8513520	34645600	comparison	2021	BMJ (Clinical research ed.)
PMC8496039	34620197	comparison	2021	Radiation oncology (London, England)
PMC9482879	34611322	comparison	2021	Gene therapy
PMC8483832	34596166	comparison	2021	Medicine
PMC8452798	34585125	comparison	2021	EClinicalMedicine
PMC8470048	34575076	comparison	2021	Life (Basel, Switzerland)
PMC8467014	34563265	comparison	2021	Genes and environment : the official journal of the Japanese Environmental Mutagen Society
PMC8458376	34548355	comparison	2021	BMJ open
PMC8563159	34545707	comparison	2021	Thoracic cancer
PMC8314345	34542449	comparison	2021	European journal of investigation in health, psychology and education
PMC8409208	34540962	comparison	2021	World journal of clinical cases
PMC8449462	34537079	comparison	2021	Archives of public health = Archives belges de sante publique
PMC8447778	34535186	comparison	2021	Archives of public health = Archives belges de sante publique
PMC8438405	34531824	comparison	2021	Frontiers in endocrinology
PMC8437664	34526854	comparison	2021	Mediators of inflammation
PMC8174800	34523256	comparison	2021	Clinical and translational allergy
PMC8438846	34518261	comparison	2021	BMJ open
PMC8426634	34512302	comparison	2021	Frontiers in neurorobotics
PMC8654256	34510106	comparison	2022	Journal of immunotherapy (Hagerstown, Md. : 1997)
PMC8433348	34508075	comparison	2021	NPJ breast cancer
PMC8419415	34497575	comparison	2021	Frontiers in neurology
PMC8747483	34491939	comparison	2022	Clinical orthopaedics and related research
PMC8417431	34490188	comparison	2021	Frontiers in public health
PMC8416500	34490091	comparison	2021	Frontiers in oncology
PMC8408549	34485663	comparison	2021	JPRAS open
PMC8407258	34484350	comparison	2021	Journal of contemporary brachytherapy
PMC8414804	34483963	comparison	2021	Frontiers in physiology
PMC8404645	34471512	comparison	2021	Therapeutic advances in chronic disease
PMC8387759	34471459	comparison	2021	The World Allergy Organization journal
PMC10391062	34464209	comparison	2021	Journal of managed care & specialty pharmacy
PMC8405021	34460837	comparison	2021	PloS one
PMC8795232	34427147	comparison	2021	Journal of cerebral blood flow and metabolism : official journal of the International Society of Cerebral Blood Flow and Metabolism
PMC8541988	34406595	comparison	2021	Cancer causes & control : CCC
PMC8341337	34397807	comparison	2021	Medicine
PMC8363863	34390479	comparison	2021	Journal of nephrology
PMC8361642	34389062	comparison	2021	Global health research and policy
PMC8343252	34386744	comparison	2021	EClinicalMedicine
PMC8359074	34384485	comparison	2021	Systematic reviews
PMC8356167	34376446	comparison	2021	BMJ open
PMC8354264	34376442	comparison	2021	BMJ open
PMC8343347	34362325	comparison	2021	BMC pregnancy and childbirth
PMC8345858	34358263	comparison	2021	PloS one
PMC8319860	34354312	comparison	2021	Bulletin of the World Health Organization
PMC8293848	34350006	comparison	2021	Canadian journal of kidney health and disease
PMC8820437	34348314	comparison	2021	Intervirology
PMC8323350	34326055	comparison	2021	BMJ open
PMC8320195	34321040	comparison	2021	Reproductive health
PMC8319830	34319365	comparison	2021	JAMA psychiatry
PMC8419761	34308567	comparison	2021	Cancer medicine
PMC8257930	34308310	comparison	2021	EClinicalMedicine
PMC8282398	34307644	comparison	2021	International journal of chronic diseases
PMC8295978	34294147	comparison	2021	Journal of intensive care
PMC8276060	34267795	comparison	2021	Environmental research letters : ERL [Web site]
PMC8284707	34260548	comparison	2021	Medicine
PMC8260505	34256241	comparison	2021	Advances in medical sciences
PMC8264458	34250044	comparison	2021	Frontiers in cardiovascular medicine
PMC8265205	34248747	comparison	2021	Frontiers in psychology
PMC8270596	34232190	comparison	2021	Medicine
PMC8268164	34206864	comparison	2021	Journal of clinical medicine
PMC8191241	34188638	comparison	2021	Saudi journal of anaesthesia
PMC8220077	34179136	comparison	2021	Frontiers in cardiovascular medicine
PMC8222810	34177776	comparison	2021	Frontiers in neurology
PMC8232519	34170953	comparison	2021	PloS one
PMC8215447	34163491	comparison	2021	Frontiers in immunology
PMC8220455	34158290	comparison	2021	BMJ open
PMC8223940	34142676	comparison	2021	La Medicina del lavoro
PMC8335822	34128354	comparison	2021	Cancer medicine
PMC8189616	34124603	comparison	2021	Cardiovascular endocrinology & metabolism
PMC9754927	34118786	comparison	2021	Heart & lung : the journal of critical care
PMC8164427	34104290	comparison	2021	The Pan African medical journal
PMC8185489	34103009	comparison	2021	BMC medical research methodology
PMC8222877	34096034	comparison	2021	Acta obstetricia et gynecologica Scandinavica
PMC8176404	34093840	comparison	2021	Journal of Cancer
PMC8174505	34083227	comparison	2021	BMJ open gastroenterology
PMC8229134	34071695	comparison	2021	Diagnostics (Basel, Switzerland)
PMC8198990	34070881	comparison	2021	International journal of environmental research and public health
PMC8125808	34066674	comparison	2021	Journal of clinical medicine
PMC8160971	34065451	comparison	2021	Biomedicines
PMC8137890	34026886	comparison	2021	Frontiers in veterinary science
PMC8356278	37131927	comparison	2021	Campbell systematic reviews
PMC9710258	36457979	comparison	2021	Archives of medical science : AMS
PMC8144050	34020976	comparison	2021	BMJ open
PMC8107741	34012786	comparison	2021	Translational lung cancer research
PMC8107617	34012630	comparison	2021	Journal of gastrointestinal oncology
PMC8118127	33996936	comparison	2021	Frontiers in cardiovascular medicine
PMC8086717	33981478	comparison	2021	Tremor and other hyperkinetic movements (New York, N.Y.)
PMC8107272	33981259	comparison	2021	Frontiers in psychiatry
PMC7301659	33959192	comparison	2020	Journal of the renin-angiotensin-aldosterone system : JRAAS
PMC8060079	33954170	comparison	2021	BioMed research international
PMC8690595	33939956	comparison	2021	The Lancet. Global health
PMC8085254	33937289	comparison	2021	Frontiers in medicine
PMC8167716	33917520	comparison	2021	Current oncology (Toronto, Ont.)
PMC8085375	33902358	comparison	2021	Technology in cancer research & treatment
PMC8052182	33897305	comparison	2021	TheScientificWorldJournal
PMC8408310	33890288	comparison	2021	The Cochrane database of systematic reviews
PMC8058062	33879774	comparison	2021	Translational psychiatry
PMC8057587	33878126	comparison	2021	PloS one
PMC7994473	33867708	comparison	2020	Indian journal of clinical biochemistry : IJCB
PMC8051985	33847656	comparison	2021	Medicine
PMC8119822	33835731	comparison	2021	Brain and behavior
PMC8087456	33831928	comparison	2021	Obstetrics and gynecology
PMC8143968	33819967	comparison	2021	Zhongguo fei ai za zhi = Chinese journal of lung cancer
PMC8017804	33794909	comparison	2021	Reproductive biology and endocrinology : RB&E
PMC8016083	33789852	comparison	2021	BMJ open
PMC7991837	33777732	comparison	2021	Frontiers in oncology
PMC7966874	33767801	comparison	2021	The World Allergy Organization journal
PMC8182778	33759745	comparison	2021	Deutsches Arzteblatt international
PMC7974529	33753994	comparison	2021	Journal of Cancer
PMC7952180	33747096	comparison	2021	Journal of tropical medicine
PMC7978365	33740002	comparison	2021	PloS one
PMC7959222	33712523	comparison	2021	BMJ open
PMC7952474	33704610	comparison	2021	The ultrasound journal
PMC8516770	33694077	comparison	2021	Behavior research methods
PMC7944546	33682495	comparison	2021	The Journal of international medical research
PMC7910053	33680424	comparison	2021	Journal of thyroid research
PMC7923824	33648597	comparison	2021	Clinical diabetes and endocrinology
PMC7890316	33613766	comparison	2021	Journal of Cancer
PMC7899907	33607862	comparison	2021	Medicine
PMC7918394	33594864	comparison	2021	Brazilian journal of cardiovascular surgery
PMC7979486	33581247	comparison	2021	Brain, behavior, and immunity
PMC7881148	33580106	comparison	2021	Scientific reports
PMC7870685	33575267	comparison	2021	Frontiers in medicine
PMC8353004	33568390	comparison	2021	The British journal of ophthalmology
PMC7869485	33557766	comparison	2021	BMC pregnancy and childbirth
PMC7837888	33546016	comparison	2021	Medicine
PMC7837836	33546009	comparison	2021	Medicine
PMC8498018	33539699	comparison	2021	Clinical and experimental pediatrics
PMC7857626	33534830	comparison	2021	PloS one
PMC7852089	33531050	comparison	2021	Maternal health, neonatology and perinatology
PMC7852942	33526503	comparison	2021	BMJ open
PMC7849146	33522949	comparison	2021	Tropical diseases, travel medicine and vaccines
PMC7838157	33521020	comparison	2021	Frontiers in medicine
PMC7843735	33520867	comparison	2020	Journal of diabetes and metabolic disorders
PMC7809662	33511178	comparison	2021	World journal of clinical cases
PMC7841910	33509305	comparison	2021	Tropical medicine and health
PMC7811423	33505222	comparison	2021	Mediators of inflammation
PMC7840047	33503050	comparison	2021	PloS one
PMC7875686	33502327	comparison	2021	JMIR research protocols
PMC7912587	33498688	comparison	2021	Vaccines
PMC8417015	33492550	comparison	2021	European journal of epidemiology
PMC7804986	33490934	comparison	2020	JHEP reports : innovation in hepatology
PMC7817852	33489910	comparison	2021	Frontiers in oncology
PMC7820696	33489874	comparison	2021	Frontiers in oncology
PMC7824931	33485299	comparison	2021	Environmental health and preventive medicine
PMC7940278	33483761	comparison	2021	Diabetologia
PMC7821475	33482883	comparison	2021	Trials
PMC7816346	33472653	comparison	2021	Reproductive biology and endocrinology : RB&E
PMC7813983	33469422	comparison	2021	Frontiers in human neuroscience
PMC7846123	33465076	comparison	2021	PLoS neglected tropical diseases
PMC7827691	33435383	comparison	2021	Marine drugs
PMC7793444	33429808	comparison	2021	Medicine
PMC7793803	33425758	comparison	2020	Frontiers in oncology
PMC7786931	33407775	comparison	2021	Systematic reviews
PMC7784329	33397403	comparison	2021	The international journal of behavioral nutrition and physical activity
PMC7777267	33388090	comparison	2021	Maternal health, neonatology and perinatology
PMC7780720	33380477	comparison	2020	BMJ open
PMC7780419	33380413	comparison	2020	BMJ global health
PMC7778773	33376163	comparison	2020	BMJ open
PMC7832677	33376008	comparison	2020	Journal of the Formosan Medical Association = Taiwan yi zhi
PMC7877470	33355289	comparison	2021	eNeuro
PMC7769322	33350719	comparison	2020	Medicine
PMC7727417	33344004	comparison	2020	International journal of sports physical therapy
PMC7738024	33327349	comparison	2020	Medicine
PMC7738071	33327292	comparison	2020	Medicine
PMC7736351	33318608	comparison	2020	Scientific reports
PMC7735615	33315904	comparison	2020	PloS one
PMC7725412	33312801	comparison	2020	Cureus
PMC7718054	33294453	comparison	2020	BioMed research international
PMC7725092	33293395	comparison	2020	BMJ open
PMC7653817	33292564	comparison	2020	Archives of public health = Archives belges de sante publique
PMC7717727	33285715	comparison	2020	Medicine
PMC7955384	33283576	comparison	2020	Journal of the American Heart Association
PMC7716193	33270124	comparison	2020	JAMA network open
PMC7710242	33235119	comparison	2020	Medicine
PMC7667083	33224856	comparison	2020	Gland surgery
PMC7678182	33218342	comparison	2020	Reproductive biology and endocrinology : RB&E
PMC7678214	33213434	comparison	2020	Reproductive health
PMC8366609	33200689	comparison	2020	The Journal of manual & manipulative therapy
PMC7667659	33198786	comparison	2020	Critical care (London, England)
PMC7606934	33194733	comparison	2020	Frontiers in oncology
PMC7655131	33194685	comparison	2020	Frontiers in oncology
PMC7646157	33192192	comparison	2020	Journal of chiropractic medicine
PMC7696196	33187271	comparison	2020	Pathogens (Basel, Switzerland)
PMC7677590	33170800	comparison	2020	JMIR research protocols
PMC7595068	33150223	comparison	2020	Journal of preventive medicine and hygiene
PMC7578506	33145051	comparison	2020	Journal of thoracic disease
PMC7590483	33109112	comparison	2020	BMC pregnancy and childbirth
PMC7592505	33109098	comparison	2020	BMC anesthesiology
PMC7588081	33104730	comparison	2020	PloS one
PMC7584210	33095807	comparison	2020	PloS one
PMC7572247	33088209	comparison	2020	Tropical medicine and health
PMC7572500	33077758	comparison	2020	Scientific reports
PMC7574232	33076844	comparison	2020	BMC medical genetics
PMC7531263	33072558	comparison	2020	Frontiers in oncology
PMC7565353	33066756	comparison	2020	BMC geriatrics
PMC7566730	33060081	comparison	2020	BMJ open
PMC7732283	33052138	comparison	2020	Aging
PMC7937601	33048338	comparison	2020	Acta neurologica Belgica
PMC7481259	33046293	comparison	2020	The American journal of emergency medicine
PMC7527287	33046289	comparison	2020	The American journal of emergency medicine
PMC8095004	33045104	comparison	2020	The Cochrane database of systematic reviews
PMC7551236	33044505	comparison	2021	JAMA neurology
PMC7518084	33042805	comparison	2020	Frontiers in oncology
PMC7552872	33039994	comparison	2020	BMJ open
PMC11425775	33035558	comparison	2020	Environmental research
PMC7544065	33031427	comparison	2020	PloS one
PMC7523859	32991430	comparison	2020	Medicine
PMC7523867	32991428	comparison	2020	Medicine
PMC7490657	32982653	comparison	2019	Breast care (Basel, Switzerland)
PMC7520828	32978204	comparison	2020	BMJ open
PMC7811997	32972048	comparison	2020	Cancer research and treatment
PMC7505302	32957310	comparison	2020	Medicine
PMC7487565	32939151	comparison	2020	Tropical medicine and health
PMC7493111	32933964	comparison	2020	BMJ open
PMC7490899	32928140	comparison	2020	BMC medical research methodology
PMC7456485	32904623	comparison	2020	Evidence-based complementary and alternative medicine : eCAM
PMC7478401	32899047	comparison	2020	Medicine
PMC7487843	32894159	comparison	2020	Trials
PMC7487593	32894127	comparison	2020	BMC international health and human rights
PMC7470253	32881961	comparison	2020	PloS one
PMC7459157	32873269	comparison	2020	BMC pediatrics
PMC7437755	32871989	comparison	2020	Medicine
PMC7458200	32871877	comparison	2020	Medicine
PMC7455253	32866459	comparison	2020	The lancet. Psychiatry
PMC7417435	32850896	comparison	2020	Frontiers in medicine
PMC7451461	32847922	comparison	2020	BMJ open
PMC7447410	32846804	comparison	2020	Medicine
PMC7424381	32832146	comparison	2020	Cardiology research and practice
PMC7444054	32831129	comparison	2020	Substance abuse treatment, prevention, and policy
PMC7446186	32831052	comparison	2020	BMC cancer
PMC7386962	32791657	comparison	2020	Medicine
PMC7393278	32765889	comparison	2020	Neuro-oncology practice
PMC7645187	32741229	comparison	2020	Interventional neuroradiology : journal of peritherapeutic neuroradiology, surgical procedures and related neurosciences
PMC7394177	32737099	comparison	2020	BMJ open
PMC7358593	32733536	comparison	2020	Frontiers in genetics
PMC7392312	32730304	comparison	2020	PloS one
PMC7391673	32728045	comparison	2020	Scientific reports
PMC7389345	32723316	comparison	2020	BMC public health
PMC7407260	32706724	comparison	2020	JMIR mHealth and uHealth
PMC7373501	32702818	comparison	2020	Medicine
PMC7372824	32690035	comparison	2020	Journal of orthopaedic surgery and research
PMC7372874	32689953	comparison	2020	BMC infectious diseases
PMC8647577	35047691	comparison	2020	BMJ open science
PMC7332173	32669739	comparison	2020	The journal of extra-corporeal technology
PMC7529954	32666826	comparison	2020	Clinical trials (London, England)
PMC7359194	32665397	comparison	2020	BMJ open gastroenterology
PMC7572986	32661931	comparison	2020	Journal of general internal medicine
PMC7342854	32641369	comparison	2020	BMJ open
PMC7369394	32633324	comparison	2020	Bioscience reports
PMC7338391	32632180	comparison	2020	Scientific reports
PMC7785662	32628288	comparison	2020	Journal of oral rehabilitation
PMC7409239	32610499	comparison	2020	Journal of clinical medicine
PMC7325658	32605542	comparison	2020	BMC pregnancy and childbirth
PMC7325261	32600287	comparison	2020	BMC public health
PMC7497515	32591972	comparison	2020	Osteoporosis international : a journal established as result of cooperation between the European Foundation for Osteoporosis and the National Osteoporosis Foundation of the USA
PMC7305536	32577077	comparison	2020	Infectious diseases in obstetrics and gynecology
PMC7304808	32554727	comparison	2020	BMJ open
PMC7266893	32550104	comparison	2020	3 Biotech
PMC7747156	32538284	comparison	2020	Journal of cerebral blood flow and metabolism : official journal of the International Society of Cerebral Blood Flow and Metabolism
PMC7275294	32518705	comparison	2020	Public health reviews
PMC7254119	32518672	comparison	2020	BMJ open sport & exercise medicine
PMC7275323	32503598	comparison	2020	Orphanet journal of rare diseases
PMC7312535	32503353	comparison	2020	International journal of environmental research and public health
PMC7270621	32493048	comparison	2020	Annals of Saudi medicine
PMC7250511	32476671	comparison	2020	The Journal of the Canadian Chiropractic Association
PMC7270484	32460927	comparison	2020	Epidemiology and infection
PMC7283797	32445489	comparison	2020	Journal of medical virology
PMC7817869	32439303	comparison	2020	Brazilian journal of physical therapy
PMC7241801	32437437	comparison	2020	PloS one
PMC7233226	32425643	comparison	2020	International journal of infectious diseases : IJID : official publication of the International Society for Infectious Diseases
PMC7239544	32423929	comparison	2020	BMJ open
PMC7206806	32419837	comparison	2020	Annals of general psychiatry
PMC7203085	32399400	comparison	2020	World journal of psychiatry
PMC7273097	32386449	comparison	2020	Hepatology research : the official journal of the Japan Society of Hepatology
PMC7228514	32385060	comparison	2020	BMJ open
PMC7204319	32380957	comparison	2020	BMC infectious diseases
PMC7201671	32375879	comparison	2020	Systematic reviews
PMC7412848	32375671	comparison	2020	BMC gastroenterology
PMC7244898	32373936	comparison	2020	Bioscience reports
PMC7191364	32373383	comparison	2020	Journal of addiction
PMC7185169	32346446	comparison	2020	Experimental and therapeutic medicine
PMC7220652	32332616	comparison	2020	Medicine
PMC7174309	32317627	comparison	2020	Translational psychiatry
PMC7157980	32313665	comparison	2020	Fertility research and practice
PMC7220737	32311918	comparison	2020	Medicine
PMC7439344	32309888	comparison	2020	Journal of clinical laboratory analysis
PMC7303370	32307924	comparison	2020	Brain and behavior
PMC7190012	32291261	comparison	2020	BMJ (Clinical research ed.)
PMC7151416	32283155	comparison	2020	The Journal of infection
PMC7134014	32280564	comparison	2020	PeerJ
PMC7137206	32280298	comparison	2020	Tropical medicine and health
PMC7170633	32276958	comparison	2020	BMJ open
PMC7177901	32230939	comparison	2020	International journal of environmental research and public health
PMC7308800	32229251	comparison	2020	Journal of clinical epidemiology
PMC8799111	35117636	comparison	2020	Translational cancer research
PMC7170595	32213515	comparison	2020	BMJ open
PMC7094824	32210426	comparison	2020	PLoS biology
PMC7143242	32210080	comparison	2020	International journal of environmental research and public health
PMC7370809	32208858	comparison	2020	The Journal of international medical research
PMC7644194	32195620	comparison	2020	Human vaccines & immunotherapeutics
PMC7296440	32191359	comparison	2020	The Milbank quarterly
PMC7076244	32184303	comparison	2020	BMJ open
PMC7691700	32184277	comparison	2020	BMJ evidence-based medicine
PMC7047471	32175523	comparison	2020	General psychiatry
PMC10200655	32174292	comparison	2020	Public health nutrition
PMC7375573	32172190	comparison	2020	Breast (Edinburgh, Scotland)
PMC7266545	32167557	comparison	2020	International journal of epidemiology
PMC7068977	32164636	comparison	2020	BMC psychiatry
PMC7068873	32164586	comparison	2020	BMC cancer
PMC7351908	32141042	comparison	2020	Journal of general internal medicine
PMC7667924	32135583	comparison	2020	Gut and liver
PMC7058335	32134997	comparison	2020	PloS one
PMC7056361	32133457	comparison	2019	Brain communications
PMC8425237	34522253	comparison	2020	Archives of medical science : AMS
PMC7025772	32117567	comparison	2019	F1000Research
PMC7050399	32114465	comparison	2020	BMJ open
PMC7040392	32104708	comparison	2020	BioMed research international
PMC7809965	32096774	comparison	2020	La Medicina del lavoro
PMC6998756	32090067	comparison	2020	BioMed research international
PMC8749279	35047689	comparison	2020	BMJ open science
PMC7035755	32087711	comparison	2020	Lipids in health and disease
PMC6989916	32042678	comparison	2019	Gland surgery
PMC7044949	32041856	comparison	2020	BMJ open
PMC7015625	32028427	comparison	2020	Medicine
PMC7015553	32028393	comparison	2020	Medicine
PMC7003434	32024485	comparison	2020	BMC cancer
PMC6986515	32010404	comparison	2019	Open access Macedonian journal of medical sciences
PMC7004689	32000374	comparison	2020	Medicine
PMC8641498	34900034	comparison	2020	Archives of medical science : AMS
PMC7049506	31970867	comparison	2020	Thoracic cancer
PMC6971997	31959136	comparison	2020	BMC public health
PMC6957821	31956859	comparison	2019	World neurosurgery: X
PMC7022479	31947944	comparison	2020	Pharmaceutics
PMC6944535	31930033	comparison	2019	Annals of translational medicine
PMC6914756	31921633	comparison	2019	Frontiers in oncology
PMC6955535	31915168	comparison	2020	BMJ open
PMC6940208	31903237	comparison	2019	Journal of thoracic disease
PMC6931137	31903192	comparison	2019	Canadian journal of kidney health and disease
PMC6937113	31888948	comparison	2019	BMJ open
PMC6933689	31878900	comparison	2019	BMC pulmonary medicine
PMC6946251	31876752	comparison	2019	Medicine
PMC6913344	31871935	comparison	2019	BioMed research international
PMC6940150	31861035	comparison	2019	Medicine
PMC6940047	31860953	comparison	2019	Medicine
PMC6922579	31852135	comparison	2019	Medicine
PMC6896936	31849819	comparison	2019	Frontiers in neurology
PMC7174434	31848865	comparison	2019	Journal of general internal medicine
PMC6915896	31842835	comparison	2019	BMC public health
PMC6873897	31803693	comparison	2019	Frontiers in pediatrics
PMC6876668	31803615	comparison	2019	Frontiers in oncology
PMC6856014	31787929	comparison	2019	Frontiers in endocrinology
PMC7024961	31786117	comparison	2019	The Lancet. Global health
PMC6851261	31780951	comparison	2019	Frontiers in physiology
PMC6868644	31772724	comparison	2019	International journal of preventive medicine
PMC6880549	31771639	comparison	2019	BMC health services research
PMC6879110	31770377	comparison	2019	PloS one
PMC7028808	31768743	comparison	2019	Archives of gynecology and obstetrics
PMC6886900	31748306	comparison	2019	BMJ open
PMC7064428	31748123	comparison	2019	Biological psychiatry. Cognitive neuroscience and neuroimaging
PMC6895783	31731818	comparison	2019	Cancers
PMC6852794	31722746	comparison	2019	Systematic reviews
PMC6823255	31709181	comparison	2019	Frontiers in oncology
PMC6855624	31702629	comparison	2019	Medicine
PMC7190427	31673913	comparison	2020	AIDS and behavior
PMC6822469	31666033	comparison	2019	BMC psychiatry
PMC6820955	31664923	comparison	2019	BMC infectious diseases
PMC6824219	31664445	comparison	2019	JAMA network open
PMC6826895	31664304	comparison	2019	Brazilian journal of medical and biological research = Revista brasileira de pesquisas medicas e biologicas
PMC6830711	31662397	comparison	2019	BMJ open
PMC6815441	31656169	comparison	2019	BMC pediatrics
PMC6824813	31626081	comparison	2019	Medicine
PMC6814621	31613226	comparison	2019	Aging
PMC6776957	31602101	comparison	2019	Indian journal of community medicine : official publication of Indian Association of Preventive & Social Medicine
PMC6797358	31594876	comparison	2019	BMJ open
PMC6879222	31591125	comparison	2019	Antimicrobial agents and chemotherapy
PMC6745085	31583370	comparison	2019	International journal of reproductive biomedicine
PMC6773278	31562164	comparison	2019	BMJ open
PMC6801182	31557408	comparison	2019	Annals of clinical and translational neurology
PMC6760823	31553736	comparison	2019	PloS one
PMC6901756	31539461	comparison	2019	International forum of allergy & rhinology
PMC6829646	31530188	comparison	2019	Clinical and applied thrombosis/hemostasis : official journal of the International Academy of Clinical and Applied Thrombosis/Hemostasis
PMC6745805	31522680	comparison	2019	BMC public health
PMC6747656	31511283	comparison	2019	BMJ open
PMC6733050	31508255	comparison	2019	Pediatric allergy, immunology, and pulmonology
PMC6718570	31507524	comparison	2019	Frontiers in neurology
PMC6731894	31492792	comparison	2019	BMJ open
PMC6770268	31492033	comparison	2019	Cancers
PMC6738995	31490359	comparison	2019	Medicine
PMC6918461	31464480	comparison	2019	Journal of personality and social psychology
PMC6720328	31462485	comparison	2019	BMJ open
PMC6785442	31454181	comparison	2019	Molecular genetics & genomic medicine
PMC6716686	31441886	comparison	2019	Medicine
PMC6704694	31438857	comparison	2019	BMC gastroenterology
PMC6661138	31435599	comparison	2019	International journal of reproductive biomedicine
PMC6707685	31434775	comparison	2019	BMJ open
PMC6689639	31417725	comparison	2019	Royal Society open science
PMC6683510	31402976	comparison	2019	Archives of public health = Archives belges de sante publique
PMC6657246	31360187	comparison	2018	Archives of medical science : AMS
PMC6634074	31355257	comparison	2019	BioMed research international
PMC6574896	31354282	comparison	2019	Therapeutics and clinical risk management
PMC6629404	31300497	comparison	2019	BMJ open
PMC7500058	31291483	comparison	2019	Journal of traumatic stress
PMC6619790	31291350	comparison	2019	PloS one
PMC6615143	31286892	comparison	2019	BMC pregnancy and childbirth
PMC6594290	31281397	comparison	2019	Evidence-based complementary and alternative medicine : eCAM
PMC6560333	31275987	comparison	2019	BioMed research international
PMC6582868	31275981	comparison	2019	BioMed research international
PMC6589248	31275449	comparison	2019	Disease markers
PMC6615821	31272976	comparison	2019	BMJ open
PMC6783624	31269287	comparison	2019	British journal of clinical pharmacology
PMC6605652	31265473	comparison	2019	PloS one
PMC6602541	31263511	comparison	2018	Mindfulness
PMC6562015	31258815	comparison	2019	The EPMA journal
PMC6678460	31252688	comparison	2019	Cancers
PMC6597641	31248914	comparison	2019	BMJ open
PMC6598232	31248382	comparison	2019	BMC cancer
PMC6636957	31232944	comparison	2019	Medicine
PMC6560290	31210830	comparison	2019	Open access Macedonian journal of medical sciences
PMC6580644	31208348	comparison	2019	BMC cancer
PMC6556193	31205873	comparison	2019	Iranian journal of public health
PMC6597850	31196966	comparison	2019	Bioscience reports
PMC6525911	31191754	comparison	2019	Disease markers
PMC6905449	31188929	comparison	2019	Genetics and molecular biology
PMC6537954	31183463	comparison	2019	Turkish journal of anaesthesiology and reanimation
PMC6561420	31171554	comparison	2019	BMJ open
PMC6571390	31169729	comparison	2019	Medicine
PMC7402528	31153708	comparison	2019	Seminars in arthritis and rheumatism
PMC8749270	35047683	comparison	2019	BMJ open science
PMC6542526	31145768	comparison	2019	PloS one
PMC6708943	31145333	comparison	2019	Medicine
PMC6538029	31133589	comparison	2019	BMJ open
PMC6537377	31133073	comparison	2019	Trials
PMC6857870	31127884	comparison	2019	Asian Pacific journal of cancer prevention : APJCP
PMC6538088	31122980	comparison	2019	BMJ open
PMC6527426	31107966	comparison	2019	The Cochrane database of systematic reviews
PMC6530319	31092664	comparison	2019	BMJ open
PMC6500564	31080473	comparison	2019	Journal of geriatric cardiology : JGC
PMC6542758	31072917	comparison	2019	Bioscience reports
PMC6483424	31058601	comparison	2019	The journal of international advanced otology
PMC6504331	31045816	comparison	2019	Medicine
PMC6485229	31031864	comparison	2019	Journal of Cancer
PMC6470248	31031679	comparison	2019	Frontiers in psychology
PMC6454469	31001131	comparison	2019	Frontiers in physiology
PMC6538442	30986729	comparison	2019	European psychiatry : the journal of the Association of European Psychiatrists
PMC6860029	30970438	comparison	2019	Gut and liver
PMC6459468	30970085	comparison	2019	Brazilian journal of medical and biological research = Revista brasileira de pesquisas medicas e biologicas
PMC6433635	30962663	comparison	2019	Nagoya journal of medical science
PMC6500184	30948590	comparison	2019	BMJ open
PMC13527568	30948521	comparison	2019	Occupational and environmental medicine
PMC6421009	30941188	comparison	2019	Evidence-based complementary and alternative medicine : eCAM
PMC6423386	30918823	comparison	2019	International journal of ophthalmology
PMC6431285	30911208	comparison	2018	Journal of hand and microsurgery
PMC6431293	30911207	comparison	2018	Journal of hand and microsurgery
PMC7444708	32863999	comparison	2019	Archives of medical science : AMS
PMC6425195	30899281	comparison	2018	Archives of medical science : AMS
PMC6422318	30883669	comparison	2019	The Cochrane database of systematic reviews
PMC6426541	30882632	comparison	2019	Medicine
PMC6417665	30870423	comparison	2019	PloS one
PMC6390861	30863120	comparison	2019	OncoTargets and therapy
PMC6417538	30855434	comparison	2019	Medicine
PMC6379962	30820239	comparison	2019	International breastfeeding journal
PMC6831235	30817589	comparison	2019	Medicine
PMC6408114	30813130	comparison	2019	Medicine
PMC6360615	30804996	comparison	2019	Gastroenterology research and practice
PMC6897018	30803190	comparison	2019	Asian Pacific journal of cancer prevention : APJCP
PMC6351382	30788348	comparison	2019	Annals of translational medicine
PMC6350588	30766729	comparison	2019	Journal of ophthalmology
PMC6398750	30765407	comparison	2019	BMJ open
PMC6384244	30765329	comparison	2019	The lancet. Psychiatry
PMC6375152	30760274	comparison	2019	World journal of surgical oncology
PMC6381807	30755541	comparison	2019	Medical science monitor : international medical journal of experimental and clinical research
PMC6368411	30735523	comparison	2019	PloS one
PMC6360776	30717743	comparison	2019	BMC public health
PMC6344071	30701070	comparison	2019	Journal of global health
PMC6388365	30691095	comparison	2019	International journal of environmental research and public health
PMC6335351	30687119	comparison	2019	Frontiers in physiology
PMC6358361	30681622	comparison	2019	Medicine
PMC6887637	30664106	comparison	2019	Melanoma research
PMC6635676	30657043	comparison	2019	Current hypertension reviews
PMC6322518	30655697	comparison	2019	Cancer management and research
PMC6324306	30646048	comparison	2018	JAMA network open
PMC6849816	30633422	comparison	2019	Obesity reviews : an official journal of the International Association for the Study of Obesity
PMC6305102	30618805	comparison	2018	Frontiers in physiology
PMC6318506	30593555	comparison	2018	BMJ open
PMC6314759	30593138	comparison	2018	Medicine
PMC6303618	30573489	comparison	2018	BMJ open
PMC6320129	30572552	comparison	2018	Medicine
PMC6319939	30572490	comparison	2018	Medicine
PMC6587933	30565873	comparison	2018	Acta ophthalmologica
PMC6331679	30559146	comparison	2019	Bioscience reports
PMC6320130	30558076	comparison	2018	Medicine
PMC6320213	30557992	comparison	2018	Medicine
PMC6295052	30547749	comparison	2018	BMC infectious diseases
PMC6277013	30525112	comparison	2018	Nature human behaviour
PMC6382441	30523673	comparison	2018	Molecular genetics & genomic medicine
PMC6513078	30540658	comparison	2019	Journal of hypertension
PMC6242325	30533597	comparison	2018	JB & JS open access
PMC6280339	30518431	comparison	2018	Systematic reviews
PMC6236177	30505478	comparison	2018	Journal of thoracic disease
PMC6252351	30510523	comparison	2018	Frontiers in psychiatry
PMC6315268	30485832	comparison	2018	Journal of medical Internet research
PMC7073270	30480762	comparison	2018	The Cochrane database of systematic reviews
PMC6225852	30464643	comparison	2018	HIV/AIDS (Auckland, N.Z.)
PMC6234115	30450332	comparison	2018	Korean journal of orthodontics
PMC6257541	30431576	comparison	2018	Medicine
PMC6197826	30410399	comparison	2018	Cancer management and research
PMC6206720	30373598	comparison	2018	Reproductive health
PMC6265680	30373166	comparison	2018	International journal of environmental research and public health
PMC6239252	30341251	comparison	2018	Bioscience reports
PMC6194619	30340465	comparison	2018	BMC medical genetics
PMC6190538	30322388	comparison	2018	Lipids in health and disease
PMC6203577	30313063	comparison	2018	Medicine
PMC6240752	30311434	comparison	2018	Journal of cachexia, sarcopenia and muscle
PMC6159806	30288109	comparison	2018	Cancer management and research
PMC6194454	30287668	comparison	2018	BMJ open
PMC6172749	30286778	comparison	2018	Journal of cardiothoracic surgery
PMC7000208	30286023	comparison	2018	Diseases of the colon and rectum
PMC6169036	30285880	comparison	2018	Systematic reviews
PMC8428024	37131375	comparison	2018	Campbell systematic reviews
PMC12876333	30272101	comparison	2018	The journal of nutrition, health & aging
PMC6156188	30263131	comparison	2018	Canadian journal of kidney health and disease
PMC6712952	30261934	comparison	2018	Psychological medicine
PMC6155524	30252883	comparison	2018	PloS one
PMC6138959	30237739	comparison	2018	Cancer management and research
PMC6132230	30233245	comparison	2018	Cancer management and research
PMC6274586	30222634	comparison	2018	Critical care medicine
PMC6116772	30181862	comparison	2018	Therapeutic advances in drug safety
PMC6110270	30174432	comparison	2018	Vascular health and risk management
PMC6392955	30170429	comparison	2018	Medicine
PMC6119422	30166288	comparison	2018	BMJ open
PMC6244847	30159746	comparison	2018	Acta diabetologica
PMC6109492	30159331	comparison	2018	BioMed research international
PMC6096663	30147203	comparison	2018	Scientometrics
PMC6098956	30140409	comparison	2018	Iranian journal of basic medical sciences
PMC6706076	30139702	comparison	2018	Mayo Clinic proceedings
PMC6171405	30139066	comparison	2018	Asian Pacific journal of cancer prevention : APJCP
PMC6106722	30134950	comparison	2018	Trials
PMC6087023	30122955	comparison	2018	OncoTargets and therapy
PMC6104799	30121603	comparison	2018	BMJ open
PMC6082947	30116199	comparison	2018	Frontiers in physiology
PMC6094569	30111300	comparison	2018	BMC psychiatry
PMC6082994	30101202	comparison	2018	Heliyon
PMC6133534	30095639	comparison	2018	Medicine
PMC6083614	30089508	comparison	2018	Systematic reviews
PMC6074757	30083458	comparison	2018	PeerJ
PMC6081086	30075593	comparison	2018	Medicine
PMC6052718	30072825	comparison	2017	Indian journal of clinical biochemistry : IJCB
PMC6071984	30071021	comparison	2018	PloS one
PMC6443505	30062910	comparison	2018	Statistical methods in medical research
PMC6053227	30024982	comparison	2018	PloS one
PMC6086475	30024552	comparison	2018	Medicine
PMC6046618	30019007	comparison	2018	Open medicine (Warsaw, Poland)
PMC6037848	30018571	comparison	2018	Frontiers in physiology
PMC6044008	30001198	comparison	2018	World journal of surgical oncology
PMC6042228	29996879	comparison	2018	Italian journal of pediatrics
PMC6076160	29995773	comparison	2018	Medicine
PMC10270372	29991532	comparison	2018	Evidence-based mental health
PMC6021001	29970962	comparison	2018	Cancer management and research
PMC6021302	29947178	comparison	2018	Endocrinology and metabolism (Seoul, Korea)
PMC6043730	29945857	comparison	2018	Journal of medical Internet research
PMC6513576	29939406	comparison	2018	The Cochrane database of systematic reviews
PMC5999779	29930517	comparison	2018	Frontiers in physiology
PMC6013937	29929480	comparison	2018	BMC infectious diseases
PMC6068431	29927090	comparison	2018	Thoracic cancer
PMC7141423	29874102	comparison	2018	Childhood obesity (Print)
PMC5989783	29873885	comparison	2018	Journal of the International AIDS Society
PMC5954214	29867725	comparison	2018	Frontiers in neurology
PMC5988135	29804062	comparison	2018	BMJ open
PMC5988068	29794094	comparison	2018	BMJ open
PMC5935990	29755578	comparison	2018	Annals of general psychiatry
PMC5946547	29747581	comparison	2018	BMC infectious diseases
PMC5954319	29716409	comparison	2018	Journal of the renin-angiotensin-aldosterone system : JRAAS
PMC6237523	29697934	comparison	2018	International braz j urol : official journal of the Brazilian Society of Urology
PMC5943622	29695378	comparison	2018	JMIR research protocols
PMC5911513	29676540	comparison	2018	Diabetes & metabolism journal
PMC5892380	29662791	comparison	2017	Journal of orthopaedic translation
PMC5902969	29661214	comparison	2018	Systematic reviews
PMC5908631	29642140	comparison	2018	Medicine
PMC7874703	33817069	comparison	2018	Open life sciences
PMC5897206	29629526	comparison	2018	Journal of clinical neurology (Seoul, Korea)
PMC5875216	29628838	comparison	2018	Saudi journal of anaesthesia
PMC5892743	29627811	comparison	2018	BMJ open
PMC5829436	29623148	comparison	2018	Pain research & management
PMC5902272	29620653	comparison	2018	Medicine
PMC5865908	29594196	comparison	2018	Clinical and experimental hepatology
PMC5862628	29568407	comparison	2018	Oncotarget
PMC5862626	29568405	comparison	2017	Oncotarget
PMC5864054	29566037	comparison	2018	PloS one
PMC5872795	29558383	comparison	2018	Nutrients
PMC6435553	29519960	comparison	2018	Bioscience reports
PMC5841737	29513684	comparison	2018	PloS one
PMC5833131	29499672	comparison	2018	BMC public health
PMC5800934	29484142	comparison	2017	Oncotarget
PMC5814233	29464093	comparison	2017	Oncotarget
PMC5829901	29453302	comparison	2018	BMJ open
PMC6037451	29451838	comparison	2018	Human vaccines & immunotherapeutics
PMC5803636	29451553	comparison	2017	Research integrity and peer review
PMC5944675	29419701	comparison	2018	Medicine
PMC5790085	29416444	comparison	2018	Core evidence
PMC5786866	29403343	comparison	2018	Frontiers in neuroscience
PMC5823986	29400018	comparison	2018	Journal of gynecologic oncology
PMC5787340	29374489	comparison	2018	Critical care (London, England)
PMC6293224	29370436	comparison	2019	Schizophrenia bulletin
PMC5794382	29369198	comparison	2018	Medicine
PMC6732825	29333987	comparison	2017	Trauma, violence & abuse
PMC5767019	29329579	comparison	2018	Systematic reviews
PMC5767065	29329559	comparison	2018	Trials
PMC5781011	29326186	comparison	2018	BMJ open
PMC5755295	29304815	comparison	2018	Lipids in health and disease
PMC5792726	29297603	comparison	2018	Thoracic cancer
PMC5750957	29292769	comparison	2017	International journal of environmental research and public health
PMC5739785	29291000	comparison	2017	Oncotarget
PMC6614153	29285737	comparison	2017	Pathology oncology research : POR
PMC5740861	29268723	comparison	2017	BMC psychiatry
PMC5728912	29245297	comparison	2017	Medicine
PMC5726029	29233108	comparison	2017	BMC pulmonary medicine
PMC5728061	29233094	comparison	2017	BMC cardiovascular disorders
PMC5716786	29228746	comparison	2017	Oncotarget
PMC5722592	29228640	comparison	2017	Oncotarget
PMC5708196	29225476	comparison	2017	Infection and drug resistance
PMC5701084	29201942	comparison	2017	Journal of medical imaging (Bellingham, Wash.)
PMC5743605	29196062	comparison	2017	The lancet. Psychiatry
PMC5684121	29170653	comparison	2017	Frontiers in endocrinology
PMC5689195	29147043	comparison	2017	Bulletin of the World Health Organization
PMC5663599	29137427	comparison	2017	Oncotarget
PMC5654215	29109933	comparison	2017	Perspectives in clinical research
PMC5719002	29089462	comparison	2017	Bioscience reports
PMC5650432	29088877	comparison	2017	Oncotarget
PMC5643276	29085200	comparison	2017	World journal of gastroenterology
PMC5649003	29075491	comparison	2017	Molecular and clinical oncology
PMC5665327	29070637	comparison	2017	BMJ open
PMC5655447	29065191	comparison	2017	PloS one
PMC5665265	29061618	comparison	2017	BMJ open
PMC5888128	29057573	comparison	2017	Research synthesis methods
PMC5614766	29033583	comparison	2017	OncoTargets and therapy
PMC5627758	29026323	comparison	2017	Infection and drug resistance
PMC5725611	29026008	comparison	2017	Bioscience reports
PMC5652565	29018068	comparison	2017	BMJ open
PMC5652616	29018065	comparison	2017	BMJ open
PMC5640073	28988181	comparison	2017	BMJ open
PMC6389191	28985765	comparison	2017	Systematic reviews
PMC6485652	28984368	comparison	2017	The Cochrane database of systematic reviews
PMC5873397	28975717	comparison	2017	Research synthesis methods
PMC5623467	28963305	comparison	2017	BMJ open
PMC5435213	28959485	comparison	2017	Stroke and vascular neurology
PMC5623462	28947458	comparison	2017	BMJ open
PMC5601771	28938675	comparison	2017	Oncotarget
PMC5601760	28938664	comparison	2017	Oncotarget
PMC5595182	28893755	comparison	2017	BMJ open
PMC5818784	28892118	comparison	2017	JAMA
PMC5589018	28882924	comparison	2017	BMJ open
PMC5584307	28881706	comparison	2017	Oncotarget
PMC5584268	28881667	comparison	2017	Oncotarget
PMC5598338	28875961	comparison	2017	Chinese medical journal
PMC5554848	28861355	comparison	2017	International journal of ophthalmology
PMC5577688	28861213	comparison	2017	Clinical and translational allergy
PMC5585517	28858123	comparison	2017	Medicine
PMC5569497	28852476	comparison	2017	Antimicrobial resistance and infection control
PMC5629708	28851783	comparison	2017	BMJ open
PMC5626653	28850857	comparison	2017	Journal of affective disorders
PMC5572704	28842667	comparison	2017	Scientific reports
PMC5572018	28834896	comparison	2017	Medicine
PMC5553133	28828407	comparison	2017	Open medicine (Warsaw, Poland)
PMC5694177	28809372	comparison	2017	Medicina oral, patologia oral y cirugia bucal
PMC5693737	28802556	comparison	2017	Gastrointestinal endoscopy
PMC5552221	28797050	comparison	2017	PloS one
PMC5724140	28775196	comparison	2017	BMJ open
PMC5518263	28765677	comparison	2017	Shanghai archives of psychiatry
PMC5551268	28737729	comparison	2017	International journal of environmental research and public health
PMC5471922	28730172	comparison	2017	Open medicine (Warsaw, Poland)
PMC5444406	28730169	comparison	2017	Open medicine (Warsaw, Poland)
PMC5512861	28729765	comparison	2017	Bioinformation
PMC5519049	28727834	comparison	2017	PloS one
PMC5519149	28727831	comparison	2017	PloS one
PMC5521944	28723804	comparison	2017	Medicine
PMC6102714	28714713	comparison	2017	Behavioral neuroscience
PMC5700002	28707147	comparison	2017	Journal of assisted reproduction and genetics
PMC5509698	28706222	comparison	2017	Scientific reports
PMC5501347	28683761	comparison	2017	BMC research notes
PMC5502162	28682889	comparison	2017	Medicine
PMC5475387	28674505	comparison	2017	Frontiers in psychiatry
PMC5494826	28669351	comparison	2017	Systematic reviews
PMC5493849	28666443	comparison	2017	International journal for equity in health
PMC5480205	28637435	comparison	2017	BMC ophthalmology
PMC6041924	28627237	comparison	2017	Integrative cancer therapies
PMC5461896	28620458	comparison	2017	F1000Research
PMC5435651	28567215	comparison	2017	Clinics in orthopedic surgery
PMC5459698	28562533	comparison	2017	Medicine
PMC6481394	28542713	comparison	2017	The Cochrane database of systematic reviews
PMC5463259	28533424	comparison	2017	Bioscience reports
PMC6481745	28530031	comparison	2017	The Cochrane database of systematic reviews
PMC5431459	28529738	comparison	2017	Biomedical reports
PMC5542243	28526808	comparison	2017	Oncotarget
PMC5430005	28522943	comparison	2017	Intestinal research
PMC5428596	28489762	comparison	2017	Medicine
PMC5428588	28489754	comparison	2017	Medicine
PMC6998998	28462754	comparison	2017	Epidemiology and psychiatric sciences
PMC5421928	28445963	comparison	2017	Oncotarget
PMC5413281	28445316	comparison	2017	Medicine
PMC5413253	28445288	comparison	2017	Medicine
PMC7942230	28439754	comparison	2018	AIDS and behavior
PMC5395863	28420349	comparison	2017	BMC medical research methodology
PMC5503656	28418854	comparison	2017	Oncotarget
PMC5432289	28416762	comparison	2017	Oncotarget
PMC5391793	28413722	comparison	2017	PeerJ
PMC5374909	28413659	comparison	2017	Molecular and clinical oncology
PMC5514904	28410223	comparison	2017	Oncotarget
PMC5374136	28405152	comparison	2017	World journal of gastroenterology
PMC5384677	28388646	comparison	2017	PloS one
PMC5379714	28376711	comparison	2017	BMC gastroenterology
PMC5329886	28352854	comparison	2016	Open medicine (Warsaw, Poland)
PMC5369879	28296724	comparison	2017	Medicine
PMC6464507	28293923	comparison	2017	The Cochrane database of systematic reviews
PMC5323388	28286481	comparison	2017	Frontiers in pharmacology
PMC5369123	28282955	comparison	2017	International journal of environmental research and public health
PMC5344319	28278178	comparison	2017	PloS one
PMC5360893	28270383	comparison	2017	JMIR research protocols
PMC5340435	28248862	comparison	2017	Medicine
PMC5310957	28228693	comparison	2016	Journal of chiropractic medicine
PMC6464693	28225210	comparison	2017	The Cochrane database of systematic reviews
PMC5354268	28182585	comparison	2017	Anesthesiology
PMC5365367	28161155	comparison	2017	The American journal of geriatric psychiatry : official journal of the American Association for Geriatric Psychiatry
PMC5308020	28139521	comparison	2017	Chinese medical journal
PMC5442012	28138874	comparison	2017	Journal of general internal medicine
PMC5251172	28127355	comparison	2016	Iranian journal of parasitology
PMC5780643	28126598	comparison	2017	Journal of clinical epidemiology
PMC5223007	28115787	comparison	2016	Disease markers
PMC5234152	28086754	comparison	2017	BMC geriatrics
PMC5156378	27973571	comparison	2016	PloS one
PMC5124679	27965889	comparison	2016	Journal of ophthalmology
PMC5168695	27965249	comparison	2016	BMJ open
PMC5154189	27958344	comparison	2016	Scientific reports
PMC5198533	27958230	comparison	2016	Chinese medical journal
PMC5690508	27929498	comparison	2016	Journal of applied clinical medical physics
PMC5142807	27926919	comparison	2016	PLoS neglected tropical diseases
PMC5133591	27910873	comparison	2016	Scientific reports
PMC5130324	27909654	comparison	2016	International journal of spine surgery
PMC5129217	27899150	comparison	2016	BMC medicine
PMC5153252	27870924	comparison	2016	eLife
PMC5107493	27867572	comparison	2016	Journal of thoracic disease
PMC6877258	27862603	comparison	2016	International journal of methods in psychiatric research
PMC5129348	27854255	comparison	2016	International journal of environmental research and public health
PMC5112731	27852288	comparison	2016	Chinese journal of cancer
PMC5107915	27841367	comparison	2016	Scientific reports
PMC5348436	27835910	comparison	2016	Oncotarget
PMC6463901	27807847	comparison	2016	The Cochrane database of systematic reviews
PMC5377877	27785668	comparison	2016	Journal of general internal medicine
PMC5065258	27785055	comparison	2016	OncoTargets and therapy
PMC6201299	27466743	comparison	2016	Journal of affective disorders
PMC5052771	27757242	comparison	2016	JRSM open
PMC5069996	27756332	comparison	2016	Reproductive biology and endocrinology : RB&E
PMC5004819	27688834	comparison	2016	American health & drug benefits
PMC5342026	27661122	comparison	2016	Oncotarget
PMC5025908	27656610	comparison	2016	Advanced biomedical research
PMC5021649	27652121	comparison	2016	SpringerPlus
PMC5029817	27649528	comparison	2016	PLoS medicine
PMC5402607	27631264	comparison	2016	Medicine
PMC5016957	27612877	comparison	2016	Orphanet journal of rare diseases
PMC5017877	27611583	comparison	2016	PloS one
PMC5325449	27608842	comparison	2016	Oncotarget
PMC5023900	27603377	comparison	2016	Medicine
PMC5003081	27601916	comparison	2016	OncoTargets and therapy
PMC5013326	27600024	comparison	2016	Scientific reports
PMC5008543	27583859	comparison	2016	Medicine
PMC4989384	27535548	comparison	2016	BMC cancer
PMC5323148	27533449	comparison	2016	Oncotarget
PMC5065559	27525656	comparison	2016	Journal of assisted reproduction and genetics
PMC4981347	27513564	comparison	2016	PloS one
PMC4980763	27511796	comparison	2016	Scientific reports
PMC4958862	27499958	comparison	2016	Journal of thoracic disease
PMC4979793	27495039	comparison	2016	Medicine
PMC5302962	27486968	comparison	2016	Oncotarget
PMC4968033	27474138	comparison	2016	Perspectives on psychological science : a journal of the Association for Psychological Science
PMC4963137	27463246	comparison	2016	PloS one
PMC4961396	27459365	comparison	2016	PloS one
PMC4961451	27459193	comparison	2016	PloS one
PMC4960739	27455845	comparison	2016	BMC psychiatry
PMC5148639	27450931	comparison	2016	Addiction (Abingdon, England)
PMC5265781	27442664	comparison	2016	Medicine
PMC4956043	27441570	comparison	2016	PloS one
PMC4919536	27428439	comparison	2016	EBioMedicine
PMC4856419	27419046	comparison	2016	FEBS open bio
PMC4995498	27407173	comparison	2016	Bioscience reports
PMC4940871	27401875	comparison	2016	Journal of orthopaedic surgery and research
PMC5046161	27401803	comparison	2016	Journal of cerebral blood flow and metabolism : official journal of the International Society of Cerebral Blood Flow and Metabolism
PMC4960395	27401660	comparison	2016	Yonsei medical journal
PMC4947788	27371555	comparison	2016	BMJ open
PMC4937963	27368049	comparison	2016	Medicine
PMC4927102	27355649	comparison	2016	PloS one
PMC4940607	27349305	comparison	2016	Journal of medical Internet research
PMC4906922	27347104	comparison	2016	Oncology letters
PMC4910665	27340361	comparison	2016	World journal of gastroenterology
PMC4912080	27314853	comparison	2016	PloS one
PMC5148658	27312228	comparison	2016	Journal of clinical epidemiology
PMC4889846	27298732	comparison	2016	Journal of ophthalmology
PMC5149115	27297680	comparison	2016	European urology
PMC4902221	27285387	comparison	2016	PloS one
PMC4883817	27284255	comparison	2016	OncoTargets and therapy
PMC4900647	27280407	comparison	2016	PloS one
PMC4890757	27253331	comparison	2016	PloS one
PMC4886629	27243945	comparison	2016	Scientific reports
PMC4852360	27195302	comparison	2016	Journal of diabetes research
PMC4859545	27153114	comparison	2016	PloS one
PMC4854655	27152309	comparison	2016	Journal of menopausal medicine
PMC4833052	27114919	comparison	2016	Meta gene
PMC4844274	27102449	comparison	2016	Medical science monitor : international medical journal of experimental and clinical research
PMC4838306	27096951	comparison	2016	PloS one
PMC5107265	27094521	comparison	2016	Neurosciences (Riyadh, Saudi Arabia)
PMC8782592	27092427	comparison	2016	The Cochrane database of systematic reviews
PMC4838717	27067893	comparison	2016	BMJ open
PMC5468171	27058059	comparison	2016	Environmental science & technology
PMC4822312	27048501	comparison	2016	Reproductive health
PMC4848913	27043536	comparison	2016	International journal of molecular sciences
PMC4818385	27039079	comparison	2016	BMC public health
PMC4816296	27031618	comparison	2016	PloS one
PMC4998406	27015211	comparison	2016	Medicine
PMC4998362	27015167	comparison	2016	Medicine
PMC4805252	27008536	comparison	2016	PloS one
PMC4839926	26986145	comparison	2016	Medicine
PMC4839892	26986111	comparison	2016	Medicine
PMC4792237	26976019	comparison	2016	Clinical and experimental otorhinolaryngology
PMC4779927	26973400	comparison	2016	World journal of gastroenterology
PMC4784383	26956181	comparison	2016	BMC complementary and alternative medicine
PMC4785311	26936908	comparison	2016	BMJ open
PMC5045033	26905373	comparison	2016	The Cochrane database of systematic reviews
PMC4804439	26904992	comparison	2016	Chinese medical journal
PMC4723848	26885003	comparison	2015	International journal of clinical and experimental medicine
PMC4723758	26884913	comparison	2015	International journal of clinical and experimental medicine
PMC4745642	26877629	comparison	2016	Nutrition and metabolic insights
PMC4752749	26873063	comparison	2016	BMC medical research methodology
PMC4912966	26861737	comparison	2016	Pain and therapy
PMC4727518	26855585	comparison	2016	OncoTargets and therapy
PMC4819934	26847617	comparison	2016	International journal of colorectal disease
PMC4748898	26844481	comparison	2016	Medicine
PMC5291568	26825898	comparison	2016	Medicine
PMC4871926	26821358	comparison	2016	International archives of occupational and environmental health
PMC4731557	26821255	comparison	2016	PloS one
PMC4735132	26801469	comparison	2016	BMJ open
PMC4735304	26781507	comparison	2016	BMJ open
PMC6464510	26772902	comparison	2016	The Cochrane database of systematic reviews
PMC4694227	26770327	comparison	2015	International journal of clinical and experimental medicine
PMC4705514	26742493	comparison	2016	Scientific reports
PMC4703397	26735955	comparison	2016	PloS one
PMC4701416	26731428	comparison	2016	PloS one
PMC4702022	26668300	comparison	2015	Pediatrics
PMC5008480	26656335	comparison	2015	Medicine
PMC5008478	26656333	comparison	2015	Medicine
PMC4671160	26644987	comparison	2015	PeerJ
PMC4658911	26629022	comparison	2015	International journal of clinical and experimental medicine
PMC4754196	26598376	comparison	2015	CMAJ : Canadian Medical Association journal = journal de l'Association medicale canadienne
PMC4657365	26597174	comparison	2015	BMC pulmonary medicine
PMC4650202	26581191	comparison	2015	BMC medicine
PMC4651548	26581079	comparison	2015	PloS one
PMC4640555	26556485	comparison	2015	PloS one
PMC4915899	26554798	comparison	2015	Medicine
PMC4612944	26550259	comparison	2015	International journal of clinical and experimental medicine
PMC4612916	26550231	comparison	2015	International journal of clinical and experimental medicine
PMC4633157	26536628	comparison	2015	PloS one
PMC4627914	26528420	comparison	2015	PeerJ
PMC4624739	26528332	comparison	2015	Archives of medical science : AMS
PMC4627756	26517553	comparison	2015	PloS one
PMC4599640	26491356	comparison	2015	OncoTargets and therapy
PMC4590639	26445542	comparison	2015	Therapeutics and clinical risk management
PMC4697915	26442916	comparison	2016	Sports medicine (Auckland, N.Z.)
PMC4593150	26423854	comparison	2015	BMJ open
PMC4589340	26422604	comparison	2015	PloS one
PMC4556815	26380814	comparison	2015	Meta gene
PMC4565257	26379874	comparison	2015	International journal of clinical and experimental medicine
PMC4565237	26379854	comparison	2015	International journal of clinical and experimental medicine
PMC4566373	26379408	comparison	2015	World journal of gastroenterology
PMC4774896	26370729	comparison	2015	Psychological medicine
PMC4569349	26368938	comparison	2015	PloS one
PMC8734598	26329399	comparison	2015	The Cochrane database of systematic reviews
PMC4538033	26309569	comparison	2015	International journal of clinical and experimental medicine
PMC4538071	26309542	comparison	2015	International journal of clinical and experimental medicine
PMC4979242	26304898	comparison	2015	Journal of clinical oncology : official journal of the American Society of Clinical Oncology
PMC4546113	26287998	comparison	2015	PloS one
PMC4528214	26279840	comparison	2015	United European gastroenterology journal
PMC4537579	26275820	comparison	2015	BMC medicine
PMC4616690	26266362	comparison	2015	Medicine
PMC4616710	26266354	comparison	2015	Medicine
PMC4527773	26247870	comparison	2015	PloS one
PMC4524628	26241042	comparison	2015	PloS one
PMC4520622	26236490	comparison	2015	Pharmacology research & perspectives
PMC4694814	26208480	comparison	2015	Oncotarget
PMC4513637	26206479	comparison	2015	BMC medical ethics
PMC4506038	26186510	comparison	2015	PloS one
PMC4494627	26170681	comparison	2015	Therapeutics and clinical risk management
PMC4666828	26140821	comparison	2015	Biological psychiatry
PMC4490675	26137892	comparison	2015	Trials
PMC4551161	26133966	comparison	2015	Annals of oncology : official journal of the European Society for Medical Oncology
PMC4488865	26133117	comparison	2015	Scientific reports
PMC4484020	26131175	comparison	2015	International journal of clinical and experimental medicine
PMC4483169	26114883	comparison	2015	PloS one
PMC4479982	26108476	comparison	2015	Scientific reports
PMC4476582	26098665	comparison	2015	PloS one
PMC4480115	26093516	comparison	2015	Medical science monitor : international medical journal of experimental and clinical research
PMC4443248	26064414	comparison	2015	International journal of clinical and experimental medicine
PMC4443135	26064301	comparison	2015	International journal of clinical and experimental medicine
PMC4454667	26038827	comparison	2015	PloS one
PMC4467605	26038188	comparison	2015	Medical science monitor : international medical journal of experimental and clinical research
PMC4450458	26027955	comparison	2015	BMC cancer
PMC4437159	26023643	comparison	2015	Journal of clinical and diagnostic research : JCDR
PMC4440809	25996928	comparison	2015	PloS one
PMC4439031	25993344	comparison	2015	PloS one
PMC4427698	25987799	comparison	2015	World journal of gastroenterology
PMC4430520	25970426	comparison	2015	PloS one
PMC4830322	25963363	comparison	2015	Chinese medical journal
PMC4432947	25956903	comparison	2015	BMC cardiovascular disorders
PMC4408693	25949959	comparison	2015	Journal of family medicine and primary care
PMC4408955	25945039	comparison	2015	Drug design, development and therapy
PMC4408483	25945024	comparison	2015	World journal of gastroenterology
PMC4409975	25937778	comparison	2015	Chinese journal of cancer research = Chung-kuo yen cheng yen chiu
PMC4402793	25932146	comparison	2015	International journal of clinical and experimental medicine
PMC4603034	25929930	comparison	2015	Medicine
PMC4415590	25927401	comparison	2015	Scientific reports
PMC4364505	25885168	comparison	2015	BMC cancer
PMC4370129	25834539	comparison	2015	African health sciences
PMC4367718	25806352	comparison	2015	Translational lung cancer research
PMC4329770	25802478	comparison	2015	Disease markers
PMC4360860	25798264	comparison	2014	Molecular and clinical oncology
PMC4358488	25785033	comparison	2015	International journal of clinical and experimental medicine
PMC4471021	25735938	comparison	2015	Journal of general internal medicine
PMC4322348	25666381	comparison	2015	Scientific reports
PMC4314970	25663859	comparison	2015	Oncology letters
PMC4299503	25653457	comparison	2014	The Journal of applied ecology
PMC4306361	25648829	comparison	2015	Disease markers
PMC4320495	25626862	comparison	2015	Trials
PMC4302169	25609214	comparison	2015	Journal of the International AIDS Society
PMC4287677	25589913	comparison	2014	Applied clinical informatics
PMC4288402	25580234	comparison	2014	F1000Research
PMC4526270	25578825	comparison	2015	The Lancet. Infectious diseases
PMC4498191	25569783	comparison	2015	NPJ primary care respiratory medicine
PMC4276158	25550900	comparison	2014	International journal of clinical and experimental medicine
PMC4276156	25550898	comparison	2014	International journal of clinical and experimental medicine
PMC4264870	25501357	comparison	2014	PloS one
PMC4301938	25496056	comparison	2014	BMC cancer
PMC4348386	25492113	comparison	2014	Journal of cerebral blood flow and metabolism : official journal of the International Society of Cerebral Blood Flow and Metabolism
PMC4239526	25473192	comparison	2014	World journal of gastroenterology
PMC4251149	25469253	comparison	2014	Biomedical reports
PMC4256542	25448625	comparison	2014	BMJ open
PMC5020579	27668084	comparison	2015	Evidence-based preclinical medicine
PMC6486198	25416857	comparison	2014	The Cochrane database of systematic reviews
PMC4240443	25416499	comparison	2014	BMJ (Clinical research ed.)
PMC4223131	25395935	comparison	2014	Archives of medical science : AMS
PMC4232634	25376700	comparison	2014	BMC cancer
PMC4228083	25370505	comparison	2014	Systematic reviews
PMC4219668	25369324	comparison	2014	PloS one
PMC4262114	25344355	comparison	2014	The international journal of behavioral nutrition and physical activity
PMC4616322	25340495	comparison	2014	Medicine
PMC4213464	25338638	comparison	2014	BMC cancer
PMC4232126	25322302	comparison	2014	American journal of public health
PMC4179845	25257822	comparison	2014	Diagnostic pathology
PMC4170554	25253922	comparison	2014	Toxicology international
PMC4189736	25248284	comparison	2014	BMC neurology
PMC4138026	25136829	comparison	2014	PloS one
PMC4144946	25124461	comparison	2014	Medical science monitor : international medical journal of experimental and clinical research
PMC11823764	25115694	comparison	2014	Journal of cancer research and clinical oncology
PMC4404750	25072931	comparison	2014	Gynecologic oncology
PMC4483466	25062463	comparison	2014	The Journal of clinical endocrinology and metabolism
PMC4301215	25062429	comparison	2014	Psychological medicine
PMC4105469	25048246	comparison	2014	PloS one
PMC4076455	25009565	comparison	2014	Journal of geriatric cardiology : JGC
PMC4073407	24976992	comparison	2014	Journal of thoracic disease
PMC4069060	24960039	comparison	2014	PloS one
PMC4065043	24950053	comparison	2014	PloS one
PMC4039599	24940462	comparison	2014	Canadian Urological Association journal = Journal de l'Association des urologues du Canada
PMC7120367	24936965	comparison	2014	The Cochrane database of systematic reviews
PMC6464904	24919460	comparison	2014	The Cochrane database of systematic reviews
PMC4045316	24899650	comparison	2014	BMJ (Clinical research ed.)
PMC6464352	24895299	comparison	2014	The Cochrane database of systematic reviews
PMC4101835	24884458	comparison	2014	BMC cardiovascular disorders
PMC4033473	24876756	comparison	2014	World journal of gastroenterology
PMC11823905	24838848	comparison	2014	Journal of cancer research and clinical oncology
PMC4022589	24830459	comparison	2014	PloS one
PMC4012033	24808996	comparison	2014	SpringerPlus
PMC3999277	24790452	comparison	2014	Therapeutics and clinical risk management
PMC3995769	24755673	comparison	2014	PloS one
PMC3990208	24748978	comparison	2014	Biomedical reports
PMC4012960	24718516	comparison	2014	The oncologist
PMC3962437	24658609	comparison	2014	PloS one
PMC3961244	24651702	comparison	2014	PloS one
PMC3963092	24650809	comparison	2014	BMJ open
PMC4021727	24641974	comparison	2014	Systematic reviews
PMC3997826	24596076	comparison	2014	Wiener klinische Wochenschrift
PMC4053605	24590265	comparison	2014	Tumour biology : the journal of the International Society for Oncodevelopmental Biology and Medicine
PMC3930985	24587664	comparison	2014	World journal of gastroenterology
PMC3937384	24587357	comparison	2014	PloS one
PMC3935869	24586679	comparison	2014	PloS one
PMC7320403	24534330	comparison	2013	Journal of epidemiology and global health
PMC11824115	24525705	comparison	2014	Journal of cancer research and clinical oncology
PMC3909252	24498212	comparison	2014	PloS one
PMC4410299	24491308	comparison	2014	European urology
PMC3903631	24475258	comparison	2014	PloS one
PMC3871533	24376736	comparison	2013	PloS one
PMC3875889	24366180	comparison	2013	JMIR research protocols
PMC3875902	24366112	comparison	2013	JMIR research protocols
PMC3866091	24358022	comparison	2013	PLoS biology
PMC3858442	24340103	comparison	2013	PloS one
PMC13080287	24338431	comparison	2013	The Cochrane database of systematic reviews
PMC3926164	24325761	comparison	2013	Genetic testing and molecular biomarkers
PMC3849378	24312582	comparison	2013	PloS one
PMC3842323	24312416	comparison	2013	PloS one
PMC3851343	24311947	comparison	2013	Current oncology (Toronto, Ont.)
PMC3830841	24288671	comparison	2013	BioMed research international
PMC3835577	24278358	comparison	2013	PloS one
PMC3915109	24263062	comparison	2013	British journal of cancer
PMC4222774	24261578	comparison	2013	BMC neurology
PMC3832645	24260330	comparison	2013	PloS one
PMC3818463	24223897	comparison	2013	PloS one
PMC4226258	24206922	comparison	2013	BMC complementary and alternative medicine
PMC3832286	24195770	comparison	2013	Trials
PMC3812492	24187468	comparison	2013	World journal of gastroenterology
PMC6513466	24154977	comparison	2013	The Cochrane database of systematic reviews
PMC3786911	24098798	comparison	2013	PloS one
PMC3787085	24098690	comparison	2013	PloS one
PMC3787107	24098689	comparison	2013	PloS one
PMC3778857	23966430	comparison	2013	The American journal of clinical nutrition
PMC3724674	23922856	comparison	2013	PloS one
PMC3952720	23879311	comparison	2014	British journal of clinical pharmacology
PMC3855044	23876493	comparison	2013	Circulation. Cardiovascular genetics
PMC3717464	23864210	comparison	2013	BMJ open
PMC3702507	23861796	comparison	2013	PloS one
PMC3702538	23861749	comparison	2013	PloS one
PMC3688612	23818992	comparison	2013	PloS one
PMC3697418	23818558	comparison	2013	BMJ (Clinical research ed.)
PMC3834077	23818138	comparison	2013	International journal of cancer
PMC4967498	23817350	comparison	2013	Nature reviews. Neurology
PMC3796945	23814102	comparison	2013	Human reproduction update
PMC3983712	23798465	comparison	2013	American journal of hematology
PMC3681778	23785409	comparison	2013	PloS one
PMC3672155	23750263	comparison	2013	PloS one
PMC3671901	23737888	comparison	2013	Experimental and therapeutic medicine
PMC3661459	23717594	comparison	2013	PloS one
PMC3660576	23704929	comparison	2013	PloS one
PMC3665471	23687965	comparison	2013	Systematic reviews
PMC6493651	23663385	comparison	2013	CNS neuroscience & therapeutics
PMC3638583	23662117	comparison	2013	Evidence-based complementary and alternative medicine : eCAM
PMC3734408	23653099	comparison	2013	Clinical orthopaedics and related research
PMC3630123	23637862	comparison	2013	PloS one
PMC3682918	23634657	comparison	2013	Systematic reviews
PMC4100543	23631575	comparison	2013	Journal of periodontology
PMC3629080	23613723	comparison	2013	PloS one
PMC4872963	23579739	comparison	2013	Einstein (Sao Paulo, Brazil)
PMC3616119	23573257	comparison	2013	PloS one
PMC3667615	23566720	comparison	2013	The Journal of hand surgery
PMC3613358	23560041	comparison	2013	PloS one
PMC3594197	23536781	comparison	2013	PloS one
PMC3601005	23496911	comparison	2013	World journal of surgical oncology
PMC3578943	23437223	comparison	2013	PloS one
PMC3577825	23437053	comparison	2013	PloS one
PMC3734845	23412385	comparison	2013	Cell death & disease
PMC3567321	23407325	comparison	2013	Journal of preventive medicine and public health = Yebang Uihakhoe chi
PMC3893922	23403436	comparison	2013	Circulation. Heart failure
PMC3559790	23383022	comparison	2013	PloS one
PMC3559840	23382919	comparison	2013	PloS one
PMC3565599	23382495	comparison	2013	American journal of hypertension
PMC3553514	23321511	comparison	2013	British journal of cancer
PMC3540528	23304310	comparison	2012	AMIA ... Annual Symposium proceedings. AMIA Symposium
PMC3577647	23302739	comparison	2013	Systematic reviews
PMC3534032	23300871	comparison	2012	PloS one
PMC3493819	23226753	comparison	2012	Experimental and therapeutic medicine
PMC3511571	23226285	comparison	2012	PloS one
PMC3570676	23203481	comparison	2012	Human genetics
PMC3506232	23185182	comparison	2012	Archives of medical science : AMS
PMC3502517	23185136	comparison	2012	PLoS medicine
PMC3806278	23175139	comparison	2012	International journal of cancer
PMC3498197	23166724	comparison	2012	PloS one
PMC3526566	23157985	comparison	2012	BMC cancer
PMC3561464	23147525	comparison	2012	The American journal of gastroenterology
PMC3492247	23145005	comparison	2012	PloS one
PMC3494026	23125080	comparison	2012	Journal of Zhejiang University. Science. B
PMC3532197	23121760	comparison	2012	BMC medicine
PMC3780595	23089040	comparison	2012	International journal of infectious diseases : IJID : official publication of the International Society for Infectious Diseases
PMC3534584	23075379	comparison	2012	Systematic reviews
PMC3446138	23056824	comparison	2011	Iranian journal of pediatrics
PMC3462776	23056195	comparison	2012	PloS one
PMC3462189	23049705	comparison	2012	PloS one
PMC3444298	22993484	comparison	2012	Molecular vision
PMC3662474	22975314	comparison	2012	Journal of biomedical informatics
PMC3459788	22943282	comparison	2012	BMC medical genetics
PMC3429412	22937158	comparison	2012	PloS one
PMC3598322	22929026	comparison	2012	European journal of human genetics : EJHG
PMC3464149	22925442	comparison	2012	BMC medicine
PMC3419740	22916163	comparison	2012	PloS one
PMC3411392	22891187	comparison	2012	Canadian respiratory journal
PMC3406072	22848554	comparison	2012	PloS one
PMC3491930	22820538	comparison	2012	Environmental health perspectives
PMC3388076	22768293	comparison	2012	PloS one
PMC3372886	22719222	comparison	2012	International journal of biological sciences
PMC3445696	22700393	comparison	2012	Journal of general internal medicine
PMC3497590	22607024	comparison	2012	BMC medical genetics
PMC3383954	22555977	comparison	2012	Molecular biology reports
PMC6599832	22513907	comparison	2012	The Cochrane database of systematic reviews
PMC3308934	22448149	comparison	2012	PLoS medicine
PMC3289976	22448141	comparison	2012	TheScientificWorldJournal
PMC3283559	22363213	comparison	2012	PLoS medicine
PMC11801329	22258983	comparison	2012	The Cochrane database of systematic reviews
PMC3268102	22230294	comparison	2012	Malaria journal
PMC4321798	22176942	comparison	2012	Journal of the American Academy of Child and Adolescent Psychiatry
PMC3576153	22156764	comparison	2011	Schizophrenia bulletin
PMC3236820	22146889	comparison	2011	BMJ open
PMC3317062	22143005	comparison	2011	Molecular psychiatry
PMC7390448	22071866	comparison	2011	The Cochrane database of systematic reviews
PMC3298445	22040834	comparison	2011	Gynecologic oncology
PMC3194810	22022380	comparison	2011	PloS one
PMC3625950	21931319	comparison	2011	Molecular psychiatry
PMC3166328	21912683	comparison	2011	PloS one
PMC3222234	21890791	comparison	2011	The American journal of psychiatry
PMC3160295	21886848	comparison	2011	PLoS neglected tropical diseases
PMC3196048	21855836	comparison	2011	The American journal of cardiology
PMC3139602	21818296	comparison	2011	PloS one
PMC6819950	21810526	comparison	2011	Journal of clinical densitometry : the official journal of the International Society for Clinical Densitometry
PMC3112149	21695195	comparison	2011	PloS one
PMC3118373	21651756	comparison	2011	BMC medicine
PMC3141762	21599949	comparison	2011	BMC cancer
PMC3181495	21529739	comparison	2011	The American journal of cardiology
PMC3072982	21494616	comparison	2011	PloS one
PMC3093764	21415396	comparison	2011	Stroke
PMC3016816	21212122	comparison	2011	BMJ (Clinical research ed.)
PMC3018376	21176224	comparison	2010	BMC pediatrics
PMC11827907	21107607	comparison	2010	Journal of cancer research and clinical oncology
PMC3000394	21078183	comparison	2010	Environmental health : a global access science source
PMC3025772	20921117	comparison	2010	Archives of general psychiatry
PMC2944309	20819229	comparison	2010	Parasites & vectors
PMC4696542	20798928	comparison	2010	Osteoporosis international : a journal established as result of cooperation between the European Foundation for Osteoporosis and the National Osteoporosis Foundation of the USA
PMC4016714	20498174	comparison	2010	Pediatrics
PMC2864873	20469800	comparison	2010	Sleep
PMC4170071	20447919	comparison	2010	Cancer epidemiology, biomarkers & prevention : a publication of the American Association for Cancer Research, cosponsored by the American Society of Preventive Oncology
PMC2846857	20361022	comparison	2010	PLoS biology
PMC2804713	20021637	comparison	2009	BMC cancer
PMC2811705	20015404	comparison	2009	Trials
PMC2789098	19941636	comparison	2009	BMC medical research methodology
PMC2809295	19910503	comparison	2009	Diabetes care
PMC2775624	19901314	comparison	2009	Annals of family medicine
PMC2780848	22477498	comparison	2009	The International journal of angiology : official publication of the International College of Angiology, Inc
PMC2713689	19513073	comparison	2009	British journal of cancer
PMC2674061	19356245	comparison	2009	BMC medical research methodology
PMC6880859	19349632	comparison	2009	Annals of internal medicine
PMC2653744	19209175	comparison	2009	British journal of cancer
PMC2663327	18978412	comparison	2008	The Journal of bone and joint surgery. American volume
PMC2518111	18769481	comparison	2008	PloS one
PMC3969935	24692807	comparison	2008	Current therapeutic research, clinical and experimental
PMC2398753	18517032	comparison	2008	Sleep
PMC2246037	18301772	comparison	2008	PloS one
PMC2241774	18271997	comparison	2007	Patient safety in surgery
PMC2577179	18063831	comparison	2007	Stroke
PMC2131700	17980183	comparison	2007	American journal of obstetrics and gynecology
PMC6991932	17636709	comparison	2007	The Cochrane database of systematic reviews
PMC2206475	17448226	comparison	2007	Critical care (London, England)
PMC8973936	17443631	comparison	2007	The Cochrane database of systematic reviews
PMC1845145	17359550	comparison	2007	World journal of emergency surgery : WJES
PMC1857560	16956912	comparison	2006	The British journal of ophthalmology
PMC8764903	16856028	comparison	2006	The Cochrane database of systematic reviews
PMC2742730	16452336	comparison	2006	Pediatrics
PMC1177924	15955254	comparison	2005	BMC complementary and alternative medicine
PMC526263	15500690	comparison	2004	BMC medicine
PMC523109	15469946	comparison	2004	BMJ (Clinical research ed.)
PMC1755051	15194568	comparison	2004	Annals of the rheumatic diseases
PMC1747867	15175541	comparison	2004	Tobacco control
PMC156459	12775615	comparison	2003	BMJ (Clinical research ed.)
PMC115863	11978183	comparison	2002	BMC medical research methodology
PMC103664	11978182	comparison	2002	BMC medical research methodology
PMC7047571	11687106	comparison	2001	The Cochrane database of systematic reviews
PMC3057588	11641531	comparison	2001	Journal of Korean medical science
PMC1497008	9754515	comparison	1998	Journal of general internal medicine
PMC1382780	7672658	comparison	1995	Gut
PMC2542663	7819982	comparison	1994	BMJ (Clinical research ed.)
PMC1695167	8342719	comparison	1993	American journal of public health
PMC2248150	1482871	comparison	1992	Proceedings. Symposium on Computer Applications in Medical Care
PMC13525842	42667682	comparison	2026	International journal of epidemiology
PMC13491430	42626115	comparison	2026	Frontiers in cellular and infection microbiology
PMC13538718	42467724	comparison	2026	Human reproduction update
PMC13225150	42232156	comparison	2026	Journal of inflammation research
PMC13195871	42169119	comparison	2026	BMC medical informatics and decision making
PMC13228004	42037378	comparison	2026	Microbiology spectrum
PMC13110926	42036306	comparison	2026	Pharmacoepidemiology and drug safety
PMC13083279	42005092	comparison	2026	Plastic surgery (Oakville, Ont.)
PMC13201076	41990112	comparison	2026	GigaScience
PMC12964991	41798774	comparison	2026	Journal of the Royal Society of New Zealand
PMC12884836	41631683	comparison	2026	Health technology assessment (Winchester, England)
PMC12864770	41526582	comparison	2026	Scientific reports
PMC12501939	41063800	comparison	2025	ACS catalysis
PMC12121171	40437377	comparison	2025	BMC bioinformatics
PMC12506957	40411210	comparison	2025	The British journal of clinical psychology
PMC11521266	39471154	comparison	2024	PLOS digital health
PMC11360874	39211537	comparison	2024	Frontiers in psychiatry
PMC10783158	38206590	comparison	2024	GigaScience
PMC10674088	38009089	comparison	2023	Open research Europe
PMC10649165	37959274	comparison	2023	Journal of clinical medicine
PMC10598263	37875663	comparison	2023	Scientific reports
PMC10502848	37607538	comparison	2023	American journal of human genetics
PMC10501962	37407841	comparison	2023	Journal of digital imaging
PMC10286975	37347739	comparison	2023	PloS one
PMC10019715	36928664	comparison	2023	PloS one
PMC9898311	36724732	comparison	2023	NeuroImage. Clinical
PMC9749424	36532039	comparison	2022	Frontiers in immunology
PMC9666860	36407750	comparison	2022	JRSM open
PMC9577715	36190749	comparison	2022	Journal of medical Internet research
PMC9229142	35739465	comparison	2022	BMC medical research methodology
PMC9630164	35502762	comparison	2022	Journal of orthopaedic research : official publication of the Orthopaedic Research Society
PMC9044204	35494825	comparison	2022	PeerJ. Computer science
PMC9036215	35466280	comparison	2022	Antibodies (Basel, Switzerland)
PMC9127391	35276363	comparison	2022	NeuroImage
PMC8889660	35232481	comparison	2022	Child and adolescent psychiatry and mental health
PMC8841579	35198409	comparison	2022	Internet interventions
PMC8652856	34898693	comparison	2021	Geographical analysis
PMC8674314	34732844	comparison	2021	Neuropsychopharmacology : official publication of the American College of Neuropsychopharmacology
PMC7611896	34608322	comparison	2021	Nature methods
PMC13254782	34331655	comparison	2021	Brain imaging and behavior
PMC8276979	34268467	comparison	2021	Frontiers in research metrics and analytics
PMC9135848	34231158	comparison	2021	Irish journal of medical science
PMC8363796	34226931	comparison	2021	Journal of the American Medical Informatics Association : JAMIA
PMC8253437	34214134	comparison	2021	PloS one
PMC8849353	34133893	comparison	2021	Journal of clinical microbiology
PMC7909217	33718599	comparison	2020	Comprehensive results in social psychology
PMC7902022	33633639	comparison	2021	Frontiers in psychology
PMC7644557	33196023	comparison	2020	iScience
PMC7737772	33179363	comparison	2020	Protein science : a publication of the Protein Society
PMC7489493	33110417	comparison	2020	Frontiers in genetics
PMC8639049	32830874	comparison	2020	Journal of magnetic resonance imaging : JMRI
PMC7359270	32685199	comparison	2020	Research integrity and peer review
PMC7343185	32584808	comparison	2020	PLoS computational biology
PMC7254447	32499887	comparison	2020	European journal of translational myology
PMC7206586	32399466	comparison	2018	Molecular neuropsychiatry
PMC7049215	32161667	comparison	2020	Research integrity and peer review
PMC7056781	32026200	comparison	2020	Journal of assisted reproduction and genetics
PMC6953668	31938497	comparison	2019	Ecology and evolution
PMC6955516	31892667	comparison	2019	BMJ open
PMC6743472	31565572	comparison	2019	PeerJ
PMC6899669	31389023	comparison	2019	Medical physics
PMC6999932	31283730	comparison	2019	Clinical orthopaedics and related research
PMC6456162	30964856	comparison	2019	PLoS biology
PMC6363603	30775245	comparison	2018	Asian journal of urology
PMC6343667	30545485	comparison	2018	International journal of medical informatics
PMC6135363	30208060	comparison	2018	PloS one
PMC6047504	30013826	comparison	2018	PeerJ
PMC6024681	29988476	comparison	2018	Frontiers in psychology
PMC6139382	30234197	comparison	2018	Gates open research
PMC5977728	29854241	comparison	2018	AMIA ... Annual Symposium proceedings. AMIA Symposium
PMC5938413	29765315	comparison	2018	Frontiers in neuroinformatics
PMC5662702	28840547	comparison	2017	Attention, perception & psychophysics
PMC5500050	28658128	comparison	2017	Medicine
PMC5333253	28269904	comparison	2017	AMIA ... Annual Symposium proceedings. AMIA Symposium
PMC5346905	28253087	comparison	2017	Omics : a journal of integrative biology
PMC5240197	28095769	comparison	2017	BMC bioinformatics
PMC5811827	27690184	comparison	2016	The European journal of neuroscience
PMC5014984	27558834	comparison	2016	Journal of medical Internet research
PMC4699702	26726926	comparison	2016	PLoS biology
PMC4511425	25918834	comparison	2015	American journal of respiratory and critical care medicine
PMC4062485	24941260	comparison	2014	PloS one
PMC4080412	24593923	comparison	2014	Toxicology and applied pharmacology
PMC3806805	24194831	comparison	2013	PloS one
PMC3566397	23396660	comparison	2012	Health services & outcomes research methodology
PMC3459654	23055711	comparison	2012	International journal of chronic obstructive pulmonary disease
PMC3445543	23029024	comparison	2012	PloS one
PMC3324501	22509336	comparison	2012	PloS one
PMC3159964	21897815	comparison	2011	Frontiers in neuroinformatics
PMC2574950	18535005	comparison	2008	Human reproduction update
