record_id,hand_include,title,abstract
S001,,rBEFdata: documenting data exchange and analysis for a collaborative data management platform.,"We are witnessing a growing gap separating primary research data from derived data products presented as knowledge in publications. Although journals today more often require the underlying data products used to derive the results as a prerequisite for a publication, the important link to the primary data is lost. However, documenting the postprocessing steps of data linking, the primary data with derived data products has the potential to increase the accuracy and the reproducibility of scientific findings significantly. Here, we introduce the rBEFdata R package as companion to the collaborative data management platform BEFdata. The R package provides programmatic access to features of the platform. It allows to search for data and integrates the search with external thesauri to improve the data discovery. It allows to download and import data and metadata into R for analysis. A batched download is available as well which works along a paper proposal mechanism implemented by BEFdata. This feature of BEFdata allows to group primary data and metadata and streamlines discussions and collaborations revolving around a certain research idea. The upload functionality of the R package in combination with the paper proposal mechanism of the portal allows to attach derived data products and scripts directly from R, thus addressing major aspects of documenting data postprocessing. We present the core features of the rBEFdata R package along an ecological analysis example and further discuss the potential of postprocessing documentation for data, linking primary data with derived data products and knowledge."
S002,,Evaluation of cultural competency in a South African cluster randomised controlled trial: lessons learned for trial reporting standards.,"BACKGROUND: Failure to consider relevant cultural, ethnic and diversity parameters (and the intersection between these parameters) during trial protocol development and trial conduct may negatively impact recruitment, intervention development and delivery, and participant adherence and retention, potentially reducing overall internal validity. This case study aimed to evaluate the utility and comparability between the 9-item Gibbs Framework to measure cultural competency and the GRIPP-2(Short Form (SF)) 5-point checklist to assess patient and public involvement in the context of a complex clinical trial conducted in an African setting. METHODS: We identified and collated all relevant publications, source and procedural data related to the trial and integrated the documents into a dynamic trial timeline. Two independent investigators applied and scored the Gibbs Framework and the GRIPP-2(SF) checklist to the four publications arising from the trial, noting functionality and comparability between tools. Where cultural competency was not met, a third investigator screened all procedural and source data and identified if cultural competency had been achieved but not reported in the publications, or if the trial had not met appropriate cultural competency based on the documentation. RESULTS: Application of the Gibbs Framework found that the trial scored '2' for seven of the nine Gibbs items, indicating full cultural competency for those questions. The Framework indicated that the trial research question was not driven by the articulated needs of patients, and neither were patients, caregivers and clinical providers involved in the development of the intervention. Comparability with the GRIPP-2(SF) checklist showed that the Gibbs performed better on evaluation of partnerships"
S003,,The assessment of the quality of reporting of meta-analyses in diagnostic research: a systematic review.,"BACKGROUND: Over the last decade there have been a number of guidelines published, aimed at improving the quality of reporting in published studies and reviews. In systematic reviews this may be measured by their compliance with the PRISMA statement. This review aims to evaluate the quality of reporting in published meta-analyses of diagnostic tests, using the PRISMA statement and establish whether there has been a measurable improvement over time. METHODS: Eight databases were searched for reviews published prior to 31(st) December 2008. Studies were selected if they evaluated a diagnostic test, measured performance, searched two or more databases, stated the search terms and inclusion criteria, and used a statistical method to summarise a test's performance. Data were extracted on the review characteristics and items of the PRISMA statement. To measure the change in the quality of reporting over time, PRISMA items for two periods of equal duration were compared. RESULTS: Compliance with the PRISMA statement was generally poor: none of the reviews completely adhered to all 27 checklist items. Of the 236 meta-analyses included following selection: only 2(1%) reported the study protocol; 59(25%) reported the searches used; 76(32%) reported the results of a risk of bias assessment; and 82(35%) reported the abstract as a structured summary. Only 11 studies were published before 2000. Thus, the impact of QUOROM on the quality of reporting was not evaluated. However, the periods 2001-2004 and 2005-2008 (covering 93% of studies) were compared using relative risks (RR). There was an increase in the proportion of reviews reporting on five PRISMA items: eligibility criteria (RR 1.13, 95% CI 1.00 - 1.27); risk of bias across studies (methods) (RR 1.81, 95% CI 1.34 - 2.44); study "
S004,,A predictive index for health status using species-level gut microbiome profiling.,"Providing insight into one's health status from a gut microbiome sample is an important clinical goal in current human microbiome research. Herein, we introduce the Gut Microbiome Health Index (GMHI), a biologically-interpretable mathematical formula for predicting the likelihood of disease independent of the clinical diagnosis. GMHI is formulated upon 50 microbial species associated with healthy gut ecosystems. These species are identified through a multi-study, integrative analysis on 4347 human stool metagenomes from 34 published studies across healthy and 12 different nonhealthy conditions, i.e., disease or abnormal bodyweight. When demonstrated on our population-scale meta-dataset, GMHI is the most robust and consistent predictor of disease presence (or absence) compared to α-diversity indices. Validation on 679 samples from 9 additional studies results in a balanced accuracy of 73.7% in distinguishing healthy from non-healthy groups. Our findings suggest that gut taxonomic signatures can predict health status, and highlight how data sharing efforts can provide broadly applicable discoveries."
S005,,"A Literature Review on the GDPR, COVID-19 and the Ethical Considerations of Data Protection During a Time of Crisis.","OBJECTIVE: This survey article presents a literature review of relevant publications aiming to explore whether the EU's General Data Protection Regulation (GDPR) has held true during a time of crisis and the implications that arose during the COVID-19 outbreak. METHOD AND RESULTS: Based on the approach taken and the screening of the relevant articles, the results focus on three themes: a critique on GDPR; the ethics surrounding the use of digital health technologies, namely in the form of mobile applications; and the possibility of cross border transfers of said data outside of Europe. Within this context, the article reviews the arising themes, considers the use of data through mobile health applications, and discusses whether data protection may require a revision when balancing societal and personal interests. CONCLUSIONS: In summary, although it is clear that the GDPR has been applied through a mixed and complex experience with data handling during the pandemic, the COVID-19 pandemic has indeed shown that it was a test the GDPR was designed and prepared to undertake. The article suggests that further review and research is needed to first ensure that an understanding of the state of the art in data protection during the pandemic is maintained and second to subsequently explore and carefully create a specific framework for the ethical considerations involved. The paper echoes the literature reviewed and calls for the creation of a unified and harmonised network or database to enable the secure data sharing across borders."
S006,,Associations Between Patient Characteristics and Progression to Multiple Myeloma Among Patients With Monoclonal Gammopathy of Undetermined Significance: A Systematic Review.,"Monoclonal gammopathy of undetermined significance (MGUS) is a pre-malignant condition of multiple myeloma (MM). Evidence suggested old age, black race, male gender, and obesity as risk factors for MGUS development; however, whether they are associated with an increased risk of progression to MM among patients with MGUS is unclear. A systematic search of PUBMED and EMBASE for cohort studies investigating the association between age/race/gender/obesity and progression to MM. We used the Newcastle-Ottawa Scale (NOS) to assess the methodologic quality of the included studies. Summary risk ratios were calculated using random-effects models. We identified 24 publications, of which 17 articles were included in the main analyses. Overall, the quality of the studies was fair (mean NOS = 5.5). Our meta-analyses showed that old age was positively associated with the risk of the MGUS-MM progression (risk ratio: 2.38; 95% confidence interval [CI] 1.59-3.57), while race was not statistically significantly associated with the risk (blacks vs whites: 1.09; 95% CI: 0.77-1.54). Males had a lower risk of MGUS-MM progression, compared to females (risk ratio: 0.70; 95% CI 0.50-1.0; P-value = .048). High body mass index was significantly associated with an increased risk of MGUS-MM progression (risk ratio: 1.32; 95% CI 1.12-1.57). Based on extant research, old age, female sex, and obesity may be implicated in MGUS-MM progression. However, several studies which found an insignificant association between age/gender and progression did not report the risk estimates. Publication bias exists and our risk estimates may be overestimated. More studies are warranted to confirm our findings."
S007,,Gramene 2021: harnessing the power of comparative genomics and pathways for plant research.,"Gramene (http://www.gramene.org), a knowledgebase founded on comparative functional analyses of genomic and pathway data for model plants and major crops, supports agricultural researchers worldwide. The resource is committed to open access and reproducible science based on the FAIR data principles. Since the last NAR update, we made nine releases; doubled the genome portal's content; expanded curated genes, pathways and expression sets; and implemented the Domain Informational Vocabulary Extraction (DIVE) algorithm for extracting gene function information from publications. The current release, #63 (October 2020), hosts 93 reference genomes-over 3.9 million genes in 122 947 families with orthologous and paralogous classifications. Plant Reactome portrays pathway networks using a combination of manual biocuration in rice (320 reference pathways) and orthology-based projections to 106 species. The Reactome platform facilitates comparison between reference and projected pathways, gene expression analyses and overlays of gene-gene interactions. Gramene integrates ontology-based protein structure-function annotation; information on genetic, epigenetic, expression, and phenotypic diversity; and gene functional annotations extracted from plant-focused journals using DIVE. We train plant researchers in biocuration of genes and pathways; host curated maize gene structures as tracks in the maize genome browser; and integrate curated rice genes and pathways in the Plant Reactome."
S008,,Diagnostic value of microRNA for pancreatic cancer: a meta-analysis.,"INTRODUCTION: MicroRNAs have been reported to be aberrantly expressed in patients with pancreatic cancer. The aim of the present meta-analysis is to establish the overall diagnostic accuracy of the measurement of microRNA for diagnosing pancreatic cancer. MATERIAL AND METHODS: After a systematic review of English language studies from Medline, Embase, and Cochrane Library, the sensitivity, specificity, and other measures of accuracy of microRNA in the diagnosis of pancreatic cancer were pooled using random-effects models. The methodological quality of each study was assessed by QUADAS (quality assessment for studies of diagnostic accuracy). Statistical analysis was performed by employing Meta-Disc 1.4 software and STATA. Summary receiver operating characteristic curves were used to summarize overall test performance. Deeks' test was used to test the potential publication bias. RESULTS: Nine studies from seven publications met our inclusion criteria. The summary estimates for microRNAs in the diagnosis of pancreatic cancer in these studies were pooled sensitivity 0.89 (95% CI: 0.86-0.91), specificity 0.93 (95% CI: 0.90-0.95), positive likelihood ratio 11.62 (95% CI: 5.75-23.50), negative likelihood ratio 0.14 (95% CI: 0.08-0.24), diagnostic odds ratio 115.13 (95% CI: 33.73-351.28), and the area under the curve was 0.97. CONCLUSIONS: MicroRNA assay plays an important role in the diagnosis of pancreatic cancer. The results of microRNA assays should be interpreted in parallel with clinical findings and the results of conventional tests."
S009,,Improving Blood Pressure Management in Primary Care Patients with Chronic Kidney Disease: a Systematic Review of Interventions and Implementation Strategies.,"INTRODUCTION: Chronic kidney disease (CKD) is widely prevalent, associated with morbidity and mortality, but may be lessened with timely implementation of evidence-based strategies including blood pressure (BP) control. Nonetheless, an evidence-practice gap persists. We synthesize the evidence for clinician-facing interventions to improve hypertension management in CKD patients in primary care. METHODS: Electronic databases and related publications were queried for relevant studies. We used a conceptual model to address heterogeneity of interventions. We conducted a quantitative synthesis of interventions on blood pressure (BP) outcomes and a narrative synthesis of other CKD relevant clinical outcomes. Planned subgroup analyses were performed by (1) study design (randomized controlled trials (RCTs) or nonrandomized studies (NRS)); (2) intervention type (guideline-concordant decision support, shared care, pharmacist-facing); and (3) use of behavioral/implementation theory. RESULTS: Of 2704 manuscripts screened, 73 underwent full-text review; 22 met inclusion criteria. BP target achievement was reported in 15 and systolic BP reduction in 6 studies. Among RCTs, all interventions had a significant effect on BP control, (pooled OR 1.21; 95% CI 1.07 to 1.38). Subgroup analysis by intervention type showed significant effects for guideline-concordant decision support (pooled OR 1.19; 95% CI 1.12 to 1.27) but not shared care (pooled OR 1.71; 95% CI 0.96 to 3.03) or pharmacist-facing interventions (pooled OR 1.04; 95% CI 0.82 to 1.34). Subgroup analysis finding was replicated with pooling of RCTs and NRS. The five contributing studies showed large and significant reduction in systolic BP (pooled WMD - 3.86; 95% CI - 7.2 to - 0.55). Use of a behavioral/implementation theory had no"
S010,,Nursing managers' experiences of facing the COVID-19 pandemic in their work: A systematic review.,"AIM: There is far little evidence available on nursing managers' experiences during this global crisis. This systematic review aimed to provide the first comprehensive summary of the findings of published studies describing data concerning nursing managers' experiences of the COVID-19 outbreak. DESIGN: Studies published between January 2019 and the end of December 2021 were retrieved from CINAHL, Medline and PubMed databases. The Preferred Reporting Items for Systematic Reviews and Meta-Analyses (PRISMA) statement was used to guide the search methodology. METHODS: In total, 14 relevant articles were assessed using the Joanna Briggs Institute Critical Appraisal Tools and subjected to thematic content analysis. RESULTS: Our findings revealed five main themes describing nursing managers' experiences: an expanding and changing role, ensuring the well-being of staff, communication, support received, development and learning. Nursing managers found the task of operational management confusing, as objectives have been constantly changing as the pandemic has progressed. The results should be used in preparation for future crises similar to the COVID-19 pandemic."
S011,,Efficacy of decellularized extracellular matrix (dECM) for articular cartilage repair in osteoarthritis (OA): a systematic review and meta-analysis.,"BACKGROUND: Osteoarthritis (OA) is a common degenerative joint disease causing chronic pain, disability, and mobility limitations, severely affecting quality of life. Traditional treatments like physical therapy and surgery often have limited efficacy due to side effects, incomplete recovery, and disease progression, highlighting the need for innovative therapies. METHODS: We searched PubMed and Embase from January 1, 2010 to November 1, 2024, preliminary included studies involving animal experiments on the therapeutic effects of decellularized extracellular matrix (dECM) and its derived materials on cartilage defect. After removing duplicates, we conducted a bibliometric analysis. Following the exclusion and evaluation of literature, the random/fixed effects model was employed to perform meta-analysis and obtain Weighted Mean Difference (WMD) of Osteoarthritis Research Society International (OARSI) score and International Cartilage Repair Society (ICRS) score between the dECM treatment group and corresponding control group. We verify the robustness of the results through subgroup analysis and sensitivity analysis, with heterogeneity assessed by Q-test and quantified via I2 values. RESULTS: We included a total of 10 studies, of which 7 were used for ICRS-based meta-analysis and 3 were used for OARSI-based meta-analysis. The combined mean ICRS of dECM treatment group/control group resulted in an WMD of 2.45 (95% CI: 1.07 to 3.84; I2 = 97.4%); P-value < 0.001). Meanwhile, the combined mean OARSI of dECM treatment group/control group resulted in an WMD of -1.65 (95% CI: -3.63 to 0.34; I2 = 97.3%). The subsequent funnel plot confirmed the low publication bias of the above results. CONCLUSIONS: Based on the dual-index meta-analysis, the dECM and relative derivatives have bee"
S012,,Wikidata for botanists: benefits of collaborating and sharing Linked Open Data.,"BACKGROUND: Wikidata is a multilingual linked open knowledge base to which anyone can contribute that contains multitudes of botany-related information. Wikidata reveals interactions between entities and connects botany-related information from multiple institutions and other sources, benefiting the botanical community in numerous ways. The aim of this article is to give an overview of Wikidata from a botany perspective and issue a call to action to the botanical community to collectively improve the quantity and quality of information related to botany, botanists and botanical collections, in Wikidata. Here, we use a broad definition of botany to include the study of many different taxa and specializations. SCOPE: Wikidata contains botany-related data and identifiers for botanists and botanical collectors, botanical taxa, natural history institutions and collections, botany-related publications, geographical locations and research expeditions, as well as genes, genetic variants, chemical compounds, diseases, and more. As an open, collaborative and community-curated knowledge base, Wikidata enables different communities to add and link data related to botany and empowers the querying and reuse of this data via digital tools such as the Wikidata Query Service, Bionomia, Scholia, TL-2 and Expeditia. CONCLUSIONS: Collaboration is key in botany and Wikidata, and the sharing and enriching of botany-related Linked Open Data benefits us all. Several resources, including ethical and legal guidelines, are available for botanists to edit, use, reuse, roundtrip and teach Wikidata. We call on all botanists to be active participants in Wikidata, improving the quality, quantity and linking of botany-related data. Our individual and collective actions can help harness the power of Lin"
S013,,Unmet Need of Antenatal Screening for Asymptomatic Bacteriuria: A Risk Factor for Adverse Outcomes of Pregnancy.,"Recommended urine culture is unsuitable for screening pregnant women for asymptomatic bacteriuria due to long turn-around time, unaffordability, and user-unfriendliness. The objective of this review was to evaluate the suitability of various tests for this purpose. A PubMed-based systematic review of published articles irrespective of year and language was done. Search terms included asymptomatic bacteriuria, screening test, urinary tract infection, and diagnostic test. Diagnostic accuracy studies conducted on human populations comparing tests with urine culture were included. One author extracted predefined data fields, including quality indicators, another validated it. Of 78 records, 25 studies describing 15 tests were included. All tests were rapid, seven were valid and two of them were affordable and easy-to-use. No test provided comprehensive identification with antibiotic susceptibility. Despite publication bias, no test was found suitable for screening asymptomatic bacteriuria antenatally and providing evidence-based prescription. Further research is needed to develop tests which suit this purpose."
S014,,Systematic review update of observational studies further supports aspirin role in cancer treatment: Time to share evidence and decision-making with patients?,"BACKGROUND: Evidence is growing that low-dose aspirin used as an adjuvant treatment of cancer is associated with an increased survival and a reduction in metastatic spread. We therefore extended up to August 2017 an earlier systematic search and meta-analyses of published studies of low-dose aspirin taken by patients with a diagnosis of cancer. METHODS: Searches were completed in Medline and Embase to August 2017 using a pre-defined search strategy to identify reports of relevant studies. References in all the selected papers were scanned. Two reviewers independently applied pre-determined eligibility criteria and extracted data on cause-specific cancer deaths, overall mortality and the occurrence of metastatic spread. Meta-analyses were then conducted for different cancers and heterogeneity and publication bias assessed. Sensitivity analyses and attempts to reduce heterogeneity were conducted. RESULTS: Analyses of 29 studies reported since an earlier review up to April 2015 are presented in this report, and these are then pooled with the 42 studies in our earlier publication. Overall meta-analyses of the 71 studies are presented, based on a total of over 120 thousand patients taking aspirin. Ten of the studies also give evidence on the incidence of metastatic cancer spread. There are now twenty-nine observational studies describing colorectal cancer (CRC) and post-diagnostic aspirin. Pooling the estimates of reduction by aspirin which are reported as hazard ratios (HR), gives an overall HR for aspirin and CRC mortality 0.72 (95% CI 0.64-0.80). Fourteen observational studies have reported on aspirin and breast cancer mortality and pooling those that report the association with aspirin as a hazard ratio gives HR 0.69 (0.53-0.90). Sixteen studies report on aspirin and pro"
S015,,Human-AI interaction in skin cancer diagnosis: a systematic review and meta-analysis.,"The development of diagnostic tools for skin cancer based on artificial intelligence (AI) is increasing rapidly and will likely soon be widely implemented in clinical use. Even though the performance of these algorithms is promising in theory, there is limited evidence on the impact of AI assistance on human diagnostic decisions. Therefore, the aim of this systematic review and meta-analysis was to study the effect of AI assistance on the accuracy of skin cancer diagnosis. We searched PubMed, Embase, IEE Xplore, Scopus and conference proceedings for articles from 1/1/2017 to 11/8/2022. We included studies comparing the performance of clinicians diagnosing at least one skin cancer with and without deep learning-based AI assistance. Summary estimates of sensitivity and specificity of diagnostic accuracy with versus without AI assistance were computed using a bivariate random effects model. We identified 2983 studies, of which ten were eligible for meta-analysis. For clinicians without AI assistance, pooled sensitivity was 74.8% (95% CI 68.6-80.1) and specificity was 81.5% (95% CI 73.9-87.3). For AI-assisted clinicians, the overall sensitivity was 81.1% (95% CI 74.4-86.5) and specificity was 86.1% (95% CI 79.2-90.9). AI benefitted medical professionals of all experience levels in subgroup analyses, with the largest improvement among non-dermatologists. No publication bias was detected, and sensitivity analysis revealed that the findings were robust. AI in the hands of clinicians has the potential to improve diagnostic accuracy in skin cancer diagnosis. Given that most studies were conducted in experimental settings, we encourage future studies to further investigate these potential benefits in real-life settings."
S016,,Federated Computing in Orthopaedic Surgery: A Paradigm Shift in Collaborative Multicenter Research.,"➢ Multicenter studies remain rare in orthopaedics (9.9% of recent publications) due to regulatory complexity, restrictive data-sharing policies, and administrative delays, despite their proven value in generating robust, generalizable evidence. ➢ Federated computing (FC) brings analytic code to each institution's data and returns only encrypted, aggregated results. This preserves patient privacy, maintains institutional control, and streamlines compliance by reducing or eliminating the need for complex data-use agreements. ➢ Extensive applications in other medical fields show that FC can match or exceed the performance of centralized analyses across diverse data types (imaging, electronic health records, genomics, and surgical video) without centralizing sensitive information. ➢ For orthopaedics, FC enables scalable, privacy-preserving collaboration on rare events, low-frequency outcomes, and practice variation across subspecialties. Broad adoption could expand research scope, improve evidence quality, and accelerate translation of findings into clinical care. ➢ FC enables secure, privacy-preserving multicenter collaboration in orthopaedics, overcoming long-standing barriers to data-sharing and expanding the scope of clinically impactful research."
S017,,The relationship between rheumatoid arthritis and diabetes mellitus: a systematic review and meta-analysis.,"OBJECTIVE: This systematic review/meta-analysis was conducted to investigate the relationship between rheumatoid arthritis and the incidence of diabetes mellitus. METHODS: A comprehensive search was conducted up to 10 March 2020 in Medline (via Ovid), Embase (via Ovid) and Web of Science core collection to identify cohort studies comparing the risk of diabetes mellitus incidence in people with rheumatoid arthritis with the general population. The I2 statistic was used to test heterogeneity. Pooled relative risks were calculated using random-effects models. Publication bias was assessed using Egger's test and Begg's test. RESULTS: The initial search provided 3669 articles. Of those, five journal articles/two conference abstracts comprising 1 629 854 participants were included in this study. The funnel plot showed potential publication bias, proven by Egger's test (-3.15, P < 0.01), but not Begg's test (-0.05, P = 1.00). Heterogeneity was observed in I2 test (I2 = 96%, P < 0.01). We found that rheumatoid arthritis was associated with a higher risk of diabetes mellitus incidence (pooled relative risk, 1.23; 95% confidence interval, 1.07-1.40). Exploration of potential sources of heterogeneity found significant heterogeneity in different countries/regions (P = 0.002), but heterogeneity was NS in different study designs (P = 0.30). Sensitivity analyses confirmed that the association between rheumatoid arthritis and diabetes mellitus incidence was robust. CONCLUSION: Rheumatoid arthritis is associated with an increased risk of diabetes mellitus incidence. This finding supports the notion that inflammatory pathways are involved in the pathogenesis of diabetes. More intensive interventions targeting diabetes risk factors should be considered in people with rheumatoid arthritis."
S018,,Computational renaissance in herbal medicine: A 20-year bibliometric deciphering of molecular dynamics simulations reshaping traditional Chinese medicine drug discovery.,"Molecular dynamics (MD) simulations have emerged as pivotal tools for deciphering the molecular mechanisms of Traditional Chinese Medicine (TCM), yet a comprehensive analysis of their global impact has not been conducted. We conducted a 20-year bibliometric analysis (2006-2025 December 31) of 6054 publications from the Web of Science Core Collection, Scopus and CNKI employing R packages and VOSviewer to map publication trends, collaborations, thematic evolution, and disease foci. Annual output surged from 1 article in 2006 to 1268 in 2024, representing a 1268-fold increase over the 19-year period (2006-2024). By December 31, 2025, the output for 2025 had already reached 1835 articles, indicating sustained momentum. China (46.8%), India (24.7%), and Saudi Arabia (9.9%) dominated research, with robust South-South collaborations (e.g., India-Saudi Arabia: weight = 229). Key journals included Journal of Biomolecular Structure & Dynamics (503 articles) and Phytomedicine (185 articles). Methodological shifts revealed progression from docking (2022) toward AI-driven bioinformatics (2024). Disease focus pivoted from chronic conditions (pre-2020) to infectious diseases (36.63% during COVID-19), then rebounded to cancer (+ 193% for breast cancer) and neurodegeneration (+ 182%).This computational renaissance positions MD simulations-augmented by AI and robust cross-regional collaboration-as indispensable for modernizing TCM. Future work must prioritize protocol standardization, open-data platforms that leverage global computational strengths, and translational validation to unlock TCM's full phytopharmacological potential."
S019,,DNA methylation in peripheral tissue of schizophrenia and bipolar disorder: a systematic review.,"BACKGROUND: Increasing evidence suggests the involvement of epigenetic processes in the development of schizophrenia and bipolar disorder, and recent reviews have focused on findings in post-mortem brain tissue. A systematic review was conducted to synthesise and evaluate the quality of available evidence for epigenetic modifications (specifically DNA methylation) in peripheral blood and saliva samples of schizophrenia and bipolar disorder patients in comparison to healthy controls. METHODS: Original research articles using humans were identified using electronic databases. There were 33 included studies for which data were extracted and graded in duplicate on 22 items of the Strengthening the Reporting of Observational Studies in Epidemiology (STROBE) statement, to assess methodological precision and quality of reporting. RESULTS: There were 15 genome-wide and 18 exclusive candidate gene loci investigations for DNA methylation studies. A number of common genes were identified as differentially methylated in schizophrenia/bipolar disorder, which were related to reelin, brain-derived neurotrophic factor, dopamine (including the catechol-O-methyltransferase gene), serotonin and glutamate, despite inconsistent findings of hyper-, hypo-, or lack of methylation at these and other loci. The mean STROBE score of 59% suggested moderate quality of available evidence; however, wide methodological variability contributed to a lack of consistency in the way methylation levels were quantified, such that meta-analysis of the results was not possible. CONCLUSIONS: Moderate quality of available evidence shows some convergence of differential methylation at some common genetic loci in schizophrenia and bipolar disorder, despite wide variation in methodology and reporting across studies."
S020,,"Burden, causes, and risk factors of perinatal mortality in Eastern Africa: a protocol for systematic review and meta-analysis.","BACKGROUND: Although global mortality rates in children under 5 years have decreased substantially in the last 30 years, there remain around 2.6 million stillbirths and 2.9 million neonatal deaths each year. The majority of these deaths occur in Africa and South Asia. To reduce perinatal deaths in East Africa, knowledge of the burden, but also the risk factors and causes of perinatal deaths are crucial. To the best of our knowledge, reviews have previously focused on the burden of perinatal deaths; here we aim to synthesize evidence on the burden, causes, and risk factors for perinatal mortality in East Africa. METHODS: We will conduct a systematic literature search in Medline, Web of Science, EMBASE, Global Health, SCOPUS, Cochrane Library, CINAHL, HINARI, African Index Medicus, African Journals Online (AJOL), and WHO African Regional Office (AFRO) Library. The study population includes all fetuses and newborns from ≥22 weeks of gestation (birth weight ≥500gm) to 7 days after birth, with reported causes or/and determinants as exposure, and perinatal mortality (stillbirths and/or early neonatal deaths) as an outcome. We will include studies from 2010 to 2022, and to facilitate the inclusion of up-to-date data, we will request recent data from ongoing surveillance in the region. To assess the quality of included studies, we will use the Joanna Briggs Institute quality assessment tool for observational and trial studies. We will analyze the data using STATA version 17 statistical software and assess heterogeneity and publication bias by Higgins' I 2 and funnel plot, respectively. CONCLUSIONS: This systematic review will search for published studies, and seek unpublished data, on the burden, causes, and risk factors of perinatal mortality in East Africa. Findings will be r"
S021,,Risk factors for malignant transformation of hepatocellular adenoma to hepatocellular carcinoma: protocol for systematic review and meta-analysis.,"INTRODUCTION: Hepatocellular adenomas (HCAs) are solid liver tumours that are usually found incidentally during routine medical check-ups. Multiple modifiable and non-modifiable factors constitute a risk for the malignant transformation of HCAs to hepatocellular carcinoma (HCC), which has emerged to be one of the fastest growing causes of cancer-related mortality globally. This study protocol for a planned systematic review and meta-analysis documents the methodological approach to identify risk factors and their risk estimates for the transformation from HCA to HCC. METHODS AND ANALYSIS: Two independent reviewers will systematically search and extract data from studies in patients of all ages published between January 1970 and June 2021 on PubMed, MEDLINE, EMBASE, Cumulative Index to Nursing and Allied Health Literature, Scopus Web of Science, Ovid, The Cochrane Hepatobiliary Group Controlled Trials Register and The Cochrane Central Register of Controlled Trials by using an a priori defined search strategy. Study quality will be rated with the National Institute of Health quality assessment tools. Disagreements will be resolved by consensus with a third independent reviewer. The primary outcome will be the odds ratio (OR) of developing HCC in patients with prediagnosed HCA depending on the exposure to risk factors. HCC diagnosis must be inferred based on imaging techniques or pathology. We will use R V.4.0.2 to conduct meta-analyses and generate pooled ORs based on random effects models. Results will be presented as forest plots. Cochran's Q and I2 test will be performed to assess heterogeneity between included studies. Funnel plots and Egger's weighted regression will be used to evaluate publication bias. ETHICS AND DISSEMINATION: No ethical approval is required as we"
S022,,"A comparison of qSOFA, SIRS and NEWS in predicting the accuracy of mortality in patients with suspected sepsis: A meta-analysis.","OBJECTIVE: To identify and compare prognostic accuracy of quick Sequential Organ Failure Assessment (qSOFA) score, Systemic Inflammatory Response Syndrome (SIRS) criteria, and National Early Warning Score (NEWS) to predict mortality in patients with suspected sepsis. METHODS: This meta-analysis followed accordance with the recommendations of the Preferred Reporting Items for Systematic Reviews and Meta-Analyses (PRISMA) statement. We searched PubMed, EMBASE, Web of Science, and the Cochrane Library databases from establishment of the database to November 29, 2021. The pooled sensitivity and specificity with 95% CIs were calculated using a bivariate random-effects model (BRM). Hierarchical summary receiver operating characteristic (HSROC) curves were generated to assess the overall prognostic accuracy. RESULTS: Data of 62338 patients from 26 studies were included in this meta-analysis. qSOFA had the highest specificity and the lowest sensitivity with a specificity of 0.82 (95% CI: 0.76-0.86) and a sensitivity of 0.46 (95% CI: 0.39-0.53). SIRS had the highest sensitivity and the lowest specificity with a sensitivity of 0.82 (95% CI: 0.78-0.85) and a specificity 0.24 (95% CI: 0.19-0.29). NEWS had both an intermediate sensitivity and specificity with a sensitivity of 0.73 (95% CI: 0.63-0.81) and a specificity 0.52 (95% CI: 0.39-0.65). qSOFA showed higher overall prognostic accuracy than SIRS and NEWS by comparing HSROC curves. CONCLUSIONS: Among qSOFA, SIRS and NEWS, qSOFA showed higher overall prognostic accuracy than SIRS and NEWS. However, no scoring system has both high sensitivity and specificity for predicting the accuracy of mortality in patients with suspected sepsis."
S023,,Data Publications Correlate with Citation Impact.,"Neuroscience and molecular biology have been generating large datasets over the past years that are reshaping how research is being conducted. In their wake, open data sharing has been singled out as a major challenge for the future of research. We conducted a comparative study of citations of data publications in both fields, showing that the average publication tagged with a data-related term by the NCBI MeSH (Medical Subject Headings) curators achieves a significantly larger citation impact than the average in either field. We introduce a new metric, the data article citation index (DAC-index), to identify the most prolific authors among those data-related publications. The study is fully reproducible from an executable Rmd (R Markdown) script together with all the citation datasets. We hope these results can encourage authors to more openly publish their data."
S024,,Association between rs1800795 polymorphism in the interleukin-6 gene and the risk of polycystic ovary syndrome: A meta-analysis.,"OBJECTIVE: Several published articles have investigated the association between the -174 G/C (rs1800795) polymorphism in the interleukin-6 (IL-6) gene and the risk of polycystic ovary syndrome (PCOS). However, the results were inconsistent. In the present study, a meta-analysis was performed to resolve this inconsistency. METHODS: Eligible studies reporting an association between the IL-6 rs1800795 polymorphism and PCOS susceptibility were included from PubMed, Embase, Web of Science, and the Cochrane Library up to December 1, 2017. The odds ratio (OR) with the 95% confidence interval (CI) was used to calculate the strength of the associations. Publication bias detection was conducted using Begg test. We used STATA 11.0 software to perform the statistical analyses. RESULTS: Six articles detailing case-control studies were included, reporting a total of 512 cases and 606 controls. The meta-analysis results indicated that rs1800795 was associated with decreased PCOS susceptibility in the overall population under the allelic model (G vs. C, OR = 0.59, 95% CI: 0.41-0.85, P = .005), the homozygous model (GG vs. CC, OR = 0.45, 95% CI: 0.28-0.73, P = .001), heterozygous model (GG vs. CG, OR = 0.50, 95% CI: 0.26-0.95, P = .036), and the dominant model (GC + CC vs. GG, OR = 0.48, 95% CI: 0.26-0.89, P = .020). However, a threshold P value of .05 was found under the recessive model (CC vs. GG + CG, OR = 0.62, 95% CI: 0.39-1.00). CONCLUSIONS: This meta-analysis concluded that IL-6 rs1800795 polymorphism has a decreased association with PCOS risk among all populations studied. The results suggested that the IL-6 rs1800795 polymorphism is a protective factor for PCOS susceptibility. Given the limited ethnic groups and sample size, further studies are required to validate the associat"
S025,,Trends and patterns in cancer nanotechnology research: A survey of NCI's caNanoLab and nanotechnology characterization laboratory.,"Cancer nanotechnologies possess immense potential as therapeutic and diagnostic treatment modalities and have undergone significant and rapid advancement in recent years. With this emergence, the complexities of data standards in the field are on the rise. Data sharing and reanalysis is essential to more fully utilize this complex, interdisciplinary information to answer research questions, promote the technologies, optimize use of funding, and maximize the return on scientific investments. In order to support this, various data-sharing portals and repositories have been developed which not only provide searchable nanomaterial characterization data, but also provide access to standardized protocols for synthesis and characterization of nanomaterials as well as cutting-edge publications. The National Cancer Institute's (NCI) caNanoLab is a dedicated repository for all aspects pertaining to cancer-related nanotechnology data. The searchable database provides a unique opportunity for data mining and the use of artificial intelligence and machine learning, which aims to be an essential arm of future research studies, potentially speeding the design and optimization of next-generation therapies. It also provides an opportunity to track the latest trends and patterns in nanomedicine research. This manuscript provides the first look at such trends extracted from caNanoLab and compares these to similar metrics from the NCI's Nanotechnology Characterization Laboratory, a laboratory providing preclinical characterization of cancer nanotechnologies to researchers around the globe. Together, these analyses provide insight into the emerging interests of the research community and rise of promising nanoparticle technologies."
S026,,Diabetes mellitus carries a risk of gastric cancer: a meta-analysis.,"AIM: To investigate the association and quantify the relationship between diabetes mellitus (DM) and gastric cancer (GC) by an updated meta-analysis. METHODS: The initial PubMed search identified 1233 publications. Studies not reporting GC or those not reporting actual number of GC were excluded. Twelve pertinent studies were retrieved from the PubMed database or from a manual search and considered for the meta-analysis. Pooled risk ratios and 95%CI were estimated by a random-effects model. Subgroup analysis was performed according to gender or geographical regions. Heterogeneity and publication bias were evaluated by I (2) and funnel plot analysis, respectively. RESULTS: DM was significantly associated with GC with a RR of 1.41 (P = 0.006) (95%CI: 1.10-1.81). Subgroup analyses revealed that both sexes showed a significant association with GC, with a greater magnitude of risk in females (RR = 1.90; 95%CI: 1.27-2.85; P = 0.002) than in males (RR = 1.24; 95%CI: 1.08-1.43; P = 0.002). In addition, the link between DM and GC was significant in East Asian DM patients (RR = 1.77; 95%CI: 1.38-2.26; P < 0.00001) but not in Western DM patients (RR = 1.23; 95%CI: 0.90-1.68; P = 0.2). There was no evidence of publication bias, but the results indicated significant heterogeneity. CONCLUSION: This updated meta-analysis has provided evidence of positive DM-GC associations. The limited information on potentially important clinical confounding factors in each study deserves further investigation."
S027,,Carbamazepine for chronic neuropathic pain and fibromyalgia in adults.,"BACKGROUND: This is an update of a Cochrane review entitled 'Carbamazepine for acute and chronic pain in adults' published in Issue 1, 2011. Some antiepileptic medicines have a place in the treatment of neuropathic pain (pain due to nerve damage). This updated review considers the treatment of chronic neuropathic pain and fibromyalgia only, and adds no new studies. The update uses higher standards of evidence than the earlier review, which results in the exclusion of five studies that were previously included. OBJECTIVES: To assess the analgesic efficacy of carbamazepine in the treatment of chronic neuropathic pain and fibromyalgia, and to evaluate adverse events reported in the studies. SEARCH METHODS: We searched for relevant studies in MEDLINE, EMBASE and CENTRAL up to February 2014. Additional studies were sought from clinical trials databases, and the reference list of retrieved articles and reviews. SELECTION CRITERIA: Randomised, double blind, active or placebo controlled trials (RCTs) investigating the use of carbamazepine (any dose, by any route, and for at least two weeks' duration) for the treatment of chronic neuropathic pain or fibromyalgia, with at least 10 participants per treatment group. Participants were adults aged 18 and over. DATA COLLECTION AND ANALYSIS: Two study authors independently extracted data on efficacy, adverse events, and withdrawals, and examined issues of study quality. Numbers needed to treat for an additional beneficial effect (NNT) or harmful effect (NNH) with 95% confidence intervals (CIs) were calculated from dichotomous data.We performed analysis using three tiers of evidence. First tier evidence derived from data meeting current best standards and subject to minimal risk of bias (outcome equivalent to substantial pain intensity "
S028,,The Allen Brain Atlas as a Resource for Teaching Undergraduate Neuroscience.,"The open science movement has resulted in a growing field of data- and tool-sharing platforms that serve as a resource not only for sharing data and results in the field of brain science but has allowed students and researchers to learn neuroscientific skills and concepts. For over a decade, the Allen Institute for Brain Science has been meticulously collecting high quality data mapping gene expression, connectivity and, more recently, functional data from the brains of mice, macaques and humans. These open data have been paired with unique navigation and visualization tools such that the neuroscience researcher can explore, utilize and even incorporate these data into their publications. The tools created to explore and analyze the Allen Brain Atlas datasets have also been widely utilized to teach neuroscientific concepts to undergraduate and graduate students. This article aims to outline how to use the Allen Brain Atlas resources as teaching tools to impart neuroanatomic concepts to undergraduate and graduate neuroscience students."
S029,,Randomized Clinical Trials of Machine Learning Interventions in Health Care: A Systematic Review.,"IMPORTANCE: Despite the potential of machine learning to improve multiple aspects of patient care, barriers to clinical adoption remain. Randomized clinical trials (RCTs) are often a prerequisite to large-scale clinical adoption of an intervention, and important questions remain regarding how machine learning interventions are being incorporated into clinical trials in health care. OBJECTIVE: To systematically examine the design, reporting standards, risk of bias, and inclusivity of RCTs for medical machine learning interventions. EVIDENCE REVIEW: In this systematic review, the Cochrane Library, Google Scholar, Ovid Embase, Ovid MEDLINE, PubMed, Scopus, and Web of Science Core Collection online databases were searched and citation chasing was done to find relevant articles published from the inception of each database to October 15, 2021. Search terms for machine learning, clinical decision-making, and RCTs were used. Exclusion criteria included implementation of a non-RCT design, absence of original data, and evaluation of nonclinical interventions. Data were extracted from published articles. Trial characteristics, including primary intervention, demographics, adherence to the CONSORT-AI reporting guideline, and Cochrane risk of bias were analyzed. FINDINGS: Literature search yielded 19 737 articles, of which 41 RCTs involved a median of 294 participants (range, 17-2488 participants). A total of 16 RCTS (39%) were published in 2021, 21 (51%) were conducted at single sites, and 15 (37%) involved endoscopy. No trials adhered to all CONSORT-AI standards. Common reasons for nonadherence were not assessing poor-quality or unavailable input data (38 trials [93%]), not analyzing performance errors (38 [93%]), and not including a statement regarding code or algorithm availabi"
S030,,"Antimicrobial Resistance at the Human-Animal-Environment Interface: A One Health Perspective on Drivers, Transmission, and Public Health Responses.","BACKGROUND: Antimicrobial resistance (AMR) is a global health threat driven by interconnected antimicrobial use and environmental pressures across human, animal, and ecological systems. This review synthesizes current evidence on the major drivers, transmission pathways, reservoirs, surveillance challenges, and public health responses associated with AMR at the human-animal-environment interface. METHODS: Relevant literature published up to March 2026 was identified through searches of PubMed, Scopus, Web of Science, and Google Scholar using terms related to AMR, One Health, antimicrobial use, transmission, surveillance, and public health responses. Peer-reviewed studies, systematic reviews, and reliable reports were considered, while duplicate, unrelated, non-English, and non-peer-reviewed publications were excluded. RESULTS: AMR is driven by inappropriate antimicrobial use in human healthcare, livestock and aquaculture production, and environmental contamination from wastewater, agricultural runoff, and pharmaceutical discharges. Resistant organisms and antimicrobial resistance genes circulate across sectors through food, water, direct contact, occupational exposure, wildlife, and horizontal gene transfer. Major gaps remain in integrated surveillance, cross-sector data sharing, diagnostic capacity, laboratory infrastructure, and implementation, particularly in resource-limited settings. These challenges are compounded by fragmented governance, inadequate regulation, limited stewardship, and poor coordination among human, animal, and environmental health sectors, hindering effective AMR prevention and control. CONCLUSIONS: Containing AMR requires coordinated One Health action integrating antimicrobial stewardship, infection prevention, improved diagnostics, harmonized "
S031,,Community next steps for making globally unique identifiers work for biocollections data.,"Biodiversity data is being digitized and made available online at a rapidly increasing rate but current practices typically do not preserve linkages between these data, which impedes interoperation, provenance tracking, and assembly of larger datasets. For data associated with biocollections, the biodiversity community has long recognized that an essential part of establishing and preserving linkages is to apply globally unique identifiers at the point when data are generated in the field and to persist these identifiers downstream, but this is seldom implemented in practice. There has neither been coalescence towards one single identifier solution (as in some other domains), nor even a set of recommended best practices and standards to support multiple identifier schemes sharing consistent responses. In order to further progress towards a broader community consensus, a group of biocollections and informatics experts assembled in Stockholm in October 2014 to discuss community next steps to overcome current roadblocks. The workshop participants divided into four groups focusing on: identifier practice in current field biocollections; identifier application for legacy biocollections; identifiers as applied to biodiversity data records as they are published and made available in semantically marked-up publications; and cross-cutting identifier solutions that bridge across these domains. The main outcome was consensus on key issues, including recognition of differences between legacy and new biocollections processes, the need for identifier metadata profiles that can report information on identifier persistence missions, and the unambiguous indication of the type of object associated with the identifier. Current identifier characteristics are also summarized, and an overvie"
S032,,Statistical Reporting Quality in Physical Medicine and Rehabilitation Journals: A Comparative Analysis of SCI-E and TR Indexed Publications.,"BACKGROUND: To evaluate statistical reporting quality and methodological errors in clinical research articles published in physical medicine and rehabilitation (PM&R) journals indexed in Science Citation Index Expanded (SCI-E) and Turkish National Citation Index (TR Dizin). METHODS: This cross-sectional methodological study analyzed original clinical research articles published between January 2024 and January 2025 in 18 PM&R journals indexed in SCI-E and TR Dizin. Articles were evaluated using predefined criteria based on Consolidated Standards of Reporting Trials (CONSORT) statement, the Strengthening the Reporting of Observational Studies in Epidemiology (STROBE) statement, and the Statistical Analyses and Methods in the Published Literature (SAMPL) guidelines. Statistical reporting practices, methodological indicators, and transparency indicators were assessed. Comparisons between journal groups were performed using Pearson's chi-square or Fisher's exact tests. RESULTS: A total of 433 articles were included, of which 358 (82.7%) were published in SCI-E journals and 75 (17.3%) in TR Dizin journals. Mean ± SD was reported in 93.1% of articles, whereas median-based statistics were reported in 47.3%. Normality testing was performed in 72.7% of studies. Effect size reporting was observed in 51.0% of articles. SCI-E journals reported effect sizes more frequently than TR Dizin journals (53.1% vs. 36.0%, P = .004). P reporting errors were more common in TR Dizin journals (21.3% vs. 8.9%, P = .002). CONCLUSION: Statistical reporting deficiencies remain common in PM&R clinical research articles. Although SCI-E indexed journals demonstrate relatively better adherence to recommended statistical practices, important methodological shortcomings persist in both indexing groups. St"
S033,,Pressure injury risk assessment for palliative care patients in the acute hospital setting: a scoping review.,"BACKGROUND: Hospitalised palliative care patients are at risk of pressure injury. The development of pressure injuries causes physical and psychological distress for patients. Therefore, the prevention of hospital-acquired pressure injury is a nursing priority. The first step in prevention is conducting a risk assessment, which should be population-specific. In Australia, four palliative care phases guide care planning for appropriate clinical management of palliative care patients. In phases 1-3, the palliative patient cohort is based on acute care, where patients require medical treatment and/or symptom management, whereas Phase 4 refers to end-of-life care. OBJECTIVES: To review and analyse contemporary literature to determine what is known about pressure injury risk assessment for acute palliative care patients and identify which pressure injury risk assessment tools are most appropriate for this cohort. METHODS: This scoping review was conducted according to Joanna Briggs Institute methodology. The search strategy was developed based on the Population-Concept-Context mnemonic. Studies of any design, articles and guidelines relating to pressure injury risk assessment in acute palliative care patients were included. Publications from 2002 to 2023 from Google Advanced Search, three grey literature and five nursing/health databases (Cumulative Index to Nursing and Allied Health Literature, MEDLINE, Scopus, Web of Science, EMBASE) were searched. The protocol was prospectively registered with Open Science Framework. RESULTS: From 2,576 search results, 15 articles met the inclusion criteria. None reported the use of a pressure injury risk assessment tool designed specifically for acute palliative care patients. However, 20 pressure injury risk assessment tools/methods wer"
S034,,The National Gene Vector Biorepository: Eleven Years of Providing Resources to the Gene Therapy Community.,"The National Gene Vector Biorepository (NGVB) program has been highly accessed by gene therapy investigators. The reagent repository has distributed over 1,000 reagents to 397 investigators. The Pharmacology/Toxicology Archive contains over 36,000 specimens from a variety of adeno-associated virus (AAV), adenoviral, and other pharmacology/toxicology studies. NGVB also maintains a searchable database of gene therapy pharmacology/toxicology studies to promote data sharing. NGVB has provided Food and Drug Administration (FDA)-mandated replication-competent virus testing for over 70 clinical trials. From 2008 to 2018, there have been 114 publications acknowledging the NGVB. It is unlikely that any other National Institutes of Health (NIH)-funded program has served as many gene therapy investigators as the NGVB."
S035,,Computer vision in autism spectrum disorder research: a systematic review of published studies from 2009 to 2019.,"The current state of computer vision methods applied to autism spectrum disorder (ASD) research has not been well established. Increasing evidence suggests that computer vision techniques have a strong impact on autism research. The primary objective of this systematic review is to examine how computer vision analysis has been useful in ASD diagnosis, therapy and autism research in general. A systematic review of publications indexed on PubMed, IEEE Xplore and ACM Digital Library was conducted from 2009 to 2019. Search terms included ['autis*' AND ('computer vision' OR 'behavio* imaging' OR 'behavio* analysis' OR 'affective computing')]. Results are reported according to PRISMA statement. A total of 94 studies are included in the analysis. Eligible papers are categorised based on the potential biological/behavioural markers quantified in each study. Then, different computer vision approaches that were employed in the included papers are described. Different publicly available datasets are also reviewed in order to rapidly familiarise researchers with datasets applicable to their field and to accelerate both new behavioural and technological work on autism research. Finally, future research directions are outlined. The findings in this review suggest that computer vision analysis is useful for the quantification of behavioural/biological markers which can further lead to a more objective analysis in autism research."
S036,,Association between lipid accumulation product index and chronic kidney disease: A systematic review and meta-analysis.,"Diabetes mellitus and lipid metabolism disorders are increasingly recognized as key contributors to the development of chronic kidney disease (CKD). The lipid accumulation product (LAP) index, a novel marker of lipid accumulation, has potential implications for CKD risk assessment. The present meta-analysis aimed to assess the association between LAP index and CKD, with an emphasis on varying impacts in diabetic and non-diabetic populations. A comprehensive search for relevant publications was performed using PubMed/MEDLINE, Scopus, Cochrane Library, ScienceDirect and Google Scholar databases, and a meta-analysis of 17 studies was performed to investigate the relationship between LAP index and CKD. The random-effects inverse-variance model employing the DerSimonian-Laird estimator for τ² was utilized to calculate pooled odds ratios (ORs). Diagnostic accuracy was assessed using summary receiver operating characteristic (ROC) curves, with calculations of the area under the ROC curve (AUROC), sensitivity, specificity, likelihood ratios and diagnostic OR. The pooled OR for the association between higher quintiles or tertiles of LAP index and CKD was 1.098 (95% CI: 1.043-1.152), with substantial heterogeneity (I²=91.2%) and evidence of publication bias. Subgroup analysis revealed a stronger association in non-diabetic (OR=2.422, 95% CI: 1.802-3.042) compared with diabetic patients (OR=1.018, 95% CI: 0.993-1.043). The diagnostic accuracy of LAP index for CKD was moderate (AUROC=0.64), with sensitivity and specificity estimates of 0.58 and 0.63, respectively. In conclusion, in the present study, LAP index demonstrated a modest but significant association with CKD, particularly in non-diabetic patients. Despite its moderate diagnostic accuracy, the LAP index could serve as a va"
S037,,"Knowledge, attitude, perception and practice regarding antimicrobial use in upper respiratory tract infections in Qatar: a systematic review.","OBJECTIVE: To explore the knowledge, attitude, perception and practice towards antimicrobial use in upper respiratory tract infections in patients visiting healthcare settings in Qatar. DESIGN: Systematic review was performed using a predetermined protocol and in accordance with standardized reporting guidelines. MEDLINE, PubMed, EMBASE, Global Health and PsycINFO were searched for relevant published studies using relevant MESH terms and keywords. SETTING: All healthcare settings in Qatar including both inpatient and ambulatory care. PARTICIPANTS: All published articles exploring the antimicrobial use in upper respiratory tract infections at any health setting in Qatar were considered for inclusion in the study. No age, gender or population were excluded. MAIN OUTCOME MEASURES: The outcome of interest was antimicrobial use in upper respiratory tract infections in Qatar. We included all related studies to explore the knowledge, attitude, perception and practice for patients visiting all health care settings. RESULTS: Three articles were included, one in a primary care setting, one in a secondary care setting and one in the private sector. Overprescribing was noted in all settings. Our findings demonstrate low expectations to receive antibiotics, among the Qatari population, in primary care (28.1%). In fact, the majority of patients would be satisfied with reassurance rather than receiving antimicrobials. Many patients were satisfied with explanation from physicians and counselling. Private sector registered high prevalence of antimicrobial misuse for respiratory tract infections in which 85% deemed inappropriate. This finding was also noted at a medical intensive care unit which showed high antimicrobial use (76%) and respiratory tract infections accounted for 57% of pre"
S038,,How Central Is the Domestic Pig in the Epidemiological Cycle of Japanese Encephalitis Virus? A Review of Scientific Evidence and Implications for Disease Control.,"Despite the existence of human vaccines, Japanese encephalitis (JE) remains the leading cause of human encephalitis in Asia. Pigs are described as the main amplifying host, but their role in JE epidemiology needs to be reassessed in order to identify and implement efficient control strategies, for both human and animal health. We aimed to provide a systematic review of publications linked to JE in swine, in terms of both individual and population characteristics of JE virus (JEV) infection and circulation, as well as observed epidemiological patterns. We used the Preferred Reporting Items for Systematic Reviews and Meta-Analyses (PRISMA) statement to select and analyze relevant articles from the Scopus database, 127 of which were included in the review. Pigs are central, but the implication of secondary hosts cannot be ruled out and should be further investigated. Although human vaccination cannot eradicate the virus, it is clearly the most important means of preventing human disease. However, a better understanding of the actual involvement of domestic pigs as well as other potential JEV hosts in different JEV epidemiological cycles and patterns could help to identify additional/complementary control measures, either by targeting pigs or not, and in some specific epidemiological contexts, contribute to reduce virus circulation and protect humans from JEV infection."
S039,,Therapeutic benefits of glutamine: An umbrella review of meta-analyses.,"Glutamine may be an essential amino acid in patients with catabolic disease, as it has been demonstrated that circulating glutamine levels drop during critical illness and following major surgery; this may result in an increase in secondary infection risk, recovery time and mortality rates. However, there is much discrepancy in the literature with regards to randomized controlled studies, and therefore, the present study is an umbrella review of published meta-analyses, conducted to examine the effectiveness of glutamine's role as a therapeutic agent. A search using PubMed, Cochrane Library and CINAHL from January 1st, 1980 to December 31st, 2016 was conducted using the following strategy: 'Glutamine AND (meta-analysis OR systematic review)' and publications were retrieved, which provided quantitative statistical analysis of pooled treatment effects on the relative risks of infectious complications, mortality and length of stay in hospital. A total of 22 meta-analyses were entered into the current umbrella review. As displayed in Tables I, II and III, these analyses are split into three groups, based on different parameters. Of the 19 meta-analyses investigating the effects of infectious complications, 15 identified statistically significant reductions in complications, with relative risks ranging between 0.42 and 0.93. In addition, 12 of the 18 meta-analyses analyzing the length of hospital stays presented statistically significant reductions in the length of stay, with reductions ranging between 0.19 to 4.73 days. Only 4 of the 15 meta-analyses studying mortality effects identified statistically significant reductions in mortality with relative risks ranging between 0.64 and 1.28. Statistically significant heterogeneity was observed in 16 of 22 meta-analyses, and publ"
S040,,"Developing a machine learning algorithm to predict the probability of aseptic loosening of the glenoid component after anatomical total shoulder arthroplasty: protocol for a retrospective, multicentre study.","INTRODUCTION: Despite technological advancements in recent years, glenoid component loosening remains a common complication after anatomical total shoulder arthroplasty (ATSA) and is one of the main causes of revision surgery. Increasing emphasis is placed on the prevention of glenoid component failure. Previous studies have successfully predicted range of motion, patient-reported outcomes and short-term complications after ATSA using machine learning methods, but an accurate predictive model for (glenoid component) revision is currently lacking. This study aims to use a large international database to accurately predict aseptic loosening of the glenoid component after ATSA using machine learning algorithms. METHODS AND ANALYSIS: For this multicentre, retrospective study, individual patient data will be compiled from previously published studies reporting revision of ATSA. A systematic literature search will be performed in Medline (PubMed) identifying all studies reporting outcomes of ATSA. Authors will be contacted and invited to participate in the Machine Learning Consortium by sharing their anonymised databases. All databases reporting revisions after ATSA will be included, and individual patients with a follow-up less than 2 years or a fracture as the indication for ATSA will be excluded. First, features (predictive variables) will be identified using a random forest feature selection. The resulting features from the compiled database will be used to train various machine learning algorithms (stochastic gradient boosting, random forest, support vector machine, neural network and elastic-net penalised logistic regression). The developed and validated algorithms will be evaluated across discrimination (c-statistic), calibration, the Brier score and the decision curve"
S041,,Prevalence of mortality among mechanically ventilated patients in the intensive care units of Ethiopian hospitals and the associated factors: A systematic review and meta-analysis.,"BACKGROUND: In the intensive care unit (ICU), mechanical ventilation (MV) is a typical way of respiratory support. The severity of the illness raises the likelihood of death in patients who require MV. Several studies have been done in Ethiopia; however, the mortality rate differs among them. The objective of this systematic review and meta-analysis is to provide a pooled prevalence of mortality and associated factors among ICU-admitted patients receiving MV in Ethiopian hospitals. METHODS: We used the Preferred Reporting Items for Systematic Reviews and Meta-Analyses (PRISMA) 2020 criteria to conduct a comprehensive systematic review and meta-analysis in this study. We searched PubMed/Medline, SCOPUS, Embase, Hinari, and Web of Science and found 22 articles that met our inclusion criteria. We used a random-effects model. To identify heterogeneity within the included studies, meta-regression and subgroup analysis were used. We employed Egger's regression test and funnel plots for assessing publication bias. STATA version 17.0 software was used for all statistical analyses. RESULTS: In this systematic review and meta-analysis, the pooled prevalence of mortality among 7507 ICU-admitted patients from 22 articles, who received MV was estimated to be 54.74% [95% CI = 47.93, 61.55]. In the subgroup analysis by region, the Southern Nations, Nationalities, and Peoples (SNNP) subgroup (64.28%, 95% CI = 51.19, 77.37) had the highest prevalence. Patients with COVID-19 have the highest mortality rate (75.80%, 95% CI = 51.10, 100.00). Sepsis (OR = 6.85, 95%CI = 3.24, 14.46), Glasgow Coma Scale (GCS) score<8 (OR = 6.58, 95%CI = 1.96, 22.11), admission with medical cases (OR = 4.12, 95%CI = 2.00, 8.48), Multi Organ Dysfunction Syndrome (MODS) (OR = 2.70, 95%CI = 4.11, 12.62), and vaso"
S042,,Web-Based Versus Usual Care and Other Formats of Decision Aids to Support Prostate Cancer Screening Decisions: Systematic Review and Meta-Analysis.,"BACKGROUND: Prostate cancer is a leading cause of cancer among men. Because screening for prostate cancer is a controversial issue, many experts in the field have defended the use of shared decision making using validated decision aids, which can be presented in different formats (eg, written, multimedia, Web). Recent studies have concluded that decision aids improve knowledge and reduce decisional conflict. OBJECTIVE: This meta-analysis aimed to investigate the impact of using Web-based decision aids to support men's prostate cancer screening decisions in comparison with usual care and other formats of decision aids. METHODS: We searched PubMed, CINAHL, PsycINFO, and Cochrane CENTRAL databases up to November 2016. This search identified randomized controlled trials, which assessed Web-based decision aids for men making a prostate cancer screening decision and reported quality of decision-making outcomes. Two reviewers independently screened citations for inclusion criteria, extracted data, and assessed risk of bias. Using a random-effects model, meta-analyses were conducted pooling results using mean differences (MD), standardized mean differences (SMD), and relative risks (RR). RESULTS: Of 2406 unique citations, 7 randomized controlled trials met the inclusion criteria. For risk of bias, selective outcome reporting and participant/personnel blinding were mostly rated as unclear due to inadequate reporting. Based on seven items, two studies had high risk of bias for one item. Compared to usual care, Web-based decision aids increased knowledge (SMD 0.46; 95% CI 0.18-0.75), reduced decisional conflict (MD -7.07%; 95% CI -9.44 to -4.71), and reduced the practitioner control role in the decision-making process (RR 0.50; 95% CI 0.31-0.81). Web-based decision aids compared t"
S043,,Protocol for a scoping review of digital health for older adults with cancer and their families.,"INTRODUCTION: The potential for digital medicine and healthcare in geriatric oncology settings has received much attention. This scoping review will summarise the nature and extent of the existing literature that describes and examines digital health development, implementation, evaluation, outcome and experience for older adults with cancer, their families and their healthcare providers. METHODS AND ANALYSIS: Arksey and O'Malley's six stages of scoping review methodology framework will be used. Searches will be conducted in Cochrane Central Register of Controlled Trials (CENTRAL), PubMed, Embase via OvidSP, Cumulative Index to Nursing and Allied Health Literature (CINAHL) Plus via EBSCO, Scopus and PsycINFO via OvidSP for published articles in peer-reviewed scientific journals from year 2000 onwards. In addition, we will screen databases for all prospectively registered trials. Research articles using quantitative or qualitative study design or reviews will be included if they describe or report the design, development or usability of digital health interventions in the treatment and care of patients 65 years of age or older with cancer and their families before, during and after cancer treatment. Grey literature will not be searched and included. Two investigators will independently perform the literature search, eligibility assessments and study selection. A Preferred Reporting Items for Systematic Reviews and Meta-Analyses flow diagram for the scoping reviews (PRISMA-ScR) will be used to delineate the search decision process. For included articles, the extracted results will be synthesised both quantitatively and qualitatively and reported under key conceptual categories of this scoping review. Research gaps and opportunities will be identified and summarised. ETHIC"
S044,,Remote ischaemic preconditioning for transcatheter aortic valve replacement: a protocol for a systematic review with meta-analysis and trial sequential analysis.,"INTRODUCTION: Transcatheter aortic valve replacement (TAVR) has become an important treatment in patients with aortic valve disease with the continuous advancement of technology and the improvement of outcomes. However, TAVR-related complications still increase patient morbidity and mortality. Remote ischaemic preconditioning (RIPC) is a simple procedure that provides perioperative protection for many vital organs. However, the efficiency of RIPC on TAVR remains unclear based on inconsistent conclusions from different clinical studies. Therefore, we will perform a protocol for a systematic review and meta-analysis to identify the efficiency of RIPC on TAVR. METHODS AND ANALYSIS: English databases (PubMed, Web of Science, Ovid Medline, Embase and Cochrane Library), Chinese electronic databases (Wanfang Database, VIP Database and China National Knowledge Infrastructure) and trial registry databases will be searched from inception to December 2023 to identify randomised controlled trials of RIPC on TAVR. We will calculate mean differences or standardised mean differences with 95% CIs for continuous data, and the risk ratio (RR) with 95% CIs for dichotomous data by Review Manager version 5.4. Fixed-effects model or random-effects model will be used according to the degree of statistical heterogeneity assessed by the I-square test. We will evaluate the risk of bias using the Cochrane risk-of-bias tool 2 and assess the evidence quality of each outcome by the Grading of Recommendations Assessment, Development and Evaluation. The robustness of outcomes will be evaluated by trial sequential analysis. In addition, we will evaluate the publication bias of outcomes by Funnel plots and Egger's regression test. ETHICS AND DISSEMINATION: Ethical approval was not required for this syst"
S045,,OpenPrescribing: normalised data and software tool to research trends in English NHS primary care prescribing 1998-2016.,"OBJECTIVES: We aimed to compile and normalise England's national prescribing data for 1998-2016 to facilitate research on long-term time trends and create an open-data exploration tool for wider use. DESIGN: We compiled data from each individual year's national statistical publications and normalised them by mapping each drug to its current classification within the national formulary where possible. We created a freely accessible, interactive web tool to allow anyone to interact with the processed data. SETTING AND PARTICIPANTS: We downloaded all available annual prescription cost analysis datasets, which include cost and quantity for all prescription items dispensed in the community in England. Medical devices and appliances were excluded. PRIMARY AND SECONDARY OUTCOME MEASURES: We measured the extent of normalisation of data and aimed to produce a functioning accessible analysis tool. RESULTS: All data were imported successfully. 87.5% of drugs were matched exactly on name to the current formulary and a further 6.5% to similar drug names. All drugs in core clinical chapters were reconciled to their current location in the data schema, with only 1.26% of drugs not assigned a current chemical code. We created an openly accessible interactive tool to facilitate wider use of these data. CONCLUSIONS: Publicly available data can be made accessible through interactive online tools to help researchers and policy-makers explore time trends in prescribing."
S046,,Renin-angiotensin system inhibitors and immunotherapy outcomes in lung cancer: a systematic review and meta-analysis with complementary transcriptomic analyses.,"BACKGROUND: The tumor microenvironment has emerged as an important determinant of response to immune checkpoint inhibitors (ICIs), with increasing attention directed toward stromal components such as cancer-associated fibroblasts (CAFs). Experimental evidence suggests that renin-angiotensin system (RAS) signaling may participate in stromal remodeling and immune regulation, raising interest in whether RAS inhibitors could influence immunotherapy outcomes. However, clinical findings remain inconsistent and the extent to which reported associations reflect biological effects rather than study-level bias remains uncertain. This study aimed to systematically evaluate the association between concomitant RAS inhibitor use and survival outcomes in lung cancer patients receiving ICIs while interpreting the findings within a tumor microenvironment-oriented conceptual framework. METHODS: PubMed and Embase were searched from database inception through February 2026. Eligible studies included lung cancer patients receiving ICIs and reported hazard ratios (HRs) for overall survival (OS) and/or progression-free survival (PFS) according to concomitant RAS inhibitor exposure. Random-effects meta-analyses were performed to pool effect estimates. Publication bias and potential small-study effects were evaluated using Egger's regression and explored using Precision-Effect Test and Precision-Effect Estimate with Standard Error (PET-PEESE). RESULTS: Thirteen eligible publications involving 46,618 patients were included. Conventional random-effects analyses suggested improved OS (HR 0.74, 95% CI 0.64-0.86) and PFS (HR 0.81, 95% CI 0.68-0.96) among RAS inhibitor users. However, substantial funnel plot asymmetry and significant Egger's test results for OS indicated possible small-study effects."
S047,,"Knowledge, attitude, practice and associated factors of oxygen therapy among health professionals in Ethiopia: A systematic review and meta-analysis.","BACKGROUND: Oxygen therapy is a life-saving intervention used in various healthcare settings to maintain adequate tissue oxygenation while minimizing cardiopulmonary work. Its effective and safe administration depends largely on the knowledge, attitudes, and practices of health professionals. However, there are no pooled studies that examined these skills in the context of Ethiopia. Therefore, this study aimed to assess the pooled prevalence of health professionals' knowledge, attitude, practice, and determinant factors about oxygen therapy in Ethiopia. METHODS: The databases PubMed, Web of Science, Scopus, Hinari, Science Direct, African Journal of Online, and Google Scholar were used to search for published studies; Direct Google searches and institutional repositories were used to search for unpublished studies. Duplicate studies were eliminated with Endnote X8 and reported according to PRISMA guidelines. The quality of the included studies was assessed using the Joanna Briggs Institute critical appraisal checklist. A random-effects model was used to estimate the pooled prevalence of KAP among health professionals. Heterogeneity was assessed using Cochran's Q test and I2 statistics. Publication bias was checked by visual inspection of a funnel plot and Egger's regression test. STATA version 11 software was used for statistical analysis. RESULTS: A total of 14 studies with 2,960 participants for knowledge and practice and 9 studies with 1,991 participants for attitude were used to estimate the pooled prevalence of KAP among health professionals. The pooled prevalence of good knowledge, positive attitude, and good practice regarding oxygen therapy were 52.13% (95% CI: 43.88, 60.39), 55.08% (95% CI: 50.80, 59.35%), and 48.94% (95% CI: 41.14, 56.74) respectively. Both go"
S048,,The effect of health literacy and self-management efficacy on the health-related quality of life of hypertensive patients in a western rural area of China: a cross-sectional study.,"BACKGROUND: Hypertension is a common and frequently occurring chronic disease of the cardiovascular system. Besides the pathological factors, the occurrence and exacerbation of hypertension are also associated with many factors of lifestyle and behaviors. Thus hypertensive patients' Health-related quality of life (HRQL) is not only influenced by the disease itself but also by many subjective factors such as health literacy and self-management efficacy, especially in the deeper part of southwestern China and thus is less developed compared to the other places. The purpose of this study was to examine the association between the HRQL of hypertensive patients and health literacy and self-management efficacy as well as how they affect the HRQL, so as to provide a theoretical reference for improving the HRQL of patients with hypertension in less developed areas. METHODS: This was a cross-sectional study of baseline data from a clustered randomized controlled trial. The study design had passed a cross-national peer review and accepted grants by the China Medical Board. It was also registered in the Chinese Clinical Trial Registry (ChiCTR-OOR-14005563). A standardized questionnaire adapted from a previous validated WHO questionnaire was used for the survey which included detailed questions about patient's socio-demographic characteristics and self-reported information. Patients' HRQL was measured by the Mandarin version of the 36-item Short Form. We used the validated Mandarin version of the Self-Efficacy for Managing Chronic Disease 6-Item Scale to assess patients' self-management efficacy. The validated three-item Brief Health Literacy Screening (BHLS) was used to measure the patients' health literacy. A structural equation model was constructed, and p ≤ 0.05 was taken as si"
S049,,Incidence of recovery rate and predictors among hospitalized COVID- 19 infected patients in Ethiopia; a systemic review and meta-analysis.,"BACKGROUND: Despite global efforts to mitigate COVID-19 infection through vaccination and therapeutic interventions, morbidity and mortality rates continued at variable rates. Although mortality risk and clinical features of COVID-19 are well-documented, recovery patterns and prognostic factors post-admission remain inconclusive, particularly in resource-limited settings like Ethiopia. This systematic review and meta-analysis (SRM) aimed to estimate the pooled incidence rate of recovery and predictors among hospitalized COVID-19 patients in Ethiopia. METHODS: We searched (N = 1,191) articles using Preferred Reporting Items for Systematic Reviews and Meta-Analyses (PRISMA) guideline from PubMed/MEDLINE (N = 755), Scopus (N = 137), Web of Science (N = 84), Science Direct (N = 148), Cochran (N = 25), and Google Scholar searching (N = 42) from December 2019 to February 2024. The data were extracted using a Microsoft Excel spreadsheet and exported to Stata TM version 17.0 for further analysis. The Article quality was assessed using the Joanna Briggs Institute checklist. The pooled incidence rate of recovery was estimated using a weighted inverse variance random-effects meta-regression. Heterogeneity among studies was evaluated using the I2 statistic. Subgroup analyses and sensitivity tests were also conducted to explore publication bias. This file is registered in international Prospero with ID (CRD42024518569). RESULT: Sixteen (N = 16) published studies with 7,676 hospitalized COVID-19 patients were included in the final report. The mean age of participants ranged from 29 (± 17) to 57.5 (± 3) years, with male patients constituting the largest proportion of participants, 4,491(58.5%). During recovery screening, 6,304(82.21%) cases were discharged as improved, 159 (2.1%) attr"
S050,,A Systematic Review to Summarize and Critically Appraise Existing Phenotype Libraries Using Electronic Health Records.,"PURPOSE: Pharmacoepidemiology and population health studies using electronic health care records (EHRs) must define study variables through available electronic data. These variables are operationalized through phenotypes, which are a defined set of criteria used to identify specific traits or medical conditions. There is diversity across phenotype libraries (collections of code lists or algorithms) which intend to standardize these sets of criteria. This review aimed to characterize the landscape of phenotype libraries and how phenotypes are constructed, validated, managed, and reused across research settings. METHODS: We conducted a systematic review of existing phenotype libraries to appraise their attributes. We systematically searched three databases (Scopus, PubMed, and Web of Science) up to November 2025 to identify studies on key characteristics of phenotype libraries. The search combined Medical Subject Headings (MeSH) terms related to ""electronic health record,"" ""phenotype algorithm,"" and ""phenotype library"". A structured hand search was performed to identify relevant web-based resources without accompanying publications to ensure comprehensive inclusion of libraries available to date. We extracted information on library size, vocabularies, phenotype construction methods, validation practices, management, and portability. RESULTS: Of 336 articles, 37 met eligibility criteria for full-text review, of which 25 were excluded because they were not EHR-based phenotype libraries (representing single algorithms, genomic resources, or study-specific phenotypes rather than reusable libraries), leaving 10 unique libraries described across 12 articles. A structured hand search identified seven more libraries. In total, 17 phenotype libraries met the inclusion criteria, i"
S051,,"Bibliometric analysis, systematic review of literature, and meta-analysis on the effect of amplification on voice production among teachers.","BACKGROUND: Teaching is identified as a high-risk profession for developing voice disorders due to the significant vocal demands placed on educators. This can lead to symptoms such as vocal fatigue, adversely affecting their quality of life. One common intervention is the provision of voice amplification systems, which have been reported to reduce vocal strain by enabling teachers to speak at lower volumes, thereby potentially improving voice quality and minimizing vocal fold damage. Despite these benefits, various factors such as adoption rates, technical issues, and the need for proper use and training can influence the effectiveness of these systems. This study systematically reviews the literature and conducts a meta-analysis to determine the impact of voice amplification on teachers' vocal function. METHODS: The results reported in this manuscript are based on a bibliometric analysis and systematic literature review using seven databases, selecting 20 relevant publications from an initial pool of 462, and performing a meta-analysis to compare vocal metrics with and without amplification. RESULTS: The meta-analysis indicated that voice amplification systems tend to positively affect fundamental frequency, sound pressure level (SPL), and phonation time percentage; however, these effects were not statistically significant. The analysis also suggests no significant publication bias, though the quality of the included publications varied: 15 % were rated as strong, 25 % as moderate, and 60 % as weak. CONCLUSION AND RECOMMENDATIONS: The study concludes that voice amplification systems show potential benefits for teachers' vocal health. However, their implementation should be part of a broader strategy that includes education, training, and regular monitoring to maximize "
S052,,Research artifacts and citations in computer systems papers.,"Research in computer systems often involves the engineering, implementation, and measurement of complex systems software and data. The availability of these artifacts is critical to the reproducibility and replicability of the research results, because system software often embodies numerous implicit assumptions and parameters that are not fully documented in the research article itself. Artifact availability has also been previously associated with higher paper impact, as measured by citations counts. And yet, the sharing of research artifacts is still not as common as warranted by its importance. The primary goal of this study is to provide an exploratory statistical analysis of the artifact-sharing rates and associated factors in the research field of computer systems. To this end, we explore a cross-sectional dataset of papers from 56 contemporaneous systems conferences. In addition to extensive data on the conferences, papers, and authors, this analyze dataset includes data on the release, ongoing availability, badging, and locations of research artifacts. We combine this manually curated dataset with citation counts to evaluate the relationships between different artifact properties and citation metrics. Additionally, we revisit previous observations from other fields on the relationships between artifact properties and various other characteristics of papers, authors, and venue and apply them to this field. The overall rate of artifact sharing we find in this dataset is approximately 30%, although it varies significantly with paper, author, and conference factors, and it is closer to 43% for conferences that actively evaluated artifact sharing. Approximately 20% of all shared artifacts are no longer accessible four years after publications, predominately when hos"
S053,,Identification and evaluation of epidemic prediction and forecasting reporting guidelines: A systematic review and a call for action.,"INTRODUCTION: High quality epidemic forecasting and prediction are critical to support response to local, regional and global infectious disease threats. Other fields of biomedical research use consensus reporting guidelines to ensure standardization and quality of research practice among researchers, and to provide a framework for end-users to interpret the validity of study results. The purpose of this study was to determine whether guidelines exist specifically for epidemic forecast and prediction publications. METHODS: We undertook a formal systematic review to identify and evaluate any published infectious disease epidemic forecasting and prediction reporting guidelines. This review leveraged a team of 18 investigators from US Government and academic sectors. RESULTS: A literature database search through May 26, 2019, identified 1467 publications (MEDLINE n = 584, EMBASE n = 883), and a grey-literature review identified a further 407 publications, yielding a total 1777 unique publications. A paired-reviewer system screened in 25 potentially eligible publications, of which two were ultimately deemed eligible. A qualitative review of these two published reporting guidelines indicated that neither were specific for epidemic forecasting and prediction, although they described reporting items which may be relevant to epidemic forecasting and prediction studies. CONCLUSIONS: This systematic review confirms that no specific guidelines have been published to standardize the reporting of epidemic forecasting and prediction studies. These findings underscore the need to develop such reporting guidelines in order to improve the transparency, quality and implementation of epidemic forecasting and prediction research in operational public health."
S054,,The impact of childhood psychological maltreatment on mental health outcomes in adulthood: a protocol for a systematic review and meta-analysis.,"BACKGROUND: Research suggests that childhood psychological maltreatment (i.e., emotional abuse and emotional neglect) is associated with mental health problems that persist into adulthood, for example anxiety, depression, post-traumatic stress disorder (PTSD), suicidal ideation, and aggression; however, a systematic review and meta-analysis of the existing literature would help clarify the magnitude and moderators of these associations, and the extent to which they may be affected by publication bias, as well as the methodological strengths and weakness of studies in this area. METHOD: The reporting of this protocol follows the Preferred Reporting Items for Systematic Review and Meta-Analysis Protocols (PRISMA-P) Statement. Searches will be carried out via several databases, including Web of Science, Medline, PubMed, PsycINFO, Applied Social Science Index and Abstract, ERIC and EMBASE. Empirical peer-reviewed research articles that fit pre-specified eligibility criteria will be included in the review. Studies will be eligible if they include participants age 18 or over at time of mental health assessment, include information on childhood psychological maltreatment (emotional abuse and/or neglect) perpetrated by a primary caregiver or adult in the same household, and provide quantitative information on the association between these factors. Studies using prospective and retrospective designs and written in either English or Chinese will be eligible. Two independent reviewers will screen and assess studies for inclusion in the review as well as extract the data, with consensus reached through discussion in cases of discrepancy. A third reviewer will be consulted to resolve any discrepancies that remain. The relevant Newcastle-Ottawa scales will be used for assessing the q"
S055,,Methodological and Systematic Errors in Systematic Reviews in Health Domain: A Systematic Review.,"BACKGROUND: According to the pyramid of evidence, systematic reviews hold the highest position among studies used in healthcare systems and policy-making. Avoiding systematic and methodological errors are demanding responsibility for authors. Clearly, erroneous studies can have irreparable consequences on health and treatment decisions. Therefore, this study aims to identify potential errors in systematic reviews within the field of health. METHODS: To systematically identify potential errors in systematic reviews, we conducted a comprehensive literature search using keywords such as ""Bias,"" ""Error,"" and ""Systematic Reviews"" across databases like PubMed, Web of Science, Scopus, Embase, Cochrane Library, and ProQuest without any time restrictions. This yielded 2333 articles and 11 books initially.After removing duplicates and unrelated sources based on predefined inclusion/exclusion criteria tailored for this study context (e.g., relevance to error identification in systematic reviews), we closely examined 88 relevant sources. RESULTS: Upon analyzing the full texts of these sources with strict adherence to our criteria, we identified 77 distinct types of errors that could occur either within or between studies. These findings highlight the complexity of maintaining accuracy in systematic review methodologies. CONCLUSION: Given the critical role systemic reviews play in informing clinical decisions and health policies, ensuring their quality is paramount. Accurate methodology ensures validity; biased studies risk leading to suboptimal patient care outcomes. By pinpointing error sources-such as selection bias or information bias-and implementing strategies to mitigate them through rigorous methodologies like robust search protocols or transparent reporting standards (e.g.,"
S056,,Proton pump inhibitor use does not increase dementia and Alzheimer's disease risk: An updated meta-analysis of published studies involving 642305 patients.,"Recent studies have indicated an increased risk of dementia and Alzheimer's disease (AD) among people who consume proton pump inhibitors (PPIs), but the results of those studies are inconsistent. This meta-analysis aimed to explore the correction risk of dementia and AD among PPI users. The literature search for relevant studies was conducted in PubMed, Web of Science, EMBase and ScienceDirect. Pooled hazard ratio (HR) and 95% confidence intervals (CIs) were used to assess the relationship between the PPIs and risk of dementia and AD. Ten independent studies that involved 642305 participants were included in this meta-analysis. PPI users were unassociated with dementia (HR = 1.04, 95% CI 0.92-1.15; I2 = 95.6%, p < 0.001) and AD (HR = 0.96, 95% CI 0.83-1.09; I2 = 80.7%, p <0 .001). No evidence of publication bias was detected by Begg's and Egger's test. Sensitivity analyses showed no important differences in the estimates of effects. The current evidence indicates that PPI use does not increase dementia and AD risk. The remarkable heterogeneity among the studies warrants a further review of our findings."
S057,,A Review of Studies Using Japanese Nationwide Administrative Claims Databases.,"BACKGROUND: Administrative claims databases are increasingly being used worldwide for research purposes. We reviewed original published articles that used one of the four nationwide administrative claims databases in Japan: the National Database of Health Insurance Claims and Specific Health Checkups (NDB), NDB Open Data, the JMDC Claims Database, and the Diagnosis Procedure Combination (DPC) database. METHODS: Studies published from January 2010 to July 2022 using the JMDC and DPC databases, and from January 2013 to July 2022 using the NDB and NDB Open Data were identified using PubMed. The number of original articles was divided into 19 fields. The annual growth rate of the number of studies was calculated using the four databases. RESULTS: Overall, 1047 studies were included (95 for the NDB, 31 for the NDB Open Data, 222 for the JMDC database, and 699 for the DPC databases). Studies using one of these four databases increased from around 2010, and the average annual growth rate was approximately 41% from 2010 to 2021. DPC database studies had a higher proportion of articles on surgery (19.2%), urology (3.0%), neurosurgery (6.2%), anesthesiology (1.9%), and emergency medicine (14.0%), whereas the NDB and JMDC data had higher proportions of those regarding internal medicine. CONCLUSIONS: Since 2010, these four databases have increasingly attracted attention, and the number of studies using them has grown rapidly. Our review suggests that each has unique features, and researchers should understand the database characteristics to operate their studies."
S058,,Methionine synthase A2756G polymorphism influences pediatric acute lymphoblastic leukemia risk: a meta-analysis.,"Plenty of studies have investigated the effect of methionine synthase (MTR) A2756G polymorphism on risk of developing pediatric acute lymphoblastic leukemia (ALL), but the available results were inconsistent. Therefore, a meta-analysis was conducted to derive a more precise estimation of the association between MTR A2756G polymorphism and genetic susceptibility to pediatric ALL. The PubMed, Embase, Google Scholar, Web of Science, ScienceDirect, Wanfang Databases and China National Knowledge Infrastructure were systematically searched to identify all the previous published studies exploring the relationship between MTR A2756G polymorphism and pediatric ALL risk. Odds ratios (ORs) and 95% confidence intervals (CIs) were applied to evaluate the strength of association. Sensitivity analysis and publication bias were also systematically assessed. This meta-analysis finally included ten available studies with 3224 ALL cases and 4077 matched controls. The results showed that there was significant association between MTR A2756G polymorphism and risk of pediatric ALL in overall population (AG vs. AA: OR = 1.13, 95%CI = 1.02-1.26, P = 0.02; AG+GG vs. AA: OR = 1.13, 95%CI = 1.02-1.25, P = 0.01; G allele vs. A allele: OR = 1.10, 95%CI = 1.01-1.20, P = 0.03). In the stratification analyses by ethnicity, quality score and control source, significant association was found in Caucasians, population-based designed studies and studies assigned as high quality. In conclusion, this meta-analysis suggests that MTR A2756G polymorphism may influence the development risk of pediatric ALL in Caucasians. Future large scale and well-designed studies are required to validate our findings."
S059,,A Critical Analysis of Reporting in Systematic Reviews and Meta-Analyses in the Peyronie's Disease Literature.,"BACKGROUND: Despite an increasing number of publications on Peyronie's disease (PD), evidence-based clinical decision-making remains challenging due to the small number of well-designed clinical trials. AIM: To perform a critical analysis of reporting quality in PD systematic reviews (SR) and meta-analyses (MA). METHODS: Study protocol registration was performed on the Open Science Framework platform. In January 2021, a systematic electronic search of the Medline/PubMed, Embase, Ovid, Scopus, Joanne Briggs Institute, and Cochrane databases was performed. Search terms included ""Peyronie's disease"" and ""systematic review OR meta-analysis OR meta-analysis."" Eligibility criteria were English-language, relevance to PD and specification of ""systematic review"" or ""meta-analysis"" in the title or abstract. Oxford Center for Evidence-Based Medicine levels of evidence were used to classify original studies reviewed within each publication. Risk of bias was assessed using the ROBIS tool. Data were tabulated and reported as means with standard deviation, median with interquartile range and t-testing as appropriate. Strength of association between variables was calculated using Pearson correlation coefficient. Statistical analyses were performed on RStudio (version 1.4.1106). OUTCOMES: Outcomes included review type, level of evidence, authorship, journal, publication date, ""A MeaSurement Tool to Assess systematic Reviews"" (AMSTAR-2) score and ""Preferred Reporting Items for Systematic Reviews and Meta-Analyses"" (PRISMA) score. RESULTS: From 1974 to 2021, 340 articles were identified. After review, 17 full length articles were included. Thirteen were SR, 2 MA and 2 was combined. Significant heterogeneity was seen in evidence level of included studies. There was median 54% adherence to "
S060,,Intravoxel Incoherent Motion Diffusion-Weighted Imaging Used to Detect Prostate Cancer and Stratify Tumor Grade: A Meta-Analysis.,"Objectives: Intravoxel incoherent motion diffusion-weighted imaging (IVIM-DWI) is a promising non-invasive imaging technique to detect and grade prostate cancer (PCa). However, the results regarding the diagnostic performance of IVIM-DWI in the characterization and classification of PCa have been inconsistent among published studies. This meta-analysis was performed to summarize the diagnostic performance of IVIM-DWI in the differential diagnosis of PCa from non-cancerous tissues and to stratify the tumor Gleason grades in PCa. Materials and Methods: Studies concerning the differential diagnosis of prostate lesions using IVIM-DWI were systemically searched in PubMed, Embase, and Web of Science without time limitation. Review Manager 5.3 was used to calculate the standardized mean difference (SMD) and 95% confidence intervals of the apparent diffusion coefficient (ADC), tissue diffusivity (D), pseudodiffusivity (D*), and perfusion fraction (f). Stata 12.0 was used to pool the sensitivity, specificity, and area under the curve (AUC), as well as publication bias and heterogeneity. Fagan's nomogram was used to predict the post-test probabilities. Results: Twenty studies with 854 patients confirmed with PCa were included. Most of the included studies showed a low to unclear risk of bias and low concerns regarding applicability. PCa showed a significantly lower ADC (SMD = -2.34; P < 0.001) and D values (SMD = -1.86; P < 0.001) and a higher D* value (SMD = 0.29; P = 0.01) than non-cancerous tissues, but no difference was noted with the f value (SMD = -0.16; P = 0.50). Low-grade PCa showed higher ADC (SMD = 0.63; P < 0.001) and D values (SMD = 0.80; P < 0.001) than the high-grade lesions. ADC showed comparable diagnostic performance (sensitivity = 86%; specificity = 86%; AUC = "
S061,,An analysis of reporting practices in the top 100 cited health and medicine-related bibliometric studies from 2019 to 2021 based on a proposed guidelines.,"Bibliometric analysis has gained popularity as a quantitative research methodology to evaluate scholarly productivity and identify trends within specific research areas. However, there are currently no established reporting guidelines for bibliometric studies. The present study aimed to investigate the reporting practices of bibliometric research related to health and medicine based on a guidelines ""Preferred Reporting Items for Bibliometric Analysis (PRIBA)"" proposed in this study. The Science Citation Index, Expanded of the Web of Science was used to identify the top 100 articles with the highest normalized citation counts per year. The search was conducted on April 9, 2022, using the search topic ""bibliometric"" and including publications from 2019 to 2021. The results substantiated the need for a standardized reporting guideline for bibliometric research. Specifically, among the 25 proposed items in the PRIBA, only five were consistently reported across all articles examined. Further, 11 items were reported by at least 80% of the articles, while nine items were reported by less than 80% of the articles. In conclusion, our findings suggest that the reporting practices of bibliometric studies in the field of health and medicine are in need of improvement. Future research should be conducted to refine the PRIBA guidelines."
S062,,Publication status and reporting quality of case reports on acupuncture-related adverse events: A systematic reviews of case studies.,"INTRODUCTION: Case reports on acupuncture-related adverse events (AEs) have been consistently published in the literature. This review aims to assess the current publication status of case reports on acupuncture-related AEs and evaluate their reporting quality in order to identify areas for improvement. METHODS: This study is a systematic review (SR) of case reports. Studies describing cases for acupuncture-related AEs between 2010 and 2023 (until July) were searched in PubMed, Embase, and local databases (China and Korea), as well as by hand-searching references included in published relevant SRs. A bibliometric analysis was conducted to examine the publication trends of the included literature. The appropriateness of the acupuncture described in the cases, the causality assessment between AEs and acupuncture treatment, and the presence of necessary items from the CAse REport guidelines (CARE) checklist were narratively analyzed. RESULTS: A total of 169 case reports were included in this review. Over the past decade, an average of 12 case reports on acupuncture-related AEs were published annually. However, only 38.2% of the articles provided sufficient information to determine the appropriateness of the acupuncture treatment used in the reported cases, and considerable numbers of the included case reports did not suggest enough information for the assessment of a causal relationship. The majority of cases did not report the timeline (n = 164), patient perspectives (n = 157), and informed consent (n = 121) items from the CARE checklist. DISCUSSION: Acupuncture-related AEs persist in being frequently reported in the literature. Nonetheless, the information concerning acupuncture and causality assessment within these publications is still found to be insufficient. The dev"
S063,,Efficacy of acupuncture on acute pharynx infections: A systematic review and meta-analysis.,"BACKGROUND: Several clinical reports have focused on acupuncture for the treatment of acute pharyngeal infections. However, the efficacy and safety of acupuncture for the treatment of acute pharyngeal infections are controversial. To systematically assess the efficacy and safety of acupuncture in treating acute pharynx infections, thus providing a reference for clinical decision-making. METHODS: We searched PubMed, CENTRAL, Embase, Web of Science, China National Knowledge Infrastructure, China Biomedical, clinical research registration platforms, gray literature, and reference lists of the selected studies from inception to October 30, 2022. The risk of bias assessment was performed using RevMan. The meta-analysis was performed using STATA with the Hedges' g value. We also performed a subgroup analysis, meta-regression, and publication bias detection using Harbord's and Egger's tests. RESULTS: We included 19 randomized controlled trials comprising 1701 patients, of which only one study had a high risk of bias. The primary outcome, i.e., the response rate, revealed that acupuncture was more effective than antibiotics. The secondary results revealed that the differences in the reduction of VAS scores, sore throat duration, and white blood cell counts were statistically significant in the acupuncture group compared with the antibiotic group. However, the difference in the modulation of the neutrophil percentage and C-reactive protein levels was insignificant. Moreover, the acupuncture treatment resulted in a lower incidence of adverse events than the antibiotic treatment. CONCLUSIONS: Thus, acupuncture therapy for acute pharyngeal infections is safe and its response rate is superior to that of antibiotics. Acupuncture showed positive outcomes for alleviating the sore throa"
S064,,Evaluation of a novel cloud-based software platform for structured experiment design and linked data analytics.,"Open data in science requires precise definition of experimental procedures used in data generation, but traditional practices for sharing protocols and data cannot provide the required data contextualization. Here, we explore implementation, in an academic research setting, of a novel cloud-based software system designed to address this challenge. The software supports systematic definition of experimental procedures as visual processes, acquisition and analysis of primary data, and linking of data and procedures in machine-computable form. The software was tested on a set of quantitative microbial-physiology experiments. Though time-intensive, definition of experimental procedures in the software enabled much more precise, unambiguous definitions of experiments than conventional protocols. Once defined, processes were easily reusable and composable into more complex experimental flows. Automatic coupling of process definitions to experimental data enables immediate identification of correlations between procedural details, intended and unintended experimental perturbations, and experimental outcomes. Software-based experiment descriptions could ultimately replace terse and ambiguous 'Materials and Methods' sections in scientific journals, thus promoting reproducibility and reusability of published studies."
S065,,Meta-analysis of urinary C-terminal telopeptide of type II collagen as a biomarker in osteoarthritis diagnosis.,"OBJECTIVE: This study aims to discover that the urinary C-terminal telopeptide of type II collagen (uCTX-II) levels differ between osteoarthritis (OA) patients and healthy individuals (controls). According to this difference, we may conclude that uCTX-II can be a biomarker for OA diagnosis. METHODS: We searched MEDLINE and EMBASE databases updated to 2014 to find literature on OA biomarkers. We retrieved the publications that met the required criterion. Literature quality was assessed according to the Newcastle-Ottawa Scale. Publication bias was assessed by Begg's test and Egger's test with the software STATA version 12.0. The weighted mean difference (WMD) was calculated, and the subgroup analysis was completed using STATA 12.0. RESULTS: Six publications were included in our analysis. The WMD for OA patients versus the controls was 83.05, which was within the 95% confidence interval. For subgroup analysis, the WMD of patients with severe OA was 119.92, whereas that of patients with mild OA was 28.07. CONCLUSIONS: uCTX-II levels were higher in OA patients than in controls, subgroup analysis revealed that the uCTX-II levels rised with the OA severity, the heterogeneity originated from different levels of OA severity, These results showed that uCTX-II would be a promising clinical biomarker in OA diagnosis."
S066,,Reporting Quality of Randomized Controlled Trials Published in Integrative Cancer Therapies: Evaluation Against CONSORT 2010 and Perspectives for CONSORT 2025.,"Consolidated Standards of Reporting Trials (CONSORT) 2025 Statement was issued in April 2025, however, no dedicated CONSORT extension currently exists for integrative oncology. It is therefore essential to provide practical recommendations, grounded in the CONSORT 2025 Statement and in an analysis of randomized controlled trials (RCT) reporting quality against CONSORT 2010, to guide future RCTs. This study presents a literature-based analysis of RCTs published in Integrative Cancer Therapies between 2010 and 2025, describing study characteristics and overall weighted adherence to CONSORT 2010 of 72 included RCTs. The annual number of publications exhibited an overall upward trend over the past 15 years; overall weighted adherence to CONSORT 2010 across the 72 studies was 67.9%, and the mean per-manuscript adherence was 67.2%. Drawing on this analysis and the CONSORT 2025 update, several specific measures are proposed to improve the reporting quality of RCTs in integrative oncology."
S067,,Analytical code sharing practices in biomedical research.,"Data-driven computational analysis is becoming increasingly important in biomedical research, as the amount of data being generated continues to grow. However, the lack of practices of sharing research outputs, such as data, source code and methods, affects transparency and reproducibility of studies, which are critical to the advancement of science. Many published studies are not reproducible due to insufficient documentation, code, and data being shared. We conducted a comprehensive analysis of 453 manuscripts published between 2016-2021 and found that 50.1% of them fail to share the analytical code. Even among those that did disclose their code, a vast majority failed to offer additional research outputs, such as data. Furthermore, only one in ten papers organized their code in a structured and reproducible manner. We discovered a significant association between the presence of code availability statements and increased code availability (p=2.71×10-9). Additionally, a greater proportion of studies conducting secondary analyses were inclined to share their code compared to those conducting primary analyses (p=1.15*10-07). In light of our findings, we propose raising awareness of code sharing practices and taking immediate steps to enhance code availability to improve reproducibility in biomedical research. By increasing transparency and reproducibility, we can promote scientific rigor, encourage collaboration, and accelerate scientific discoveries. We must prioritize open science practices, including sharing code, data, and other research products, to ensure that biomedical research can be replicated and built upon by others in the scientific community."
S068,,Publication bias in trials registered in the Australian New Zealand Clinical Trials Registry: Is it a problem? A cross-sectional study.,"BACKGROUND: Timely publication of clinical trials is critical to ensure the dissemination and implementation of high-quality healthcare evidence. This study investigates the publication rate and time to publication of randomized controlled trials (RCTs) registered in the Australian New Zealand Clinical Trials Registry (ANZCTR). MATERIALS AND METHODS: We conducted a cross-sectional study of RCTs registered with the ANZCTR in 2007, 2009, and 2011. Multiple bibliographic databases were searched until October 2021 to identify trial publications. We then calculated publication rates, proportions, and the time to publish calculated from the date of first participation enrolment to publication date. RESULTS: Of 1,970 trial registrations, 541 (27%) remained unpublished 10 to 14 years later, and the proportion of trials published decreased by 7% from 2007 to 2011. The average time to publish was 4.63 years. The prospective trial registration rate for 2007, 2009 and 2011 was 48% (952 trials) and over this time there was an increase of 19% (280 prospective trials). Trials funded by non-Industry organizations were more likely to be published (74%, 1204/1625 trials) than the industry-funded trials (61%, 224/345 trials). Larger trials with at least 1000 participants were published at a rate of 88% (85/97 trials) and on average took 5.4 years to be published. Smaller trials with less than 100 participants were published at a lower rate with 67% (687/1024 trials) published and these trials took 4.31 years on average to publish. CONCLUSIONS: Just over a quarter of all trials on the ANZCTR for 2007, 2009, and 2011 remain unpublished over a decade later. The average time to publication of nearly five years may reflect the larger trials which will have taken longer to recruit participants."
S069,,Long noncoding RNA ROR as a novel biomarker for progress and prognosis outcome in human cancer: a meta-analysis in the Asian population.,"BACKGROUND: Long intergenic non-protein coding RNA, a regulator of reprogramming (ROR), has been found to play an oncogene role in various human malignant tumors. This meta-analysis aimed to synthesize available data to verify the association between clinical prognosis value and ROR expression level. MATERIALS AND METHODS: We performed a systematic search by using PubMed (Medline), Embase, Cochrane Library, ScienceDirect, Springer, and ISI Web of Knowledge from inception to November 15, 2017. Eleven studies with 903 patients were included in this meta-analysis according to the exclusion and inclusion criteria, and the quality of the publications was assessed by using the Newcastle-Ottawa Scale. Pooled odds ratios (OR) and hazard ratios (HR) with 95% CI were used to describe the effect. RESULTS: The results showed that overexpression of ROR is positively associated with lymph node metastasis (OR=4.472, 95% CI: 3.212-6.225, Z=8.87, P=0.000), tumor invasion depth (OR=9.93, 95% CI: 5.33-18.47, Z=7.24, P<0.001), TNM stage (III/IV vs I/II, OR=2.96, 95% CI: 2.18-4.02, Z=6.95, P<0.001), distant metastasis (OR=3.142, 95% CI: 2.187-4.513, Z=6.20, P<0.001) respectively. Additionally, high expression of ROR was significantly correlated with unfavorable disease-free survival (DFS) (HR=2.74, 95% CI: 1.65-3.82, Z=4.93, P=0.000) and overall survival (OS) (HR=2.09, 95% CI: 1.64-2.54, Z=9.07, P<0.001). Subgroup analysis demonstrated that neither cancer type (digestive or respiratory system) nor sample size (more or less than 100) did not alter the prognostic value of ROR. Furthermore, we performed publication bias and sensitivity analysis in order to examine the stability of meta-analysis of ROR along with OS, which showed that the shape of the funnel plot was nearly symmetrical and the "
S070,,Poor quality in the reporting and use of statistical methods in public health - the case of unemployment and health.,"BACKGROUND: It has previously been reported that many research articles fail to fulfill important criteria for statistical analyses, but, to date, these reports have not focused on public health problems. The aim of this study was to investigate the quality of reporting and use of statistical methods in articles analyzing the effect of unemployment on health. METHODS: Forty-one articles were identified and evaluated in terms of how they addressed 12 specified criteria. RESULTS: For most of these criteria, the majority of articles were inadequate. These criteria were conformity with a linear gradient (100 % of the articles), validation of the statistical model (100 %), collinearity of independent variables (97 %), fitting procedure (93 %), goodness of fit test (78 %), selection of variables (68 % for the candidate model; 88 % for the final model), and interactions between independent variables (66 %). Fewer, but still alarmingly many articles, failed to fulfill the criteria coefficients presented in statistical models (48 %), coding of variables (34 %) and discussion of methodological concerns (24 %). There was a lack of explicit reporting of statistical significance/confidence intervals; 34 % of the articles only presented p-values as being above or below the significance level, and 42 % did not present confidence intervals. Events per variable was the only criterion met at an undoubtedly acceptable level (2.5 %). CONCLUSIONS: There were critical methodological shortcomings in the reviewed studies. It is difficult to obtain unbiased estimates, but there clearly needs to be some improvement in the quality of documentation on the use and performance of statistical methods. A suggestion here is that journals not only demand that articles fulfill the criteria within the STR"
S071,,The ARRIVE guidelines 2.0: Updated guidelines for reporting animal research.,"Reproducible science requires transparent reporting. The ARRIVE guidelines (Animal Research: Reporting of In Vivo Experiments) were originally developed in 2010 to improve the reporting of animal research. They consist of a checklist of information to include in publications describing in vivo experiments to enable others to scrutinise the work adequately, evaluate its methodological rigour, and reproduce the methods and results. Despite considerable levels of endorsement by funders and journals over the years, adherence to the guidelines has been inconsistent, and the anticipated improvements in the quality of reporting in animal research publications have not been achieved. Here, we introduce ARRIVE 2.0. The guidelines have been updated and information reorganised to facilitate their use in practice. We used a Delphi exercise to prioritise and divide the items of the guidelines into 2 sets, the ""ARRIVE Essential 10,"" which constitutes the minimum requirement, and the ""Recommended Set,"" which describes the research context. This division facilitates improved reporting of animal research by supporting a stepwise approach to implementation. This helps journal editors and reviewers verify that the most important items are being reported in manuscripts. We have also developed the accompanying Explanation and Elaboration document, which serves (1) to explain the rationale behind each item in the guidelines, (2) to clarify key concepts, and (3) to provide illustrative examples. We aim, through these changes, to help ensure that researchers, reviewers, and journal editors are better equipped to improve the rigour and transparency of the scientific process and thus reproducibility."
S072,,Virtual reality in medical students' education: a scoping review protocol.,"BACKGROUND: Virtual reality (VR) is a technology that produces a virtual manifestation of the real world. In recent years, VR has been increasingly used as a tool in medical education. The use of VR in medical education has large potential, as it allows for distance learning and training which may be challenging to deliver in real life. VR encompasses different tools and applications. There is a need to explore how VR has been employed in medical education to date. OBJECTIVE: The objective of this scoping review is to conceptualise the VR tools available and the applications of VR in undergraduate medical education as reported in the literature. This scoping review will identify any gaps in this field and provide suggestions for future research. METHODS AND ANALYSIS: The relevant studies will be examined using the Joanna Briggs Institute methodological framework for scoping studies. A comprehensive search from a total of six electronic databases and grey literature sources will be performed. The reference list of included studies will be screened for additional studies. The screening and data extraction will be done in parallel and independently by two review authors. Any discrepancies will be resolved through consensus or discussion with a third review author. A data extraction form has been developed using key themes from the research questions. The extracted data will be qualitatively analysed and presented in a diagrammatic or tabular form, alongside a narrative summary, in line with Preferred Reporting Items for Systematic Reviews and Meta-Analysis: extension for Scoping Reviews reporting guidelines. ETHICS AND DISSEMINATION: All data will be collected from published and grey literature. Ethics approval is therefore not a requirement. We will present our findings a"
S073,,Association between human herpesviruses infections and childhood neurodevelopmental disorders: insights from two-sample mendelian randomization analyses and systematic review with meta-analysis.,"BACKGROUND: The potential roles of viral infections in neurodevelopmental disorders (NDDs) have been suggested based on previous studies. Given the high prevalence of human herpesviruses (HHVs), the associations between HHVs infection and the risk of NDDs warrant explored. METHODS: Our study employs a two-sample Mendelian randomization (MR) analysis and systematic review with meta-analysis to investigate whether genetically predicted HHVs infection are linked to three main childhood NDDs-autism spectrum disorder (ASD), attention deficit hyperactivity disorder (ADHD), and Tourette syndrome (TS). We utilized genetic variants associated with HHV infections in genome-wide association study (GWAS) summary datasets of European populations to establish instrumental variables and statistics for three NDDs obtained from Psychiatric Genomics Consortium. MR analysis was performed using inverse-variance weighted, MR Egger, weighted median, simple median, weighted mode, and MR-PRESSO. In addition, publications associating HHVs infection with three NDDs were systematically searched using PubMed, Web of Science, and three Chinese databases for meta-analyses. RESULTS: The MR results found no evidence to support a link between genetically predicted HHVs infection and the risk of NDDs based on existing datasets. Twenty-seven observational studies on children with HHVs infection and NDDs were considered eligible. Meta-analysis showed that cytomegalovirus and HHV-6 infection were related with ASD, while Epstein-Barr virus and cytomegalovirus infection were associated with TD in Chinese population. CONCLUSIONS: These results contribute to a comprehensive understanding of the possibilities underlying HHV infections in affecting childhood NDDs. Further research is necessary to include larger "
S074,,New and emerging forms of data and technologies: literature and bibliometric review.,"With the increased digitalisation of our society, new and emerging forms of data present new values and opportunities for improved data driven multimedia services, or even new solutions for managing future global pandemics (i.e., Disease X). This article conducts a literature review and bibliometric analysis of existing research records on new and emerging forms of multimedia data. The literature review engages with qualitative search of the most prominent journal and conference publications on this topic. The bibliometric analysis engages with statistical software (i.e. R) analysis of Web of Science data records. The results are somewhat unexpected. Despite the special relationship between the US and the UK, there is not much evidence of collaboration in research on this topic. Similarly, despite the negative media publicity on the current relationship between the US and China (and the US sanctions on China), the research on this topic seems to be growing strong. However, it would be interesting to repeat this exercise after a few years and compare the results. It is possible that the effect of the current US sanctions on China has not taken its full effect yet."
S075,,The Costs of Healthcare in Prison and Custody: Systematic Review of Current Estimates and Proposed Guidelines for Future Reporting.,"Aims: We aimed to review prison healthcare expenditure internationally. Objectives: To systematically review healthcare spending on prisoners worldwide, examine comparability between countries, and develop guidelines to improve reporting. Methods: Five bibliographic indexes (International Monetary Fund, ProQuest: Statistical Abstracts of the World, PubMed, Google Scholar, and JSTOR) were searched for the costs of prison and prison healthcare, supplemented with country-specific searches for the 20 countries with the highest prison populations. Information on overall healthcare costs, their breakdown by categories, and their proportion to overall prison expenditure was extracted. PRISMA guidelines were followed. Results: Prison healthcare expenditure data was identified for 10 countries, and overall operating costs were reported for 12 countries. The most commonly reported healthcare cost was for primary medical care. Healthcare costs reporting varied widely, and few countries were comparable. We developed a set of guidelines for consistent and transparent reporting of healthcare costs. Conclusions: Few countries report the costs of healthcare services in prison. When reported, there is a lack of clarity and consistency as to what is included. Using the proposed reporting guidelines would enable national trends and international comparisons to be investigated, and any recommended benchmarks to be monitored."
S076,,Rate and success of study replication in ecology and evolution.,"The recent replication crisis has caused several scientific disciplines to self-reflect on the frequency with which they replicate previously published studies and to assess their success in such endeavours. The rate of replication, however, has yet to be assessed for ecology and evolution. Here, I survey the open-access ecology and evolution literature to determine how often ecologists and evolutionary biologists replicate, or at least claim to replicate, previously published studies. I found that approximately 0.023% of ecology and evolution studies are described by their authors as replications. Two of the 11 original-replication study pairs provided sufficient statistical detail for three effects so as to permit a formal analysis of replication success. Replicating authors correctly concluded that they replicated an original effect in two cases; in the third case, my analysis suggests that the finding by the replicating authors was consistent with the original finding, contrary the conclusion of ""replication failure"" by the authors."
S077,,How psychiatry journals support the unbiased translation of clinical research. A cross-sectional study of editorial policies.,"INTRODUCTION: Reporting guidelines (e.g. CONSORT) have been developed as tools to improve quality and reduce bias in reporting research findings. Trial registration has been recommended for countering selective publication. The International Committee of Medical Journal Editors (ICMJE) encourages the implementation of reporting guidelines and trial registration as uniform requirements (URM). For the last two decades, however, biased reporting and insufficient registration of clinical trials has been identified in several literature reviews and other investigations. No study has so far investigated the extent to which author instructions in psychiatry journals encourage following reporting guidelines and trial registration. METHOD: Psychiatry Journals were identified from the 2011 Journal Citation Report. Information given in the author instructions and during the submission procedure of all journals was assessed on whether major reporting guidelines, trial registration and the ICMJE's URM in general were mentioned and adherence recommended. RESULTS: We included 123 psychiatry journals (English and German language) in our analysis. A minority recommend or require 1) following the URM (21%), 2) adherence to reporting guidelines such as CONSORT, PRISMA, STROBE (23%, 7%, 4%), or 3) registration of clinical trials (34%). The subsample of the top-10 psychiatry journals (ranked by impact factor) provided much better but still improvable rates. For example, 70% of the top-10 psychiatry journals do not ask for the specific trial registration number. DISCUSSION: Under the assumption that better reported and better registered clinical research that does not lack substantial information will improve the understanding, credibility, and unbiased translation of clinical research findi"
S078,,Quality of abstracts of pilot trials in heart failure: A protocol for a systematic survey.,"INTRODUCTION: Pilot trials are initial small-scale studies done to inform the design of larger trials. Their findings like other studies are usually disseminated as peer-reviewed journal articles. Abstracts are used to introduce the contents to readers, and give a general idea about the full reports and sometimes are the only source of information available to readers. Despite their importance, the contents of abstracts of trial reports are usually not informative enough and lack the essential details. METHODS AND ANALYSIS: This is a protocol for a planned systematic survey with a primary aim of analyzing the reporting quality measured as the completeness of the reporting of pilot trial abstracts in heart failure. The secondary aim will be to explore factors associated with better reporting quality.Abstracts of heart failure pilot trials in humans (journal and conference abstracts) published in the English language from 1 January 1990 to 30 November 2016 will be assessed to determine the reporting quality, based on the CONSORT 2010 statement extension to randomized pilot and feasibility trials. All non-pilot/feasibility trials and non-human pilot trials will be excluded. We will search Medline (PUBMED), Cochrane controlled trials register, Scopus and African wide information databases for pilot trials in heart failure. Title and abstracts of identified studies will be screened for inclusion and data extracted independently by two reviewers in duplicate without using the full text. Reported and unreported items on the abstracts will be presented as frequencies and percentages, a descriptive analysis will be used to interpret the reporting quality and regression analysis used for characteristics associated with greater statistical reporting at 95% confidence interval. REV"
S079,,RNA-Based Biomarkers for Diagnostic Discrimination of Ischemic and Hemorrhagic Stroke: A Systematic Review.,"Background: Diagnostic discrimination between ischemic stroke (IS) and hemorrhagic stroke (HS) is required for successful intervention with time-critical acute treatments. The available data on blood-based RNA biomarkers and discrimination between IS and HS are limited. This systematic review aimed to examine and summarize the existing literature on potentially useful blood-based RNA biomarkers that may aid in preclinical acute diagnosis. Methods: We systematically reviewed the literature on the ability of blood-based RNA biomarkers to discriminate between IS and HS according to PRISMA guidelines. We searched PubMed, EMBASE, The Cochrane Library, and The Web of Science for eligible randomized controlled trials, observational studies, and case-control studies published in the English language without time limitation. The risk of bias was evaluated using the Newcastle-Ottawa Scale. Results: We included eight studies with a total of 728 patients (436 with IS and 292 with HS) in our review. The study quality was good in five and fair in three investigations. No meta-analysis was performed due to high heterogeneity in methods and study endpoints. Reported biomarkers include miRNA-124-3p, miRNA-16, miRNA-340-5p, lncRNA XIST (X-inactive specific transcript), PFKFB3 mRNA (6-phosphofructo-2-kinase/fructose-2,6-biphosphatase), tRNA derivatives, tRNA fragments, extracellular miRNAs, transcriptome changes, and MCEMP1 gene expression. Assessment techniques varied widely across studies, ranging from RNA sequencing to qPCR, microarray, human transcriptome array, and ELISA. MicroRNA-124-3p, miRNA-340-5p, lncRNA XIST, PFKFB3 mRNA, and MCEMP1 gene expression differed significantly between IS and HS. In one study, principal component analysis and unsupervised learning demonstrated the uti"
S080,,Global prevalence and incidence of surgical site infections after appendectomy: a systematic review and meta-analysis protocol.,"INTRODUCTION: Acute appendicitis is a surgical emergency and the most frequent aetiology of acute surgical abdominal pain in developed countries. Universally, its widely approved treatment is appendectomy. Like all surgical procedures, appendectomy can be associated with many complications among which are surgical site infections (SSIs).Despite the increasing number of appendectomies done around the world and the associated morbidities related to SSI after appendectomy, there is still scarcity of data concerning the global epidemiology of SSI after appendectomy. The current review aims at providing a summary of the published data on epidemiology of SSI after appendectomy. METHODS AND DESIGN: We will include randomised controlled trials, cohort studies, case-control and cross-sectional studies. Electronic databases including Embase, MEDLINE and ISI Web of Science (Science Citation Index) will be searched for relevant abstracts of studies published between 1 January 2000 and 30 December 2017, without language restriction. The review will be reported according to the Preferred Reporting Items for Systematic Reviews and Meta-Analyses guidelines. After screening of abstracts, study selection, data extraction and assessment of risk of bias, we shall assess the studies individually for clinical and statistical heterogeneity. Appropriate meta-analytic techniques will then be used to pool studies judged to be clinically homogenous. Visual inspection of funnel plots and Egger's test will be used to detect publication bias. Results will be presented by country and continent. ETHICS AND DISSEMINATION: Since primary data are not collected in this study, ethical approval is not required. This review is expected to provide relevant data to help in quantifying the global burden of SSI "
S081,,Comparative evaluation of large language models for guideline-compliant abstract generation and readability in dental research: an experimental comparative study.,"This study aimed to evaluate the performance of three contemporary large language models (LLMs) ChatGPT 5.0, Claude 4.5 Sonnet, and Gemini 2.5 Flash in generating reporting-compliant abstracts of scientific articles in the dental literature. The models were assessed using guideline-based checklists (STROBE-A, PRISMA-A, CARE-A) and two readability metrics (FRE, FKGL). This experimental, within-items comparative study included 75 full-text PubMed articles (25 STROBE, 25 PRISMA, 25 CARE) published between 2020 and 2025. Original abstracts, author information, and metadata were removed before providing full texts to each LLM. All models received an identical standardized prompt, and generated summaries were independently evaluated using 12-item checklists aligned with the corresponding reporting guidelines. Readability was assessed using FRE and FKGL. Statistical analyses were performed using One-way ANOVA with Tukey post-hoc testing. LLM performance varied significantly across study design category. In meta-analyses, ChatGPT achieved higher quality scores than Claude (p = 0.007), while no significant differences were observed among models for case reports or original research (p > 0.05). All LLMs performed better in summarizing case reports and original research compared with meta-analyses (p < 0.05). Readability analysis showed that LLM-generated abstracts were consistently more readable than original abstracts and full texts (FRE: p < 0.001; FKGL: p < 0.001), with Gemini producing the highest readability values across all study design categories. LLMs demonstrated strong summarization performance in structurally simple study design categories case reports and original research while their performance declined for systematic reviews and meta-analyses. Although LLM-generat"
S082,,Potential of machine learning for prevention and control of neglected tropical diseases: a scoping review.,"BACKGROUND: Neglected Tropical Diseases disproportionately affect populations in Africa and other low- and middle-income countries. Machine learning has potential to improve disease prediction, detection and control, but its use in neglected tropical disease research remains poorly characterized. This scoping review examines the current landscape of machine learning applications for neglected tropical diseases in Africa, identifying trends, gaps and opportunities for future research and implementation. METHODS: We conducted a scoping review using Joanna Briggs Institute methodology. PubMed and cited references were searched for studies applying machine learning to neglected tropical diseases in Africa. After screening and eligibility assessment, 77 studies were included in the qualitative synthesis. RESULTS: Here we show that most studies focus on schistosomiasis, leishmaniasis, lymphatic filariasis, and soil-transmitted helminthiases. Geo-risk prediction is the most common application while a few studies address disease detection and none focus on drug discovery or intervention optimization. Tree-based and Maximum Entropy models are the most frequently used and commonly reported as best performing. Most studies use small datasets. African institutional leadership, open sharing of data and source code, engagement of programmatic and policy stakeholders, and deployment of models in real-world settings remain limited. CONCLUSIONS: Machine learning research for neglected tropical diseases in Africa remains concentrated in a few diseases and applications, with limited translation into practice. Greater investment in local capacity building, equitable collaborations, open data sharing, transfer learning, deployment-focused research, and standardized machine learning workflow"
S083,,Neural correlates of decision making and executive function in suicidal thoughts and behaviors.,"BACKGROUND: To investigate the neural alterations associated with decision-making (DM) and/or executive function (EF) in psychiatric patients with suicidal thoughts and behaviors (STBs). METHODS: Systematic searches for relevant publications were performed using the PubMed, ScienceDirect and Web of Science databases. A method of quantitative coordinate-based meta-analysis, known as anisotropic effect size version of seed-based d mapping (ASE-SDM), was used to locate brain regions displaying anomalous activations in patients with STBs compared to patient controls (PCs) based on DM and EF tasks, separately. Moreover, we used multimodal analysis to investigate the neural correlates of DM and EF tasks in the brain. Additionally, sensitivity analysis was conducted to assess the robustness of the results, and publication bias was evaluated to ensure the reliability of the findings. RESULTS: The results pertaining to the DM tasks revealed significant hyper-activations of the left anterior cingulate cortex (BA 24, p = 0.000371) and right insula (p = 0.000640), together with hypo-activations of left insula (p = 0.000387) and left hippocampus (p = 0.0000619) in patients with STB compared to PCs. During the EF tasks, patients with STB only showed hyper-activations in the left anterior cingulate cortex (BA 24, p = 0.00121) and left precentral gyrus (p = 0.00391) compared to PCs. The multimodal analysis elucidates the significance of the cingulate cortex in both DM and EF processes. CONCLUSIONS: Our results suggest that dysregulated neural activity of the ACC is a key mechanism contributing to suicidal risk, with DM abnormalities playing a more central role than EF deficits. These findings highlight potential targets for interventions, such as cognitive-behavioral therapies focusing"
S084,,Clinical efficacy and safety of Chinese herbal medicine for the treatment of patients with early diabetic nephropathy: A protocol for systematic review and meta-analysis.,"BACKGROUND: Diabetic nephropathy (DN) is among the common and serious complications of diabetes and is also a major cause of end-stage kidney disease. Early DN is also called diabetic microalbumin period, the main treatment is in the control of blood sugar on the basis of kidney protection and urine lowering protein. There are few effective methods of western medicine treatment, and most of them are accompanied by adverse reactions. But some studies have shown that traditional Chinese medicine has achieved the curative effect and has certain superiority. However, there are few systematic reviews on the treatment of traditional Chinese herbal medicine for early DN currently. Therefore, this study conducted a systematic review of clinical efficacy and safety of Chinese herbal medicine for the treatment of patients with early DN, aim to comprehensively analyze the role of traditional Chinese herbal medicine in the treatment of early DN. METHODS AND ANALYSIS: The protocol of this systematic review and meta-analysis was registered on the INPLASY website (https://inplasy.com/inplasy-2020-4-0139/) and INPLASY registration number is INPLASY202040139. A systematic literature search will be conducted in 3 English database and 4 Chinese databases with a language limitation of English and Chinese. Search for clinical research literature on Chinese herbal medicine treatment of DN published in domestic and foreign biomedical journals. The time is limited from January 2010 to February 2020. We will investigate heterogeneity across studies and publication bias. To assess the risk of bias and quality of the included studies, we will use the Cochrane Collaboration's ROB tool. According to the relevant standards in the Cochrane Intervention System Evaluation Manual, it will be divided int"
S085,,Estimating the prevalence of discrepancies between study registrations and publications: a systematic review and meta-analyses.,"OBJECTIVES: Prospectively registering study plans in a permanent time-stamped and publicly accessible document is becoming more common across disciplines and aims to reduce risk of bias and make risk of bias transparent. Selective reporting persists, however, when researchers deviate from their registered plans without disclosure. This systematic review aimed to estimate the prevalence of undisclosed discrepancies between prospectively registered study plans and their associated publication. We further aimed to identify the research disciplines where these discrepancies have been observed, whether interventions to reduce discrepancies have been conducted, and gaps in the literature. DESIGN: Systematic review and meta-analyses. DATA SOURCES: Scopus and Web of Knowledge, published up to 15 December 2019. ELIGIBILITY CRITERIA: Articles that included quantitative data about discrepancies between registrations or study protocols and their associated publications. DATA EXTRACTION AND SYNTHESIS: Each included article was independently coded by two reviewers using a coding form designed for this review (osf.io/728ys). We used random-effects meta-analyses to synthesise the results. RESULTS: We reviewed k=89 articles, which included k=70 that reported on primary outcome discrepancies from n=6314 studies and, k=22 that reported on secondary outcome discrepancies from n=1436 studies. Meta-analyses indicated that between 29% and 37% (95% CI) of studies contained at least one primary outcome discrepancy and between 50% and 75% (95% CI) contained at least one secondary outcome discrepancy. Almost all articles assessed clinical literature, and there was considerable heterogeneity. We identified only one article that attempted to correct discrepancies. CONCLUSIONS: Many articles did not"
S086,,Research hotspots and trends on illicit drugs: a bibliometric and visualized analysis.,"OBJECTIVE: To explore the current status and developmental trend of drug research in the international arena through bibliometric methods and visualization analysis. METHODS: In this study, drug-related articles published from 2015 to 2024 in the core collection of Web of Science databases were analyzed, and bibliometric and visualization analyses of annual publication volume, countries (regions), institutions, journals, and keywords were achieved using CiteSpace v.6.2.R7 software. RESULTS: A total of 5,797 publications on drug research were included between 2015 and 2024, with the annual publication volume progressively increasing on an annual basis. Among the 117 publishing countries (regions), the United States published the most articles, with 1,534 publications, followed by the United Kingdom with 611 articles. Additionally, the literature was sourced from 1,441 journals, with a total of 1,398 publications in the top 10 journals. DRUG TESTING AND ANALYSIS ranked first with 259 articles. Finally, keyword clustering and emergence analysis revealed that current research hotspots were concentrated in the areas of drug abuse, new psychoactive substances, synthetic drugs, and wastewater treatment. CONCLUSION: The volume of drug-related research publications is steadily increasing globally. However, there is a pressing need to further strengthen global collaboration and interdisciplinary research, as well as to promote the development of a broader international scientific research network. In particular, advanced technological approaches and policy strategies must be explored to address the global challenges posed by drug-related issues, particularly in the detection, management, and prevention of synthetic drugs. The enhancement of data sharing, technological exchange, a"
S087,,Patients' and public views and attitudes towards the sharing of health data for research: a narrative review of the empirical evidence.,"INTRODUCTION: International sharing of health data opens the door to the study of the so-called 'Big Data', which holds great promise for improving patient-centred care. Failure of recent data sharing initiatives indicates an urgent need to invest in societal trust in researchers and institutions. Key to an informed understanding of such a 'social license' is identifying the views patients and the public may hold with regard to data sharing for health research. METHODS: We performed a narrative review of the empirical evidence addressing patients' and public views and attitudes towards the use of health data for research purposes. The literature databases PubMed (MEDLINE), Embase, Scopus and Google Scholar were searched in April 2019 to identify relevant publications. Patients' and public attitudes were extracted from selected references and thematically categorised. RESULTS: Twenty-seven papers were included for review, including both qualitative and quantitative studies and systematic reviews. Results suggest widespread-though conditional-support among patients and the public for data sharing for health research. Despite the fact that participants recognise actual or potential benefits of data research, they expressed concerns about breaches of confidentiality and potential abuses of the data. Studies showed agreement on the following conditions: value, privacy, risk minimisation, data security, transparency, control, information, trust, responsibility and accountability. CONCLUSIONS: Our results indicate that a social license for data-intensive health research cannot simply be presumed. To strengthen the social license, identified conditions ought to be operationalised in a governance framework that incorporates the diverse patient and public values, needs and intere"
S088,,Level of adherence to option B+ program and associated factors among HIV-positive women in Ethiopia: A systematic review and meta-analysis.,"BACKGROUND: Despite policy initiatives and strategic measures highly focused on preventing mother-to-child transmission through the implementation of the Option B+ program, adherence to the treatment is still challenging. The level of adherence and determinants of Option B+ program utilization reported by different studies were highly inconsistent in Ethiopia. Hence, this systematic review and meta-analysis aimed to estimate the pooled prevalence of adherence to the Option B+ program and its predictors among HIV-positive women in Ethiopia. METHODS: PubMed, Google Scholar, EMBASE, HINAR, Scopus, and Web of Sciences were searched for published articles from March 2010 to March 2022. The pooled prevalence of adherence was estimated using a weighted DerSimonian-Laird random effect model. The I2 statistics was used to identify the degree of heterogeneity. Publication bias was also assessed using the funnel plot and Egger's regression test. RESULTS: A total of 15 studies were included. The pooled estimate of the option B+ program among HIV-positive women in Ethiopia was 81.58% (95% CI: 77.33-85.84). Getting social and financial support (AOR = 3.73, 95% CI: 2.12, 6.58), disclosure of HIV status to partners (AOR = 2.05, 95% CI: 1.75, 2.41), time to reach a health facility (AOR = 0.33, 95% CI: 0.16, 0.67), receiving counseling on drug side effects (AOR = 4.09, 95% CI: 2.74, 6.11), experience of drug side effects (AOR = 0.17, 95% CI: 0.08, 0.36), and knowledge (AOR = 4.73, 95% CI: 2.62, 8.51) were significantly associated with adherence to the Option B+ program. CONCLUSION: This meta-analysis showed that the level of adherence to the Option B+ program in Ethiopia is lower than the 95% level of adherence planned to be achieved in 2020. Social and financial support, disclosure of H"
S089,,Real-world effectiveness of perinatal RSV immunoprophylaxis: protocol for a test-negative case-control study.,"INTRODUCTION: Respiratory syncytial virus (RSV) is a leading cause of hospitalisation in infants worldwide. New immunoprophylactic products, including long-acting monoclonal antibodies and maternal vaccines, have demonstrated high efficacy in prelicensure clinical trials. Understanding how these interventions perform outside controlled trials, and how viral evolution or host factors influence protection, is essential for sustaining confidence in RSV prevention programmes. METHODS AND ANALYSIS: We will conduct a 5-year, test-negative case-control study among infants ≤12 months of age who present with acute respiratory illness (ARI) within a large healthcare delivery network serving a demographically diverse population. Cases will be infants testing positive for RSV by PCR, and controls will be RSV-negative infants meeting the same ARI criteria. Data will be obtained from electronic health records, structured caregiver surveys and state immunization registries to ensure accurate classification of exposures and covariates. Vaccine effectiveness will be estimated using multivariable logistic regression controlling for potential confounding. RSV-positive specimens will undergo full-genome sequencing to identify variant lineages and potential immune-escape mutations. A subset of participants will provide acute and convalescent blood samples for single-cell immune profiling to define innate and adaptive responses associated with breakthrough infection. ETHICS AND DISSEMINATION: The study protocol has been approved by the Yale Human Investigation Committee (HIC #2000036550). Written informed consent will be obtained from all parents or legal guardians prior to participation. Study findings will be disseminated through peer-reviewed publications, scientific meetings and public r"
S090,,Identifying data sharing in biomedical literature.,"Many policies and projects now encourage investigators to share their raw research data with other scientists. Unfortunately, it is difficult to measure the effectiveness of these initiatives because data can be shared in such a variety of mechanisms and locations. We propose a novel approach to finding shared datasets: using NLP techniques to identify declarations of dataset sharing within the full text of primary research articles. Using regular expression patterns and machine learning algorithms on open access biomedical literature, our system was able to identify 61% of articles with shared datasets with 80% precision. A simpler version of our classifier achieved higher recall (86%), though lower precision (49%). We believe our results demonstrate the feasibility of this approach and hope to inspire further study of dataset retrieval techniques and policy evaluation."
S091,,Neutrophil-to-lymphocyte ratio is an independent predictor for survival outcomes in cervical cancer: a systematic review and meta-analysis.,"This updated meta-analysis sought to explore whether pretreatment neutrophil-to-lymphocyte ratio (NLR) could serve as an independent predictor for survival outcomes in patients with cervical cancer. We searched PubMed, Embase, Web of science and Scopus for studies on the association of pretreatment serum NLR with overall survival (OS) and progression-free survival (PFS) among patients with cervical cancer. Included studies with a hazard ratio (HR) and 95% confidence interval (CI) or a p-value were weighted by generic inverse-variance and pooled in a random effects meta-analysis. Subgroup analyses were conducted according to regions, NLR cut-off values and treatments. Publication bias was analyzed by Egger's and Begg's tests. A total of 14 studies comprising 6041 patients were included. The median cut-off value for NLR was 2.46 (range from 1.60 to 3.80). The higher NLR was associated to worse OS (HR 1.86, 95% CI 1.44-2.40) and PFS (HR 1.67, 95% CI 1.25-2.23), compared with lower NLR. This association still exited when analyzed according to regions, NLR cut-off values. Moreover, Significant association between NLR and OS was observed in studies which included patients with early stage disease and receiving radical surgeries. High NLR is independently associated with decreased OS and PFS in patients with cervical cancer. Pretreatment NLR is of independent value to predict the survival outcomes in patients with cervical cancer, regardless of regions and primary treatments."
S092,,Revision of the ARRIVE guidelines: rationale and scope.,"In 2010, the NC3Rs published the Animal Research: Reporting of In Vivo Experiments (ARRIVE) guidelines to improve the reporting of animal research. Despite considerable levels of support from the scientific community, the impact on the quality of reporting in animal research publications has been limited. This position paper highlights the strategy of an expert working group established to revise the guidelines and facilitate their uptake. The group's initial work will focus on three main areas: prioritisation of the ARRIVE items into a tiered system, development of an explanation and elaboration document, and revision of specific items."
S093,,Disrespect and abuse of women during the process of childbirth at health facilities in sub-Saharan Africa: a systematic review and meta-analysis.,"BACKGROUND: Disrespectful and abusive treatment of women by health care providers during the process of childbirth at health facility is an international problem. There is a lack of data on disrespect and abuse of women during the process of childbirth at health facilities in Sub-Saharan Africa. The purpose of this study was to determine the prevalence of disrespect and abuse of women during the process of childbirth at health facilities in sub-Saharan Africa. METHODS: The PRISMA guideline protocol was followed to write the systematic review and meta-analysis. Published studies were searched from Medline, PubMed, CINAHL, EMBASE, Maternal and infant care, science direct, and PsycINFO. Articles were accessed by three reviewers (ZY, BT and AA) using the following key terms, ""attitude of health personnel"" AND ""delivery obstetrics*/nursing"" OR ""maternity care"" AND ""disrespect"" OR ""abuse"" OR ""professional misconduct"" AND ""parturition"" AND ""prevalence"" AND ""professional-patient relations"" AND ""Sub-Saharan Africa"". Additional articles were retrieved by cross referencing of reference. The heterogeneity of studies were weighed using Cochran's Q test and I2 test statistics. Publication bias was assessed by Egger's test. RESULTS: Thirty three studies met the inclusion and included in this systematic review and meta-analysis of disrespect and abuse of women during the process of childbirth at health facilities. The pooled prevalence of disrespect and abuse women during the process of childbirth at health facilities in Sub-Saharan Africa was 44.09% (95% CI: 29.94-58.24).Particularly physical abuse was 15.77% (95% CI: 13.38-18.15), non-confidential care was 16.87% (95% CI: 14.49-19.24), abandonment was 16.86% (95% CI: 13.88-19.84) and detention was 4.81% (95% CI: 3.96-5.67). CONCLUSIO"
S094,,Maximizing the Utility of Alzheimer's Disease Trial Data: Sharing of Baseline A4 and LEARN Data.,"BACKGROUND: The Anti-Amyloid Treatment in Asymptomatic Alzheimer's Disease (A4) and Longitudinal Evaluation of Amyloid Risk and Neurodegeneration (LEARN) studies were conducted between 2014 and 2023, with enrollment completed in 2017 and final study results reported in 2023. The study screening process involved the collection of initial clinical, cognitive, neuroimaging, and genetic measures to determine eligibility. Once randomized, enrolled participants were assessed every four weeks over a 4.5-year follow-up period during which longitudinal clinical, cognitive, and neuroimaging measures were collected. A large number of longitudinal fluid biospecimens were also collected and banked. Consistent with the NIH data sharing policy and the principles of Open Science, the A4/LEARN investigators aimed to share data as broadly and early as possible while still protecting participant privacy and confidentiality and the scientific integrity of the studies. OBJECTIVES: We describe the approach, methods, and platforms used to share the A4 and LEARN pre-randomization study data for secondary research use. Preliminary results measuring the impact of these efforts are also summarized. We conclude with a discussion of lessons learned and next steps. DESIGN: The materials shared included de-identified quantitative and image data, analysis software, instruments, and documentation. SETTING: The A4 and LEARN Studies were conducted at 67 clinical trial sites in the United States, Canada, Japan, and Australia. PARTICIPANTS: The A4 study screened (n=6763), enrolled, and randomized (n=1169) participants between the ages of 65 and 85 with a blinded follow-up period of 240 weeks followed by an open-label period of variable length. The LEARN study screened and enrolled individuals (n=538) who w"
S095,,Poor reporting quality of randomized controlled trials comparing treatments of COVID-19-A retrospective cross-sectional study on the first year of publications.,"INTRODUCTION: Transparent and complete reporting of randomized controlled trials (RCTs) is essential for critical scientific appraisal of the results. It has been argued whether publications during the COVID-19 pandemic have met reporting standards. In this study, we assessed reporting adherence of RCTs on treatment interventions in COVID-19 patients to the CONSORT checklist and discuss which lessons can be learned to improve reporting in the future. METHODS: This was a retrospective, cross-sectional study performed at the University Hospital RWTH Aachen, Germany. We conducted a pragmatic systematic literature search in the PubMed database to identify RCTs on treatment interventions in COVID-19 patients in the first year of publications on the topic (March 2020-February 2021). We investigated the adherence of each publication to the CONSORT checklist and assessed the association between specific predictors and percentage adherence in an exploratory multivariable regression model. RESULTS: We analyzed 127 RCTs and found that the median percentage adherence to the CONSORT checklist was 54.3% [IQR 38.9 to 65.7]. In the exploratory multivariable regression model, the impact factor (highest tertile of impact factor compared to lowest tertile ß = 21.77, 95% CI 13.89 to 29.66, p<0.001; middle tertile compared lowest tertile ß = 11.79, 95% CI 5.74 to 17.84, p<0.001)) and authors' referral to the CONSORT statement (ß = 9.29, 95% CI 2.98 to 15.60, p = 0.004) were associated with a higher percentage adherence to the CONSORT checklist. CONCLUSION: The reporting quality of RCTs on treatment interventions in COVID-19 patients during the first year of publications was poor. Measures to improve reporting quality are urgently needed."
S096,,"Data altruism and the ""consent"" question: a study into the ""consent"" models used under the GDPR and how the data altruism mechanism can act as a potential solution for the research community in the reuse of health data.","INTRODUCTION: The General Data Protection Regulation (""GDPR"") legal basis for obtaining consent for the processing of personal data for research purposes, where those purposes cannot be fully specified in advance, is provided for in Articles 6, 7 and Recital 33. However, GDPR's requirements for obtaining consent, as to the secondary use and sharing of data in research, have been argued to have generated confusion, whilst the conflicts between the Regulation itself, its practical application and research ethics are well-documented (1). The requirements for ""informed consent"", as defined within the GDPR, have not been well defined in the context of genome research or clinical trials (2), which has in turn led to the implementation and interpretation of the lawful basis to span into different idiosyncratic models. This naturally has fed into the uncertainty of how the legal basis can be applied in practice and calls for an investigation into the requirements for consent to be ""informed"" in the context of health research. This work aims to provide a scoping review and analysis of relevant publications with ultimate purpose to examine whether the concept of 'data altruism', as stipulated within Article 2 (10) of the Data Governance Act (""DGA""), addresses the gaps left behind by the application of the legal basis of 'consent', under the GDPR (Art. 6 (1) and 7), in so far as the secondary uses of data for research are concerned. In this light the article, by exploring available solutions found in relevant literature and used in practice in national and European projects, examines how 'data altruism' can add any value and work as a cohesive solution that the research community can use. OBJECTIVES: The article, through its research, intends to answer the following questions:What"
S097,,Body iron stores and heme-iron intake in relation to risk of type 2 diabetes: a systematic review and meta-analysis.,"BACKGROUND AND OBJECTIVE: Emerging evidence from biological and epidemiological studies has suggested that body iron stores and heme-iron intake may be related to the risk of type 2 diabetes (T2D). We aimed to examine the association of body iron stores and heme-iron intake with T2D risk by conducting a systematic review and meta-analysis of previously published studies. RESEARCH DESIGN AND METHODS: Systematic review and subsequent meta-analysis were conducted by searching MEDLINE database up to June 22, 2012 to identify studies that analyzed the association of body iron stores or dietary heme-iron intake with T2D risk. The meta-analysis was performed using the effect estimates and 95% confidence intervals (CIs) to calculate the pooled risk estimates, while the heterogeneity among studies was examined using the I(2) and Q statistic. RESULTS: The meta-analysis included 16 high-quality studies: 12 studies analyzed ferritin levels (4,366 T2D patients and 41,091 controls) and 4 measured heme-iron intake (9,246 T2D patients and 179,689 controls). The combined relative risk (RR) comparing the highest and lowest category of ferritin levels was 1.66 (95% CI: 1.15-2.39) for prospective studies, 2.29 (95% CI: 1.48-3.54) for cross-sectional studies with heterogeneity (Q = 14.84, p = 0.01, I(2) = 66.3%; Q = 44.16, p<0.001, I(2) = 88.7%). The combined RR comparing the highest and lowest category of heme-iron intake was 1.31 (95% CI: 1.21-1.43) with heterogeneity (Q = 1.39, p = 0.71, I(2) = 0%). No publication bias was found. Additional 15 studies that were of good quality, had significant results, and analyzed the association between body iron stores and T2D risk were qualitatively included in the systematic review. CONCLUSIONS: The meta-analysis and systematic review suggest that i"
S098,,Risk factors of in-stent restenosis in patients with diabetes mellitus after percutaneous coronary intervention: A protocol for systematic review and meta-analysis.,"BACKGROUND: Percutaneous coronary intervention (PCI) has become one of the effective methods for the treatment of coronary heart disease (CHD). However, it is easy to have in-stent restenosis (ISR), even cardiovascular events after PCI, which affects the therapeutic effects. The incidence of ISR in diabetes mellitus (DM) patients increased by 2 to 4 times. Early identification of the risk factors of ISR in DM patients after PCI may help clinical staff to prevent and intervene as soon as possible, so it is very important to improve the clinical outcomes of DM patients. Although scholars at home and abroad have studied and summarized the risk factors of ISR in DM patients after PCI, the conclusions are different. Therefore, in this study, meta-analysis was used to summarize the risk factors of ISR in DM patients after PCI, and to explore the characteristics of high-risk groups of ISR, thus providing reference for early identification and prevention of ISR. METHODS: We will search related literature from PubMed, Embase, Cochrane Library, Web of Science, China Biology Medicine Database, China National Knowledge Infrastructure, China Science and Technology Journal Database, and Wanfang Database. Eligible studies will be screened based on inclusion criteria. Meanwhile, data extraction, risk of bias assessment, publication bias assessment, subgroup analysis, and quality assessment will be performed. Review Manager Version 5.3 software will be applied for data analysis. Each process is independently conducted by 2 researchers. If there is any objection, it will be submitted to a third researcher for resolution. RESULTS: We will disseminate the findings of this systematic review and meta-analysis via publications in peer-reviewed journals. CONCLUSIONS: The results of this analys"
S099,,Prevalence and associated factors of gestational diabetes mellitus among women with polycystic ovary syndrome: a systematic review and meta-analysis.,"OBJECTIVE: Polycystic ovary syndrome (PCOS), the most common endocrine disorder in reproductive-aged women, often leads to gestational diabetes mellitus (GDM). This study aimed to systematically evaluate GDM prevalence and its associated factors in PCOS. METHODS: We searched PubMed, Embase, Web of Science, Cochrane Library, CNKI, Wanfang, Sinomed, and VIP from inception to December 31, 2025. Studies reporting GDM prevalence or associated factors in PCOS were included. A random-effects model pooled prevalence with odds ratios. Egger's test assessed publication bias, and subgroup analysis with meta-regression explored heterogeneity. A logit transformation was applied for pooling. RESULTS: Twenty-two studies with 5,507 PCOS patients were included. The pooled GDM prevalence was 24% (95% CI: 20%-28%; prediction interval: 10%-46%), with substantial heterogeneity (I² = 89.9%). The primary prevalence estimate, based on cohort studies (n=13), was 21.7% (95% CI: 17.7%-25.8%), while the overall estimate including case-control studies was 24% (95% CI: 20%-28%). By diagnostic criteria, GDM prevalence was 26.0% for one-step vs. 18.7% for two-step. Potentially associated factors included pre-pregnancy BMI (OR = 1.39), gestational weight gain (OR = 1.58), HOMA-IR (OR = 3.41), and family history of diabetes (OR = 2.88). CONCLUSION: Although the pooled GDM prevalence in PCOS was 24%, substantial heterogeneity and a wide prediction interval (10%-46%) suggest the true prevalence varies considerably across settings. Associated factors included HOMA-IR, family history, pre-pregnancy overweight, and excessive gestational weight gain. PCOS patients should be considered a high-risk group, and early monitoring of glucose metabolism and weight management may be beneficial, though these recommenda"
S100,,"Descemet Endothelial Thickness Comparison Trial II (DETECT II): multicentre, outcome assessor-masked, placebo-controlled trial comparing Descemet membrane endothelial keratoplasty (DMEK) to Descemet stripping only (DSO) with adjunctive ripasudil for Fuchs dystrophy.","INTRODUCTION: It remains uncertain whether Descemet membrane endothelial keratoplasty (DMEK) or Descemet stripping only (DSO) yields better outcomes in patients with symptomatic Fuchs endothelial corneal dystrophy (FECD). This paper presents the protocol for the Descemet Endothelial Thickness Comparison Trial II (DETECT II), a multicentre, outcome-masked, randomised, placebo-controlled, clinical trial comparing DMEK to DSO with ripasudil (DSO-R) for this patient population. METHODS AND ANALYSIS: A total of 60 patients with endothelial dysfunction due to symptomatic FECD will be enrolled from seven participating sites in the USA. The patients will be randomly assigned in a 1:1 ratio to one of the following treatment groups: group 1-DMEK plus topical placebo and group 2-DSO plus topical ripasudil 0.4%. The enrolment period is 24 months. The primary outcome is best spectacle-corrected visual acuity at 12 months. Secondary outcomes include peripheral and central endothelial cell density, visual acuity, vision-related quality of life and Pentacam Scheimpflug tomography. Study outcomes will be analysed using mixed effects linear regression. Adverse events, including rebubble procedures, endothelial failure and graft rejection, will be documented and analysed using appropriate statistical methods. DETECT II aims to provide evidence on the comparative effectiveness of DMEK and DSO-R. The results of this trial will contribute to optimising the treatment of FECD, while also exploring the cost-effectiveness of these interventions. Dissemination of findings through peer-reviewed publications and national/international meetings will facilitate knowledge translation and guide clinical practice in the field of corneal transplantation. ETHICS AND DISSEMINATION: A data and safety monito"
S101,,The relation of location-specific epicardial adipose tissue thickness and obstructive coronary artery disease: systemic review and meta-analysis of observational studies.,"BACKGROUND: There is growing evidence about the importance of epicardial adiposity on cardiometabolic risk. However, the relation of location-specific epicardial adipose tissue (EAT) thickness to coronary atherosclerotic burden is still unclear. METHODS: This meta-analysis was used to study the relations between location-specific EAT thickness and obstructive coronary artery disease (CAD). A systemic literature search to identify eligible studies that met the inclusion criteria from the beginning until January 2014 was made. We conducted the meta-analysis of all included 10 published studies. Pre-specified subgroup analyses were performed according to ethnicity, body mass index, diagnostic tools for CAD, and measurement tool if presence of high heterogeneity between studies. Potential publication bias was also assessed. RESULTS: We identified ten observed studies with a total of 1625 subjects for planned comparison. With regard to the association between obstructive CAD and location-specific EAT thickness at the right ventricular free wall, caution is warranted. The pooled estimate showed that location-specific EAT thickness at the right ventricular free wall was significantly higher in the CAD group than non-CAD group (standardized mean difference (SMD): 0.70 mm, 95% CI: 0.26-1.13, P = 0.002), although heterogeneity was high (I2 = 93%). It should be clear that only the result of echocardiography-based studies showed a significant association (SMD: 0.98 mm, 95% CI: 0.43-1.53, P = 0.0005), and the result of all included CT-based studies showed a non-significant association (SMD: 0.06 mm, 95% CI: -0.12-0.25, P = 0.50). In the subgroup analysis, the ""diagnostic tools for CAD"" or ""measurement tool of EAT thickness"" are potential major sources of heterogeneity between studie"
S102,,PRECISE TBI Model Catalog: Increasing Accessibility and Reproducibility in TBI research.,"Preclinical traumatic brain injury (TBI) research relies on experimental models that vary by mechanism, parameters, surgical procedures, species, strains, and ages, to name a few. While these models are crucial for understanding injury mechanisms and testing therapies, the progress in translating this knowledge to the clinic has been limited. This is in part due to fragmented resources and inconsistent reporting of critical variables. Here, we introduce the PRECISE-TBI model catalog, a centralized, queryable resource that consolidates metadata from published studies. The catalog integrates curated annotations from more than 450 papers, including details such as age, sex, strain, model type, device, and injury parameters. Where available, entries are also linked to protocols and datasets to enhance transparency and reproducibility. The Model Catalog serves as a living resource that enables cross-study comparison, identifies gaps in reporting, and connects the literature to datasets, protocols, device information, and other relevant resources. Analysis of the initial catalog entries revealed gaps in the reporting of device, age, and weight. In contrast, the reporting of sex improved over time, with over 90% of recent studies within the catalog papers reporting sex. Strain was also reported in most studies, with consistent reporting of specificity, especially for the C57 mice substrain. We expect the Model Catalog to serve as a valuable tool to enhance study design and reproducibility in preclinical TBI research while advancing FAIR data principles in the TBI field."
S103,,The Ethics of Leveraging Routinely Collected Patient Data for AI Development: Mixed Methods Study.,"BACKGROUND: Electronic health record (EHR) data, a key form of routinely collected patient data, offer great potential for medical research and the development of artificial intelligence (AI) tools. However, because these data are primarily gathered for health care rather than research, it often lacks the quality needed for AI training, raising both methodological and ethical concerns. While previous studies have reviewed the ethical implications of both routinely collected patient data and AI separately, their intersection, where AI is applied to such data, remains largely unexplored. OBJECTIVE: This study aimed to examine the ethical challenges that arise at the intersection of EHR data and AI development and to derive practice-oriented recommendations using the Dutch LEAPfROG (Leveraging Real-World Data to Optimize Pharmacotherapy Outcomes in Multimorbid Patients Using Machine Learning and Knowledge Representation Methods) project as a guiding case. METHODS: We used a mixed methods design combining a scoping literature review with a systematic search and 2 stakeholder workshops structured by the guidance ethics approach, reflecting a staged and iterative process aligned with the LEAPfROG project's development phases. The review identified 25 relevant publications from 2014 to 2024. The workshops, conducted with 17 and 13 participants respectively, included patients, clinicians, ethicists, data officers, and AI developers. Both workshops used dialogue to identify ethical values, impacts, and action points, focusing on a case study of drug-induced acute kidney injury. RESULTS: The analysis highlighted four major themes: (1) data privacy, transparency, and consent, including challenges of meaningful consent and risks of reidentification; (2) public trust and regulatory "
S104,,Sex/Gender Differences in Verbal Fluency and Verbal-Episodic Memory: A Meta-Analysis.,"Women are thought to fare better in verbal abilities, especially in verbal-fluency and verbal-memory tasks. However, the last meta-analysis on sex/gender differences in verbal fluency dates from 1988. Although verbal memory has only recently been investigated meta-analytically, a comprehensive meta-analysis is lacking that focuses on verbal memory as it is typically assessed, for example, in neuropsychological settings. On the basis of 496 effect sizes and 355,173 participants, in the current meta-analysis, we found that women/girls outperformed men/boys in phonemic fluency (ds = 0.12-0.13) but not in semantic fluency (ds = 0.01-0.02), for which the sex/gender difference appeared to be category-dependent. Women/girls also outperformed men/boys in recall (d = 0.28) and recognition (ds = 0.12-0.17). Although effect sizes are small, the female advantage was relatively stable over the past 50 years and across lifetime. Published articles reported stronger female advantages than unpublished studies, and first authors reported better performance for members of their own sex/gender. We conclude that a small female advantage in phonemic fluency, recall, and recognition exists and is partly subject to publication bias. Considerable variance suggests further contributing factors, such as participants' language and country/region."
S105,,The Association of Oxidative Stress Status with Open-Angle Glaucoma and Exfoliation Glaucoma: A Systematic Review and Meta-Analysis.,"PURPOSE: To systematically evaluate the associations between oxidative stress status and different types of glaucoma. DESIGN: Systematic review and meta-analysis. METHODS: We searched PubMed, EMBASE, and the Web of Science for randomized controlled trials written in the English language between January 1, 1990, and November 30, 2016. A random effects model was used to estimate oxidative stress status along with weighted mean differences and 95% confidence intervals (CIs). A funnel plot analysis and Egger's test were performed to assess potential publication bias. MAIN OUTCOME MEASURES: Oxidative stress status was abnormal and different in patients with OAG (open-angle glaucoma) and EXG (exfoliation glaucoma). RESULTS: Blood TAS (total antioxidant status) was lower in the OAG group than in the control group, with a mean difference of 0.580 mmol/L (p < 0.0001, 95% CI = -0.668 to -0.492). The aqueous humor SOD (superoxide dismutase), GPX (glutathione peroxidase), and CAT (catalase) levels were higher in the OAG group than in the control group, with mean differences of 17.989 U/mL (p < 0.0001, 95% CI = 14.579-21.298), 12.441 U/mL (p < 0.0001, 95% CI = 10.423-14.459), and 1.229 fmol/mL (p=0.042, 95% CI = 0.043-2.414), respectively. Blood TAS was lower in the EXG group than in the control group, with a mean difference of 0.262 mmol/L (p < 0.0001, 95% CI = -0.393 to -0.132). However, there were no differences in blood TOS and aqueous humor TOS between the EXG group and the control group. CONCLUSIONS: This meta-analysis indicates that OAG patients had a lower TAS in the blood and higher levels of SOD, GPX, and CAT in the aqueous humor, while EXG patients only had a decreased TAS in the blood."
S106,,COVID-19 interventional trials: Analysis of data sharing intentions during a time of pandemic.,"BACKGROUND: This survey of COVID-19 interventional studies encompasses, and expands upon, a previous publication [1] examining individual participant level data (IPD) sharing intentions for COVID-related trials and publications prior to June 30, 2020. METHODS: Replicating our inclusion criteria from the original survey, we evaluated a larger dataset of 2759 trials and 281 publications in this follow-up survey for willingness to share IPD and studied if sharing sentiment has evolved since the beginning of the pandemic. RESULTS: We found that 18 months into the pandemic, data sharing intentions remained static at 15% for trials registered through ClinicalTrials.gov (ClinicalTrials.gov is a digital registry of information about publicly and privately funded clinical studies in which human volunteers participate in interventional or observational scientific research) prior to September 19, 2021 compared to our initial survey. However, a comparison of declared intentions to share IPD at the time of publication revealed a noticeable shift: affirmative intentions grew from 21.4% (6/28) in our original publications survey to 57% (160/281) in this survey. Within the subset of studies published within journals affiliated with the International Committee of Medical Journal Editors (ICMJE), positive sharing intentions are even higher (65%). CONCLUSIONS: Although intent to share data at the time of registration has not changed from our prior study in June 2020, there is growing commitment to sharing data reflected in the increasing number of affirmative declarations at the time of publication. Actual sharing of data will accelerate new insights into COVID-19 through secondary re-use of data."
S107,,Pay-for-Performance and Veteran Care in the VHA and the Community: a Systematic Review.,"BACKGROUND: Although pay-for-performance (P4P) strategies have been used by the Veterans Health Administration (VHA) for over a decade, the long-term benefits of P4P are unclear. The use of P4P is further complicated by the increased use of non-VHA healthcare providers as part of the Veterans Choice Program. We conducted a systematic review and key informant interviews to better understand the effectiveness and potential unintended consequences of P4P, as well as the implementation factors and design features important in both VHA and non-VHA/community settings. METHODS: We searched PubMed, PsycINFO, and CINAHL through March 2017 and reviewed reference lists. We included trials and observational studies of P4P targeting Veteran health. Two investigators abstracted data and assessed study quality. We interviewed VHA stakeholders to gain further insight. RESULTS: The literature search yielded 1031 titles and abstracts, of which 30 studies met pre-specified inclusion criteria. Twenty-five examined P4P in VHA settings and 5 in community settings. There was no strong evidence supporting the effectiveness of P4P in VHA settings. Interviews with 17 key informants were consistent with studies that identified the potential for overtreatment associated with performance metrics in the VHA. Key informants' views on P4P in community settings included the need to develop relationships with providers and health systems with records of strong performance, to improve coordination by targeting documentation and data sharing processes, and to troubleshoot the limited impact of P4P among practices where Veterans make up a small fraction of the patient population. DISCUSSION: The evidence to support the effectiveness of P4P on Veteran health is limited. Key informants recognize the potentia"
S108,,Intraoperative application of mixed and augmented reality for digital surgery: a systematic review of ethical issues.,"INTRODUCTION: Head-mounted displays (HMDs) that superimpose holograms onto patients are of particular surgical interest as they are believed to dramatically change surgical procedures by including safety warning and allowing real-time offsite consultations. Although there are promising benefits of mixed and augmented reality (MR/AR) technologies in surgery, they also raise new ethical concerns. The aim of this systematic review is to determine the full spectrum of ethical issues that is raised for surgeons in the intraoperative application of MR/AR technology. METHODS: Five bibliographic databases were searched for publications on the use of MR/AR, HMDs and other devices, their intraoperative application in surgery, and ethical issues. We applied qualitative content analysis to the n = 50 articles included. Firstly, we coded the material with deductive categories derived from ethical frameworks for surgical innovations, complications and research. Secondly, clinical aspects with ethical relevance were inductively coded as ethical issues within the main categories. Thirdly, we pooled the ethical issues into themes and sub-themes. We report our findings according to the reporting guideline RESERVE. RESULTS: We found n = 143 ethical issues across ten main themes, namely patient-physician relationship, informed consent, professionalism, research and innovation, legal and regulatory issues, functioning equipment and optimal operating conditions, allocation of resources, minimizing harm, good communication skills and the ability to exercise sound judgement. The five most prevalent ethical issues are ""Need for continuous research and innovation"", ""Ensuring improvement of the learning curve"", ""MR/AR enables new maneuvers for surgeons"", ""Ensuring improvement of comfort, ergonomi"
S109,,Blockchain Technology in Digital Health and Medical Technologies.,"The rapid evolution of digital health technologies has created an urgent need for secure, transparent, and interoperable data management systems. The core problem addressed in this study is the fragmentation of healthcare data and the lack of trust among stakeholders in existing digital health infrastructures. The main goal is to examine how blockchain technology can drive digital health transformation through decentralized data governance and integration with other emerging technologies. To achieve this, the research employs a mixed bibliometric and systematic review methodology, analyzing peer-reviewed publications indexed in the Web of Science and comparing topic hierarchies with outputs from Google Scholar between 2017 and 2024. Using keyword co-occurrence and thematic mapping, six major domains were identified: genomics and precision medicine, telemedicine and mobile health, immersive technologies such as augmented and virtual reality, the Internet of Things and Health 5.0 systems, artificial intelligence and big data integration, and global and regional health management. The findings indicate that blockchain enhances healthcare by improving data security, ensuring traceability, facilitating interoperability across platforms, and enabling real-time data sharing in clinical and research environments. It also supports regulatory compliance and patient-centered data ownership. In conclusion, blockchain serves as a foundational technology for future digital health ecosystems, promoting transparency and decentralization across global health networks. This study contributes to the literature by offering a comprehensive framework for integrating blockchain with digital health innovations, providing valuable guidance for researchers, policymakers, and healthcare technolog"
S110,,Diagnostic tools for alzheimer's disease dementia and other dementias: an overview of diagnostic test accuracy (DTA) systematic reviews.,"BACKGROUND: Dementia includes a group of neurodegenerative disorders characterized by progressive loss of cognitive function and a decrease in the ability to perform activities of daily living. Systematic reviews of diagnostic test accuracy (DTA) focus on how well the index test detects patients with the disease in terms of figures such as sensitivity and specificity. Although DTA reviews about dementia are essential, at present there is no information about their quantity and quality. METHODS: We searched for DTA reviews in MEDLINE (1966-2013), EMBASE (1980-2013), The Cochrane Library (from its inception until December 2013) and the Database of Abstracts of Reviews of Effects (DARE). Two reviewers independently assessed the methodological quality of the reviews using the AMSTAR measurement tool, and the quality of the reporting using the PRISMA checklist. We describe the main characteristics of these reviews, including basic characteristics, type of dementia, and diagnostic test evaluated, and we summarize the AMSTAR and PRISMA scores. RESULTS: We selected 24 DTA systematic reviews. Only 10 reviews (41.6%), assessed the bias of included studies and few (33%) used this information to report the review results or to develop their conclusions Only one review (4%) reported all methodological items suggested by the PRISMA tool. Assessing methodology quality by means of the AMSTAR tool, we found that six DTA reviews (25%) pooled primary data with the aid of methods that are used for intervention reviews, such as Mantel-Haenszel and separate random-effects models (25%), while five reviews (20.8%) assessed publication bias by means of funnel plots and/or Egger's Test. CONCLUSIONS: Our assessment of these DTA reviews reveals that their quality, both in terms of methodology and "
S111,,Impact of antenatal care on neonatal mortality among neonates in Ethiopia: a systematic review and meta-analysis.,"BACKGROUND: As compared to other regions of the world, Sub Saharan Africa (SSA) is the region with the highest neonatal mortality and is the region showing the least progress in the reduction of newborn death. Despite better progress made in reducing neonatal mortality, Ethiopia contributes the highest rate of neonatal death in Africa. In Ethiopia, findings from few studies were inconsistent and there is a need to systematically pool existing data to determine the impact of antenatal care on neonatal mortality among mother-neonate pairs in Ethiopia. METHODS: Published articles from various electronic databases such as Medline, Hinari, Pub Med, Cochrane library, the Web of Science, and Google Scholar were accessed. Also, unpublished studies from library catalogs were identified. All observational studies that were conducted on the association between antenatal care follow-up and neonatal mortality among neonates in Ethiopia were included. Data were extracted on the Microsoft Excel spreadsheet and analyzed using STATA 14.1 version. A random-effects model was used to estimate the pooled estimate with a 95% confidence interval (CI). Forest plots were used to visualize the presence of heterogeneity and estimate the pooled impact on antenatal care on neonatal mortality. The presence of publication bias was assessed by funnel plots and Egger's statistical tests. RESULTS: Initially, a total of 345 studies were accessed. Finally, 28 full-text studies were reviewed and fourteen studies fulfilled inclusion criteria and included in the final meta-analysis. The overall pooled estimate indicates the odds of neonatal death among neonates from women with antenatal care were 65% lower than those neonates from women who had no antenatal care follow-up (OR: 0.35, 95% CI: 0.24, 0.51). CONC"
S112,,"Public and patient involvement in health data governance (DATAGov): protocol of a people-centred, mixed-methods study on data use and sharing for rare diseases care and research.","INTRODUCTION: International policy imperatives for the public and patient involvement in the governance of health data coexist with conflicting cross-border policies on data sharing. This can challenge the planning and implementation of participatory data governance in healthcare services locally. Engaging with local stakeholders and understanding how their needs, values and preferences for governing health data can be articulated with policies made at the supranational level is crucial. This paper describes a protocol for a project that aims to coproduce a people-centred model for involving patients and the public in decision-making processes about the use and sharing of health data for rare diseases care and research. METHODS AND ANALYSIS: This multidisciplinary project draws on an explanatory sequential mixed-methods study. A hospital-based survey with patients, informal carers, health professionals and technical staff recruited at two reference centres for rare diseases in Portugal will be conducted first. The qualitative study will follow consisting of semi-structured interviews and scenario-based workshops with a subsample of the participant groups recruited at baseline. Quantitative data will be analysed using descriptive and inferential statistics. Inductive and deductive approaches will be combined to analyse the qualitative interviews. Data from scenario-based workshops will be iteratively compared using the constant comparison method to identify cross-cutting themes and categories. ETHICS AND DISSEMINATION: The Ethics Committee for Health from the University Hospital Centre São João/Faculty of Medicine of University of Porto approved the study protocol (Ref. 99/19). Research findings will be disseminated at academic conferences and science promotion events, a"
S113,,Graduated Compression Stockings for Thromboprophylaxis in Orthopaedic and Trauma Surgery: A Rapid Review and Meta-Analysis.,"Background/Objectives: The utility and value of graduated compression stockings (gCS) as an adjunct to pharmacological thromboprophylaxis, with and without low-molecular-weight heparins (LMWH) and other anticoagulants, in avoiding any thromboembolic (TE) event in the scenario of total joint replacement, fracture management, spine and pelvic surgery, and arthroscopic procedures, remains unclear. Because of the urgent need to decide whether gCS should stay in the portfolio of a national group of nine tertiary trauma centres, our research department was requested to answer the question of whether gCS provide any extra benefit in addition to modern TE prophylaxis in orthopaedic and trauma surgery through a prospectively registered rapid review (PROSPERO CRD42024621104). Methods: We searched PubMed, Ovid MEDLINE, Embase, CINAHL, and CENTRAL from 1 January 1980 to 1 March 2025, for randomised controlled trials (RCTs) and cohort studies comparing TE prophylaxis regimens, both with and without gCS, and modern pharmacological anticoagulants. The methodological quality of individual studies was rated by the Cochrane Collaborations' Risk of Bias Version 2.0 (RoB-2) and the Risk of Bias in Non-Randomised Studies of Interventions (ROBINS-I) tools, supplemented by the Grading of Recommendations Assessment, Development and Evaluation (GRADE). The reported cumulative incidence of any TE event (i.e., deep vein thrombosis, pulmonary embolism), as defined by individual trialists, was chosen as the primary endpoint, and expressed as the relative risk (RR) between intervention and control groups. Results: Fifteen investigations (13 RCTs and 2 observational studies) enrolling 7721 patients (mean age, 59 [SD 13] years; 3538 males [46%]) with various musculoskeletal conditions and injuries wer"
S114,,Biomedical supervisors' role modeling of open science practices.,"Supervision is one important way to socialize Ph.D. candidates into open and responsible research. We hypothesized that one should be more likely to identify open science practices (here publishing open access and sharing data) in empirical publications that were part of a Ph.D. thesis when the Ph.D. candidates' supervisors engaged in these practices compared to those whose supervisors did not or less often did. Departing from thesis repositories at four Dutch University Medical centers, we included 211 pairs of supervisors and Ph.D. candidates, resulting in a sample of 2062 publications. We determined open access status using UnpaywallR and Open Data using Oddpub, where we also manually screened publications with potential open data statements. Eighty-three percent of our sample was published openly, and 9% had open data statements. Having a supervisor who published open access more often than the national average was associated with an odds of 1.99 to publish open access. However, this effect became nonsignificant when correcting for institutions. Having a supervisor who shared data was associated with 2.22 (CI:1.19-4.12) times the odds to share data compared to having a supervisor that did not. This odds ratio increased to 4.6 (CI:1.86-11.35) after removing false positives. The prevalence of open data in our sample was comparable to international studies; open access rates were higher. Whilst Ph.D. candidates spearhead initiatives to promote open science, this study adds value by investigating the role of supervisors in promoting open science."
S115,,The Antihypertensive Effects and Safety of LCZ696 in Patients with Hypertension: A Systemic Review and Meta-Analysis of Randomized Controlled Trials.,"BACKGROUND: The management of hypertension remains suboptimal throughout the world. METHODS: We performed a random-effects model meta-analysis of randomized controlled trials to determine the effectiveness and safety of sacubitril/valsartan (LCZ696) for the treatment of high arterial pressure. Relevant published articles from PubMed, Cochrane base, and Medline were examined, and the last search date was December 2020. Only published randomized controlled trials and double-blind studies were selected for further analysis. The mean reductions in systolic blood pressure (msSBP) and diastolic blood pressure (msDBP) in the sitting position, as well as the mean reductions in ambulatory systolic blood pressure (maSBP) and ambulatory diastolic blood pressure (maDBP), were assumed as efficacy endpoints. Adverse events (AEs) were considered as safety outcomes. RESULTS: Ten studies with a total of 5931patients were included for analysis. Compared with placebo, LCZ696 had a significant reduction in msSBP (weight mean difference (WMD) = -6.52 mmHg, 95% confidence interval (CI): -8.57 to -4.47; p < 0.001), msDBP (WMD = -3.32 mmHg, 95% CI: -4.57 to -2.07; p < 0.001), maSBP (WMD = -7.08 mmHg, 95% CI: -10.48 to -3.68; p < 0.001), maDBP (WMD = -3.28 mmHg, 95% CI: -4.55 to -2.02, p < 0.001). In subgroup analysis, only 200 mg and 400 mg LCZ696 showed a significant BP reduction. There was no difference in the AE rate between the LCZ696 and placebo groups (WMD = 1.02, 95% CI: 0.83 to 1.27, p = 0.54). Egger's test revealed a potential publication bias for msSBP (p = 0.025), but no publication bias for other outcomes. CONCLUSION: LCZ696 may reduce blood pressure more efficaciously than traditional therapy in hypertensive patients without increasing adverse effects."
S116,,"Prognostic Value of Programmed Cell Death Ligand-1 Expression in Nasopharyngeal Carcinoma: A Meta-Analysis of 1,315 Patients.","Background: The prognostic value of programmed cell death ligand-1 (PD-L1) in patients with nasopharyngeal carcinoma (NPC) remains controversial. Therefore, we conducted this meta-analysis to understand the role of PD-L1 in NPC. Method: We searched PubMed, Embase, Web of Science, and Cochrane Library up to April 2019. We determined the pooled hazard ratio (HR) and 95% confidence intervals (CIs) to assess the relationship between PD-L1 and various survival outcomes. Begg's funnel plot was used to assess any publication bias. Results: Eleven studies involving 1,315 patients were included in this meta-analysis. For overall survival (OS), the HR was 1.48 and 95% CI was 1.00-2.18 (p = 0.049). For disease-free survival (DFS), the HR was 1.51 and 95% CI was 0.85-2.69 (p = 0.162). For distant metastasis-free survival (DMFS), the HR was 1.75 and 95% CI was 0.64-4.79 (p = 0.277). For local recurrence-free survival (LRFS), the HR was 0.67 and 95% CI was 0.06-8.16 (p = 0.756). The results of prognosis of PD-L1 and OS were more significant after sensitivity analysis. The pooled odds ratio indicated that PD-L1 expression was not associated with T stage, N stage, M stage, overall stage, sex, age, smoking, or alcohol intake. No publication bias was found. Conclusion: Our meta-analysis showed that PD-L1 overexpression in NPC was associated with a poor OS and may be useful as a novel prognostic factor for NPC."
S117,,The gender and geography of publishing: a review of sex/gender reporting and author representation in leading general medical and global health journals.,"INTRODUCTION: Diverse gender and geographical representation matters in research. We aimed to review medical and global health journals' sex/gender reporting, and the gender and geography of authorship. METHODS: 542 research and non-research articles from 14 selected journals were reviewed using a retrospective survey design. Paper screening and systematic data extraction was conducted with descriptive statistics and regression analyses calculated from the coded data. Outcome measures were journal characteristics, the extent to which published articles met sex/gender reporting guidelines, plus author gender and location of their affiliated institution. RESULTS: Five of the fourteen journals explicitly encourage sex/gender analysis in their author instructions, but this did not lead to increased sex/gender reporting beyond the gender of study participants (OR=3.69; p=0.000 (CI 1.79 to 7.60)). Just over half of research articles presented some level of sex/gender analysis, while 40% mentioned sex/gender in their discussion. Articles with women first and last authors were 2.4 times more likely to discuss sex/gender than articles with men in those positions (p=0.035 (CI 1.062 to 5.348)). First and last authors from high-income countries (HICs) were 19 times as prevalent as authors from low-income countries; and women from low-income and middle-income countries were at a disadvantage in terms of the impact factor of the journals they published in. CONCLUSION: Global health and medical research fails to consistently apply a sex/gender lens and remains largely the preserve of authors in HIC. Collaborative partnerships and funding support are needed to promote gender-sensitive research and dismantle historical power dynamics in authorship."
S118,,The prognostic utility of pre-treatment neutrophil-to-lymphocyte-ratio (NLR) in colorectal cancer: A systematic review and meta-analysis.,"BACKGROUND: Inflammation is a hallmark of cancer, and systemic markers of inflammation are increasingly recognised as negative prognostic factors for clinical outcome. Neutrophil-to-lymphocyte ratio (NLR) is readily available from routine blood testing of patients diagnosed with cancer. METHODS: Peer-reviewed publications from PubMed/MEDLINE, Web of Science and EMBASE were identified according to the Preferred Reporting Items for Systematic Reviews and Meta-Analysis (PRISMA) guidelines. Hazard ratios (HR) for overall survival (OS) and surrogate endpoints (SE; comprising disease-, recurrence- and progression-free survival) were pooled using a random effects model. Additional analysis was carried out to further investigate NLR as an independent prognostic factor and account for heterogeneity. RESULTS: Seventy-one eligible papers comprising 32,788 patients were identified. High NLR was associated with poor clinical outcomes. Significant publication bias was observed, and larger studies also adjusted for more covariates. Correcting for publication bias in multivariate studies brought our best estimate for true effect size to HR = 1.57 (95% CI 1.39-1.78; p < 0.0001) for OS and to HR = 1.38 (95% CI 1.16-1.64; p = 0.0003) for SE. CONCLUSIONS: NLR is confirmed as an easily available prognostic biomarker in colorectal cancer, despite the limitations of some studies previously reporting this finding. As such, it should be routinely collected in prospective clinical trials. While more standardised and rigorous large-scale studies are needed before high NLR can be fully assessed as an independent predictor of CRC progression and outcome, the data suggest that it may be used to highlight individuals with tumour-promoting inflammatory context."
S119,,Efficacy and safety of transcutaneous auricular vagus nerve stimulation (ta-VNS) in the treatment of tinnitus: protocol for an updated systematic review and meta-analysis.,"INTRODUCTION: With an increasing incidence and significant effects on patients, tinnitus has become a major disease burden. There is a dearth of therapies with established efficacy for tinnitus. Transcutaneous auricular vagus nerve stimulation (ta-VNS) is being investigated as a potential therapy for tinnitus, but the current body of evidence remains inconclusive due to conflicting results across different studies. As a result, this protocol aims to synthesise and update the evidence to clarify whether ta-VNS is effective and safe for alleviating tinnitus. METHODS AND ANALYSIS: To identify relevant randomised controlled trials (RCTs), seven representative bibliographical databases will be searched from their inception to December 2023: PubMed, Embase (via OVID), Cochrane Library, Chinese National Knowledge Infrastructure, Wangfang Database, Chinese BioMedical Literature Database, and Chongqing VIP Chinese Science and Technology Periodical Database. Publications in English or Chinese will be considered for inclusion. RCTs comparing ta-VNS with active treatments, no intervention, waitlist control or sham ta-VNS in adult patients with subjective tinnitus will be included. Studies on objective tinnitus will be excluded. Primary outcome is tinnitus symptom severity measured by validated scales. With all eligible trials included, when applicable, quantitative analysis via meta-analyses will be performed using RevMan V.5.4.1 software. Otherwise, a qualitative analysis will be conducted. The methodological quality of the included RCTs will be assessed using the Risk of Bias 2.0 tool. Sensitivity analyses, subgroup analysis and publication bias evaluation will also be performed. The Grading of Recommendations, Assessment, Development, and Evaluation approach will be used to grad"
S120,,Plasmodium falciparum Infection Status among Children with Schistosoma in Sub-Saharan Africa: A Systematic Review and Meta-analysis.,"BACKGROUND: It has been suggested that Schistosoma infection may be associated with Plasmodium falciparum infection or related reduction in haemoglobin level, but the nature of this interaction remains unclear. This systematic review synthesized evidence on the relationship of S. haematobium or S. mansoni infection with the occurrence of P. falciparum malaria, Plasmodium density and related reduction in haemoglobin level among children in sub-Saharan Africa (SSA). METHODOLOGY/PRINCIPAL FINDINGS: A systematic review in according with PRISMA guidelines was conducted. All published articles available in PubMed, Embase, Cochrane library and CINAHL databases before May 20, 2015 were searched without any limits. Two reviewers independently screened, reviewed and assessed all the studies. Cochrane Q and Moran's I2 were used to assess heterogeneity and the Egger test was used to examine publication bias. The summary odds ratio (OR), summary regression co-efficient (β) and 95% confidence intervals (CI) were estimated using a random-effects model. Out of 2,920 citations screened, 12 articles (five cross-sectional, seven prospective cohort) were eligible to be included in the systematic review and 11 in the meta-analysis. The 12 studies involved 9,337 children in eight SSA countries. Eight studies compared the odds of asymptomatic/uncomplicated P. falciparum infection, two studies compared the incidence of uncomplicated P. falciparum infection, six studies compared P. falciparum density and four studies compared mean haemoglobin level between children infected and uninfected with S. haematobium or S. mansoni. Summary estimates of the eight studies based on 6,018 children showed a higher odds of asymptomatic/uncomplicated P. falciparum infection in children infected with S. mansoni"
S121,,Correction: Poor reporting quality of randomized controlled trials comparing treatments of COVID-19-A retrospective cross-sectional study on the first year of publications.,[This corrects the article DOI: 10.1371/journal.pone.0292860.].
S122,,Protocol for an observational cohort study identifying factors predicting accurately end of life in dementia with Lewy bodies and promoting quality end-of-life experiences: the PACE-DLB study.,"INTRODUCTION: Dementia with Lewy bodies (DLB) is one of the most common degenerative dementias. Despite the fact that most individuals with DLB die from complications of the disease, little is known regarding what factors predict impending end of life or are associated with a quality end of life. METHODS AND ANALYSIS: This is a multisite longitudinal cohort study. Participants are being recruited from five academic centres providing subspecialty DLB care and volunteers through the Lewy Body Dementia Association (not receiving specialty care). Dyads must be US residents, include individuals with a clinical diagnosis of DLB and at least moderate-to-severe dementia and include the primary caregiver, who must pass a brief cognitive screen. The first dyad was enrolled 25 February 2021; recruitment is ongoing. Dyads will attend study visits every 6 months through the end of life or 3 years. Study visits will occur in-person or virtually. Measures include demographics, DLB characteristics, caregiver considerations, quality of life and satisfaction with end-of-life experiences. For dyads where the individual with DLB dies, the caregiver will complete a final study visit 3 months after the death to assess grief, recovery and quality of the end-of-life experience. Terminal trend models will be employed to identify significant predictors of approaching end of life (death in the next 6 months). Similar models will assess caregiver factors (eg, grief, satisfaction with end-of-life experience) after the death of the individual with DLB. A qualitative descriptive analysis approach will evaluate interview transcripts regarding end-of-life experiences. ETHICS AND DISSEMINATION: This study was approved by the University of Florida institutional review board (IRB202001438) and is listed o"
S123,,Structural rather than functional brain alterations that characterize the differences between major depressive disorder and primary insomnia: a comparative meta-analysis.,"BACKGROUND: Major depressive disorder (MDD) and primary insomnia (PI) share overlapping symptoms and neurobiological features, yet they represent distinct clinical entities. Thus, identifying both shared and disorder-specific structural and functional brain alterations is critical for enhancing our mechanistic understanding and improving diagnostic differentiation between these conditions. METHODS: A comprehensive literature search was conducted in the PubMed, Web of Science, and Embase databases, covering publications up to April 2024. The seed-based d-mapping software was used to investigate common and distinct abnormalities of gray matter volume (GMV) and resting-state amplitude of low-frequency fluctuations (ALFF) between MDD and PI. Meta-regression analysis was employed to assess the effect of demographic and clinical features on the identified structural and functional characteristics. The study complied with the PRISMA reporting guideline, and the detailed checklist is included in Additional File 2. RESULTS: Across 54 GMV and 25 ALFF studies, both MDD and PI showed increased ALFF in the left temporal pole, superior temporal gyrus (STG), and right amygdala relative to healthy controls. Compared to MDD, PI exhibited smaller GMV in the left striatum and median cingulate/paracingulate gyri (DCG), but greater GMV in the right STG, reflecting structural divergence. Functionally, PI showed lower ALFF values in the right cerebellum and parietal regions, but higher ALFF values in the right occipital and temporal areas than MDD. Subgroup analyses conducted in studies within homogenous and key methodological parameters confirmed the robustness of most findings. Meta-regression revealed that functional rather than structural alterations were more strongly associated with the"
S124,,Towards Greater Standardisation in Benthic Trait Research to Support Application to Environmental Management.,"Functional trait-based approaches have enriched our understanding of key ecological processes such as species assembly and biodiversity loss. This focus on traits, rather than taxonomy, promotes comparability across spatial and organisational scales, further enabling the application of trait-based methodologies to systems where species identity is difficult to recognise. Among other issues, however, the lack of standardisation is preventing trait-based approaches from unlocking their true potential. Here, 407 published articles (peer-reviewed and grey literature) are reviewed alongside the Biological Traits Information Catalogue (BIOTIC) to document inconsistencies in the understanding and use of trait terminology in the context of marine benthic ecosystems. Firstly, discrepancies in the operationalisation of key concepts are noted, each associated with six to ten separate definitions. Secondly, three distinct trait classification frameworks are identified, of which one presents considerable internal variation; within-framework trait classification also emerges as inconsistent. Lastly, a total of 290 synonyms and associated modalities are noted with respect to 18 traits commonly implemented in benthic research, amounting to an average of 16 synonyms per trait. Researchers should be aware of such inconsistencies; to overcome them, we propose a set of guidelines aimed at standardising the reporting and classification of traits in benthic research for policy and management applications. As other standards may exist, we further present a 'translation' table intended for use by trait ecologists when reviewing existing literature that adheres to different trait classification frameworks than the ones we recommend. Standardising the reporting and storage of trait data will hel"
S125,,The Prognostic Significance of Phosphatase and Tensin Homolog Loss in Breast Cancer.,"AIM: This study aims to determine the prognostic significance of phosphatase and tensin homolog (PTEN) loss in breast cancer. METHODS: We conducted a meta-analysis study. Sample of this study were research articles that evaluated PTEN loss and prognosis in breast cancer patients. We searched for relevant studies published in PubMed and Proquest from January 2010 to July 2018. We reviewed studies that examined the association between immunohistochemical expression of PTEN and breast cancer prognosis using meta-analysis methods. Pooled risk ratios (RR) were calculated using fixed and random-effect models. Data were processed using Review Manager 5.3 (RevMan 5.3). RESULTS: There were 7 studies conducted a systematic review then continued to evaluate the association of PTEN loss and breast cancer prognosis by meta-analysis. There was a significant association of PTEN loss with poor prognosis of breast cancer (RR = 0.76 [95% CI 0.59-0.98 p <0.07), and there was not any significant publication bias for studies included. CONCLUSION: This study confirmed PTEN loss is an important independent factor for breast cancer prognosis."
S126,,Effectiveness of linkage to care and prevention interventions following HIV self-testing: a global systematic review and meta-analysis protocol.,"INTRODUCTION: Early identification of persons living with HIV (PLWH) is crucial to institute timely treatment to prevent HIV-related morbidity and mortality. The convenience, flexibility and confidentiality of HIV self-testing enhance the acceptability of HIV testing and early detection of PLWH. However, persons who tested positive after a self-test are more likely to present late for treatment. This review seeks to evaluate the effectiveness of interventions to improve linkage to care and prevention after self-testing. METHODS AND ANALYSIS: We will search PubMed, Embase, Web of Science, Cochrane Library, PsycInfo, Global Health Library, ClinicalTrials.gov and current controlled trials for all randomised and non-randomised studies published from 1 January 2010 to 31 July 2022 without language restriction. Two review authors will independently screen and select articles (based on the eligibility criteria for this review), extract data and assess the risk of bias in the included studies. Study-specific estimates will be converted to log risk ratios and weighted by the inverse of the variance of the log risk ratio before pooling into a fixed-effect model. The Cochrane's Q χ2 test and the I2 statistic will be used to assess and quantify heterogeneity in the included studies, respectively. The Egger's test and funnel plots will be used to assess publication bias. Sensitivity analysis will be conducted using leave-one-out analysis to assess the impact of outliers on the overall summary intervention effect. ETHICS AND DISSEMINATION: No ethical clearance is needed for the current study as it will be based on already published articles. We will publish the findings of this study in international peer-reviewed journals and present them at conferences."
S127,,Prognostic value of PD-L1 in esophageal squamous cell carcinoma: a meta-analysis.,"Accumulated evidence has shown that the programmed cell death receptor 1/programmed cell death receptor 1 ligand 1 (PD-1/PD-L1) pathway is a promising therapeutic target for cancer immunotherapy. However, the association between PD-L1 and esophageal squamous cell carcinoma (ESCC) patient survival remains unclear. We performed a meta-analysis to investigate the prognostic value of PD-L1 in ESCC. We searched PubMed, Embase, Web of Knowledge, and Cochrane Central Register of Controlled Trials databases for relevant studies that evaluated PD-L1 expression and ESCC patient survival. Fixed- and random-effects meta-analyses were conducted according to the heterogeneity of the included studies. Sensitivity analysis was performed according to Metan-based influence analysis. Publication bias was evaluated using Egger's and Begg's tests. Overall, 13 studies with 2,877 patients were included. Twelve studies demonstrated the association between overall survival (OS), and 6 studies described the relation between disease-free survival (DFS). PD-L1 overexpression was found in 43.7% (1,258 of 2,877) of the patients with ESCC. High PD-L1 expression was associated with distant metastasis in patients with ESCC (P = 0.04). Moreover, high PD-L1 expression was significantly associated with poor OS (hazard ratio [HR] 1.38, 95% confidence interval [CI] = 1.02-1.86, P = 0.04) and especially in Asian populations (HR 1.49, 95% CI = 1.11-1.99, P = 0.008). But it did not have an impact on disease-free survival (HR 1.15, 95% CI = 0.76-1.74, P = 0.52). Further well-designed clinical studies with uniform assessment approaches for PD-L1 expression are warranted to verify its prognostic value."
S128,,Association of SGLT2 Inhibitors With Cardiovascular and Kidney Outcomes in Patients With Type 2 Diabetes: A Meta-analysis.,"IMPORTANCE: Sodium-glucose cotransporter 2 (SGLT2) inhibitors favorably affect cardiovascular (CV) and kidney outcomes; however, the consistency of outcomes across the class remains uncertain. OBJECTIVE: To perform meta-analyses that assess the CV and kidney outcomes of all 4 available SGLT2 inhibitors in patients with type 2 diabetes. DATA SOURCES: A systematic literature search was conducted in PubMed from January 1, 2015, to January 31, 2020. STUDY SELECTION: One hundred forty-five records were initially identified; 137 were excluded because of study design or topic of interest. As a result, a total of 6 randomized, placebo-controlled CV and kidney outcomes trials of SGLT2 inhibitors in patients with type 2 diabetes were identified, with contributory data from 9 publications. All analyses were conducted on the total patient population of these trials. DATA EXTRACTION AND SYNTHESIS: Standardized data search and abstraction were performed following the Preferred Reporting Items for Systematic Reviews and Meta-Analysis (PRISMA) Statement. Data were analyzed using a fixed-effect model. MAIN OUTCOMES AND MEASURES: Outcomes included time to the first event of (1) the composite of major adverse CV events of myocardial infarction, stroke, or CV death, and each component, (2) the composite of hospitalization for heart failure (HHF) or CV death (HHF/CV death) and each component, and (3) kidney composite outcomes. For outcomes in the overall trial populations and in selected subgroups, hazard ratios (HRs) and 95% CIs were pooled and meta-analyzed across trials. RESULTS: Data from 6 trials comprised 46 969 unique patients with type 2 diabetes, including 31 116 (66.2%) with atherosclerotic CV disease. The mean (SD) age of all trial participants was 63.7 (7.9) years; 30 939 (65.9%"
S129,,Hypertonic saline (HS) for acute bronchiolitis: Systematic review and meta-analysis.,"BACKGROUND: Acute bronchiolitis is the commonest cause of hospitalisation in infancy. Currently management consists of supportive care and oxygen. A Cochrane review concluded that, ""nebulised 3 % saline may significantly reduce the length of hospital stay"". We conducted a systematic review of controlled trials of nebulised hypertonic saline (HS) for infants hospitalised with primary acute bronchiolitis. METHODS: Searches to January 2015 involved: Cochrane Central Register of Controlled Trials; Ovid MEDLINE; Embase; Google Scholar; Web of Science; and, a variety of trials registers. We hand searched Chest, Paediatrics and Journal of Paediatrics on 14 January 2015. Reference lists of eligible trial publications were checked. Randomised or quasi-randomised trials which compared HS versus either normal saline (+/- adjunct treatment) or no treatment were included. Eligible studies involved children less than 2 years old hospitalised due to the first episode of acute bronchiolitis. Two reviewers extracted data to calculate mean differences (MD) and 95 % Confidence Intervals (CIs) for length of hospital stay (LoS-primary outcome), Clinical Severity Score (CSS) and Serious Adverse Events (SAEs). Meta-analysis was undertaken using a fixed effect model, supplemented with additional sensitivity analyses. We investigated statistical heterogeneity using I(2). Risk of bias, within and between studies, was assessed using the Cochrane tool, an outcome reporting bias checklist and a funnel plot. RESULTS: Fifteen trials were included in the systematic review (n = 1922), HS reduced mean LoS by 0.36, (95 % CI 0.50 to 0.22) days, but with considerable heterogeneity (I(2) = 78 %) and sensitivity to alternative analysis methods. A reduction in CSS was observed where assessed [n = 516; MD -1.3"
S130,,Global scientific trends on neuroimaging in obsessive-compulsive disorder in the early twenty-first century: a bibliometric analysis and visualization analysis.,"OBJECTIVE: This bibliometric analysis aims to delineate the evolution, current trends, and future directions in neuroimaging research on obsessive-compulsive disorder (OCD) from 2000 to 2024. By synthesizing global research output, collaboration networks, and technological advancements, we seek to highlight knowledge gaps and propose strategies to enhance the equity, reproducibility, and translational impact of OCD neuroimaging studies. METHODS: Data were sourced from the Web of Science Core Collection, spanning January 1, 2000, to December 31, 2024. A structured search strategy identified 2,000 eligible articles and reviews. Bibliometric analysis was conducted using CiteSpace, VOSviewer, and Excel to examine publication trends, geographic and institutional collaborations, keyword co-occurrence, citation patterns, and journal influence. RESULTS: OCD neuroimaging research has shown sustained growth, with a shift from metabolic studies to network neuroscience, driven by advances in functional magnetic resonance imaging (fMRI), diffusion tensor imaging (DTI), and artificial intelligence (AI). High-income countries dominated research output, with the United States contributing 36.5% of publications. However, low- and middle-income countries (LMICs) remain underrepresented. Keyword analysis revealed emerging themes such as transdiagnostic biomarkers and neuromodulation therapies. High-impact journals like Biological Psychiatry and American Journal of Psychiatry dominated citations, while specialized journals struggled with visibility. Methodological heterogeneity and limited data sharing posed significant challenges to reproducibility. CONCLUSION: This bibliometric analysis maps the transformation of OCD neuroimaging into a central pillar of translational psychiatry, reveali"
S131,,Has open data arrived at the British Medical Journal (BMJ)? An observational study.,"OBJECTIVE: To quantify data sharing trends and data sharing policy compliance at the British Medical Journal (BMJ) by analysing the rate of data sharing practices, and investigate attitudes and examine barriers towards data sharing. DESIGN: Observational study. SETTING: The BMJ research archive. PARTICIPANTS: 160 randomly sampled BMJ research articles from 2009 to 2015, excluding meta-analysis and systematic reviews. MAIN OUTCOME MEASURES: Percentages of research articles that indicated the availability of their raw data sets in their data sharing statements, and those that easily made their data sets available on request. RESULTS: 3 articles contained the data in the article. 50 out of 157 (32%) remaining articles indicated the availability of their data sets. 12 used publicly available data and the remaining 38 were sent email requests to access their data sets. Only 1 publicly available data set could be accessed and only 6 out of 38 shared their data via email. So only 7/157 research articles shared their data sets, 4.5% (95% CI 1.8% to 9%). For 21 clinical trials bound by the BMJ data sharing policy, the per cent shared was 24% (8% to 47%). CONCLUSIONS: Despite the BMJ's strong data sharing policy, sharing rates are low. Possible explanations for low data sharing rates could be: the wording of the BMJ data sharing policy, which leaves room for individual interpretation and possible loopholes; that our email requests ended up in researchers spam folders; and that researchers are not rewarded for sharing their data. It might be time for a more effective data sharing policy and better incentives for health and medical researchers to share their data."
S132,,Reducing Alaska Native paediatric oral health disparities: a systematic review of oral health interventions and a case study on multilevel strategies to reduce sugar-sweetened beverage intake.,"BACKGROUND: Tooth decay is the most common paediatric disease and there is a serious paediatric tooth decay epidemic in Alaska Native communities. When untreated, tooth decay can lead to pain, infection, systemic health problems, hospitalisations and in rare cases death, as well as school absenteeism, poor grades and low quality-of-life. The extent to which population-based oral health interventions have been conducted in Alaska Native paediatric populations is unknown. OBJECTIVE: To conduct a systematic review of oral health interventions aimed at Alaska Native children below age 18 and to present a case study and conceptual model on multilevel intervention strategies aimed at reducing sugar-sweetened beverage (SSB) intake among Alaska Native children. DESIGN: Based on the Preferred Reporting Items for Systematic reviews and Meta-Analyses (PRISMA) Statement, the terms ""Alaska Native"", ""children"" and ""oral health"" were used to search Medline, Embase, Web of Science, GoogleScholar and health foundation websites (1970-2012) for relevant clinical trials and evaluation studies. RESULTS: Eighty-five studies were found in Medline, Embase and Web of Science databases and there were 663 hits in GoogleScholar. A total of 9 publications were included in the qualitative review. These publications describe 3 interventions that focused on: reducing paediatric tooth decay by educating families and communities; providing dental chemotherapeutics to pregnant women; and training mid-level dental care providers. While these approaches have the potential to improve the oral health of Alaska Native children, there are unique challenges regarding intervention acceptability, reach and sustainability. A case study and conceptual model are presented on multilevel strategies to reduce SSB intak"
S133,,Prevalence and pattern of multimorbidity among chronic kidney disease patients: a community study in chronic kidney disease hotspot area of Eastern India.,"INTRODUCTION: Chronic kidney disease (CKD) is mostly asymptomatic until reaching an advanced stage. Although conditions such as hypertension and diabetes can cause it, CKD can itself lead to secondary hypertension and cardiovascular disease (CVD). Understanding the types and prevalence of associated chronic conditions among CKD patient could help improve screening for early detection and case management. METHODS: A cross sectional study of 252 CKD patients in Cuttack, Odisha (from the last 4 years CKD data base) was telephonically carried out using a validated Multimorbidity Assessment Questionnaire for Primary Care (MAQ-PC) tool with the help of an android Open Data Kit (ODK). Univariate descriptive analysis was done to determine the socio-demographic distribution of CKD patients. A Cramer's heat map was generated for showing Cramer's coefficient value of association of each diseases. RESULTS: The mean age of participants was 54.11 (±11.5) years and 83.7% were male. Among the participants, 92.9% had chronic conditions (24.2% with one, 26.2% with two and 42.5% with three or more chronic conditions). Most prevalent chronic conditions were hypertension (48.4%), peptic ulcer disease (29.4%), osteoarthritis (27.8%) and diabetes (13.1%). Hypertension and osteoarthritis were found to be most commonly associated (Cramer's V coefficient = 0.3). CONCLUSION: Increased vulnerability to chronic conditions among CKD patients make them at higher risk for mortality and compromised quality of life. Regular screening of CKD patient for other chronic conditions (hypertension, diabetes, peptic ulcer disease, osteoarthritis and heart diseases) would help in detecting them early and undertake prompt management. The existing national program could be leveraged to achieve this."
S134,,Bacterial Profile and asymptomatic bacteriuria among pregnant women in Africa: A systematic review and meta analysis.,"BACKGROUND: Different physiologic changes that occur during pregnancy, such as Hydroureter, dilatation of the renal pelvis, glycosuria and aminoaciduria, and low urine production predispose pregnant women for ascending urinary tract infection. Globally, 2% to 15% of the pregnant women have urinary tract infection without specific symptoms. Therefore, this study aimed to estimate the prevalence of asymptomatic bacteriuria (ABU) in pregnant women in Africa. METHODS: Systematic search of published studies done on PubMed, EMBASE, Web of Science, SCOPUS, PsychInfo, CINAHL, and google scholar for gray literature. All published observational studies until October 30, 2020 were included. This meta-analysis follows the Preferred Reporting Items for Systematic Reviews and Meta-Analyses (PRISMA) guidelines. Quality of studies was assessed by modified Newcastle-Ottawa Scale (NOS). Meta-analysis was carried out using a random-effects method with the double arcsine transformation approach using the STATA™ Version 14 software. Trim and fill analysis was done to correct presence of significant publication bias. The study protocol is prospectively registered on PROSPERO, registration number CRD42020212601. FINDINGS: From 3393 obtained studies, 48 studies from 12 African countries involving 15, 664 pregnant women included in this Meta-analysis. The overall pooled prevalence of asymptomatic bacteriuria among pregnant women in Africa after correction for publication bias by trim and fill analysis was found to be 11.1% (95% CI: 7.8, 14.4). The most common bacterial isolates involved in the etiology of ABU was Escherichia coli with pooled prevalence 33.4% (95% CI: 27.3 - 39.4). INTERPRETATION: Asymptomatic bacteriuria is substantial among pregnant women in Africa. Therefore, all pregnant wom"
S135,,"Association of prenatal exposure to phthalates with risks of asthma, wheeze, and allergic diseases during childhood: a systematic review and meta-analysis.","BACKGROUND: Phthalates are one of the most common environmental contaminants and endocrine disruptors. Environmental exposure to phthalates may increase the risk for allergic diseases. However, the existing literature presents conflicting findings regarding the long-term impact of early-life exposure to these substances. METHODS: We searched the Web of Science, PubMed and Google Scholar, Medline and Embase databases for all related publications from 1974 to September 1st, 2024. Ultimately, 22 studies with a total of 16,161 participants were selected. The relative risks (RRs) with 95% confidence intervals (95% CIs) were used to evaluate whether prenatal phthalate exposure is associated with allergic endpoints. To assess statistical heterogeneity across studies, both the Q-test and I 2 statistic were adopted. Publication bias of the included studies was evaluated using Begg's and Egger's tests. Stratified analysis was conducted based on the gender of children, molecular weight of phthalates, disease type, phthalate species, parental exposure period and region. The systematic literature search protocol was formally registered in PROSPERO. RESULTS: Childhood wheeze (RR 1.10, 95% CI: 1.00-1.21), eczema (RR 1.09, 95% CI: 1.01-1.17), and rhinitis (RR 1.05, 95% CI: 1.02-1.09) are potentially associated with prenatal exposure to phthalates, particularly butyl-benzyl phthalate (RR 1.15, 95% CI: 1.06-1.24), di-ethyl-hexyl phthalate (RR 1.08, 95% CI: 1.02-1.15) and di-iso-nonyl phthalate (RR 1.12, 95% CI: 1.02-1.23). CONCLUSION: Maternal phthalate exposure during pregnancy exhibits a significant association with elevated risks of childhood respiratory and allergic manifestations, including wheezing episodes, eczematous dermatitis, and rhinitis symptoms. SUPPLEMENTARY INFORMATION: T"
S136,,Breast cancer and incidence of type 2 diabetes mellitus: a systematic review and meta-analysis.,"PURPOSE: Breast cancer and its treatments may increase the risk of type 2 diabetes (T2D). We conducted a systematic review and meta-analysis to investigate the association between breast cancer and the incidence of T2D overall, and according to breast cancer treatments. METHODS: We searched PubMed, Embase and references of relevant papers for studies on breast cancer, breast cancer treatment, and subsequent T2D risk. Using random-effects models, we calculated effect estimates and associated 95% confidence intervals of the association between breast cancer, adjuvant breast cancer treatments (i.e., endocrine therapy (tamoxifen, aromatase inhibitors, and combined) and chemotherapy), and subsequent T2D. We used funnel plots to assess publication bias. RESULTS: Among 15 eligible studies, 10 reported on T2D risk after breast cancer, chemotherapy, or endocrine therapy; five studies investigated more than one association. Compared with patients without breast cancer, those with breast cancer and those who received any endocrine therapy had elevated risk of incident T2D (EE = 1.23, 95% CI = 1.13-1.33 and EE = 1.23, 95% CI = 1.16-1.32, respectively). Among breast cancer patients only, the risk of T2D was higher for those who received tamoxifen compared with those who did not receive tamoxifen (EE = 1.28, 95% CI = 1.18-1.38). Due to few studies, analyses investigating T2D risk after treatment with aromatase inhibitors or chemotherapy were inconclusive. CONCLUSION: Our findings suggest an elevated risk of T2D in breast cancer survivors, particularly after tamoxifen therapy. Further research is needed to determine the impact of aromatase inhibitors, and chemotherapy on the incidence of T2D after breast cancer."
S137,,Diabetes mellitus carries a risk of esophageal cancer: A meta-analysis.,"BACKGROUND: Many studies have showed that diabetes mellitus (DM) might be a risk factor for certain types of cancers. However, there are still inconsistent results on the effects of DM on the risk of esophageal cancer (EC). The objective of this study is to investigate the association and to quantify the correlation between DM and EC by a meta-analysis. METHODS: The initial search identified 339 articles. Those publications that did not report the exact number of EC cases were removed. Finally, 13 meaningful studies were extracted from the databases of PubMed, MEDLINE, and Web of Science. All pooled analyses of risk ratios (RRs) and 95% confidence intervals (CIs) were assessed by a random-effect or fixed-effect model. Subgroup analysis was implemented on the basis of the sex or ethnicity. I value was used to assess heterogeneity, and funnel plot analysis was for publication bias. RESULTS: The result showed that there was a positive correlation between type 2 diabetes mellitus (T2DM) and EC risk (RR = 1.28, 95% CI: 1.12-1.47, P < .001). Subgroup analysis based on gender showed that male was an important risk factor for EC (RR = 1.53, 95% CI: 1.44-1.62, P < .001), but female was not (RR = 1.23, 95% CI: 0.41-3.69, P = .71). In addition, subgroup analysis based on ethnicity showed that DM was significantly correlated to EC in North America subjects (RR = 1.39, 95% CI: 1.31-1.47, P < .001), and in Europe subjects (RR = 1.37, 95% CI: 1.02-1.83, P = .04), whereas no correlation was found in Asian subjects (RR = 0.98, 95% CI: 0.50-1.95, P = .96). Furthermore, DM had a correlation to an increased risk of esophageal adenocarcinoma (EAC) (RR = 1.43, 95% CI: 1.35-1.51, P < .001). CONCLUSION: This meta-analysis indicates that DM is positively correlated to EC. However, the results s"
S138,,Treatment Rates for Mental Disorders Among Children and Adolescents: A Systematic Review and Meta-Analysis.,"IMPORTANCE: Mental disorders among children and adolescents are global health concerns. Published studies have provided discordant results regarding treatment rates for mental disorders among youths. OBJECTIVE: To estimate combined treatment rates for several common psychiatric disorders among children and adolescents. DATA SOURCES: PubMed, Web of Science, PsycINFO, Scopus, and Embase were searched from database inception until September 23, 2022, and supplemented with hand-searching of reference lists. STUDY SELECTION: Included studies were those that used validated methods to report treatment rates for any mental disorder, depressive disorders, anxiety disorders, attention-deficit/hyperactivity disorder (ADHD), and behavior disorders among children and adolescents. DATA EXTRACTION AND SYNTHESIS: This study followed the Preferred Reporting Items for Systematic Reviews and Meta-Analyses (PRISMA) reporting guideline. Two reviewers independently assessed study eligibility, extracted data, and scored quality. Studies with a Joanna Briggs Institute score of 5 or more were included in the meta-analysis. Treatment rates were pooled using random-effects models. Subgroup analyses were performed to investigate the association with treatment rates of factors, such as year of data collection, World Health Organization region, age, income level, timeframe of diagnosis, informant source, service type, sample origin, and internalizing or externalizing disorder. MAIN OUTCOMES AND MEASURES: Treatment rates for mental disorders among children and adolescents were the main outcomes, measured as percentage estimates. RESULTS: Forty studies were included in the analysis, comprising 310 584 children and adolescents, with boys accounting for 39% of participants (sex was not reported in 10 st"
S139,,Code sharing in ecology and evolution increases citation rates but remains uncommon.,"Biologists increasingly rely on computer code to collect and analyze their data, reinforcing the importance of published code for transparency, reproducibility, training, and a basis for further work. Here, we conduct a literature review estimating temporal trends in code sharing in ecology and evolution publications since 2010, and test for an influence of code sharing on citation rate. We find that code is rarely published (only 6% of papers), with little improvement over time. We also found there may be incentives to publish code: Publications that share code have tended to be low-impact initially, but accumulate citations faster, compensating for this deficit. Studies that additionally meet other Open Science criteria, open-access publication, or data sharing, have still higher citation rates, with publications meeting all three criteria (code sharing, data sharing, and open access publication) tending to have the most citations and highest rate of citation accumulation."
S140,,Genomics for antimicrobial resistance-progress and future directions.,"Antimicrobial resistance (AMR) is a critical global public health threat, with bacterial pathogens of primary concern. Pathogen genomics has revolutionized the study of bacterial pathogens and provided deep insights into the mechanisms and dissemination of AMR, with the precision of whole-genome sequencing informing better control strategies. However, generating actionable data from genomic surveillance and diagnostic efforts requires integration at the public health and clinical interface that goes beyond academic efforts to identify resistance mechanisms, undertake post hoc analyses of outbreaks, and share data after research publications. In addition to timely genomics data, consideration also needs to be given to epidemiological sampling frames, analysis, and reporting mechanisms that meet International Organization for Standardization (ISO) standards and generation of reports that are interpretable and actionable for public health and clinical ""end-users."" Importantly, ensuring all countries have equitable access to data and technology is critical, through timely data sharing following the FAIR principles (findable, accessible, interoperable, and re-usable). In this review, we describe (i) advances in genomic approaches for AMR research and surveillance to understand emergence, evolution, and transmission of AMR and the key requirements to enable this work and (ii) discuss emerging and future applications of genomics at the clinical and public health interface, including barriers to implementation. Harnessing advances in genomics-enhanced AMR research and embedding robust and reproducible workflows within clinical and public health practice promises to maximize the impact of pathogen genomics for AMR globally in the coming decade."
S141,,"Ten Years after the International Committee of Medical Journal Editors' Clinical Trial Registration Initiative, One Quarter of Phase 3 Pediatric Epilepsy Clinical Trials Still Remain Unpublished: A Cross Sectional Analysis.","INTRODUCTION: Although selective reporting of clinical trial results introduces bias into evidence based clinical decision making, publication bias in pediatric epilepsy is unknown today. Since there is a considerable ambiguity in the treatment of an important and common clinical problem, pediatric seizures, we assessed the public availability of results of phase 3 clinical trials that evaluated treatments of seizures in children and adolescents as a surrogate for the extent of publication bias in pediatric epilepsy. METHODS: We determined the proportion of published and unpublished study results of phase 3 clinical trials that were registered as completed on ClinicalTrials.gov. We searched ClinicalTrials.gov, PubMed, and Google Scholar for publications and contacted principal investigators or sponsors. The analysis was performed according to STROBE criteria. RESULTS: Considering studies that were completed before 2014 (N = 99), 75 (76%) pediatric phase 3 clinical trials were published but 24 (24%) remained unpublished. The unpublished studies concealed evidence from 4,437 patients. Mean time-to-publication was 25 SD ± 15.6 months, more than twice as long as mandated. CONCLUSION: Ten years after the ICMJE's clinical trials registration initiative there is still a considerable amount of selective reporting and delay of publication that potentially distorts the body of evidence in the treatment of pediatric seizures."
S142,,Cyberbullying Victimization and Mental Health Symptoms Among Children and Adolescents: A Meta-Analysis of Longitudinal Studies.,"Cyberbullying victimization and mental health symptoms are major concerns for children and adolescents worldwide. Despite the increasing number of longitudinal studies of cyberbullying and mental health among this demographic, the robustness of the causal associations between cyberbullying victimization and the magnitude of mental health symptoms remains unclear. This meta-analysis investigated the longitudinal impact of cyberbullying victimization on mental health symptoms among children and adolescents. A systematic search identified primary studies published in English between January 2010 and June 2021, yielding a sample of 27 studies encompassing 13,497 children and adolescents aged 8 to 19 years old. The longitudinal association between cyberbullying victimization and mental health symptoms among children and adolescents was found to be weakly positive and consistent across time and age. Three significant moderators were identified: the effect of cyberbullying victimization on mental health was larger among older children, groups with a higher proportion of males, and in more recent publications. No evidence of publication bias was detected. This study adds to the existing body of research by providing a new perspective on the long-term effects of cyberbullying victimization on the mental health of children and adolescents' mental health. Furthermore, it underscores the necessity of developing effective cyberbullying prevention programs, interventions, and legal regulations to comprehensively address this issue."
S143,,Treatment Outcomes in Adult Tuberculous Meningitis: A Systematic Review and Meta-analysis.,"BACKGROUND: There is substantial variation in the reported treatment outcomes for adult tuberculous meningitis (TBM). Data on survival and neurological disability by continent and HIV serostatus are scarce. METHODS: We performed a systematic review and meta-analysis to characterize treatment outcomes for adult TBM. Following a systematic literature search (MEDLINE and EMBASE), studies underwent duplicate screening by independent reviewers in 2 stages to assess eligibility for inclusion. Two independent reviewers extracted data from included studies. We employed a random effects model for all meta-analyses. We evaluated heterogeneity by the I 2 statistic. RESULTS: We assessed 2197 records for eligibility; 39 primary research articles met our inclusion criteria, reporting on treatment outcomes for 5752 adults with TBM. The commonest reported outcome measure was 6-month mortality. Pooled 6-month mortality was 24% and showed significant heterogeneity (I 2 > 95%; P < .01). Mortality ranged from 2% to 67% in Asian studies and from 23% to 80% in Sub-Saharan African studies. Mortality was significantly worse in HIV-positive adults at 57% (95% CI, 48%-67%), compared with 16% (95% CI, 10%-24%) in HIV-negative adults (P < .01). Physical disability was reported in 32% (95% CI, 22%-43%) of adult TBM survivors. There was considerable heterogeneity between studies in all meta-analyses, with I 2 statistics consistently >50%. CONCLUSIONS: Mortality in adult TBM is high and varies considerably by continent and HIV status. The highest mortality is among HIV-positive adults in Sub-Saharan Africa. Standardized reporting of treatment outcomes will be essential to improve future data quality and increase potential for data sharing, meta-analyses, and facilitating multicenter tuberculosis rese"
S144,,Identifying circulating microRNAs as biomarkers of cardiovascular disease: a systematic review.,"The aim of the present study is to identify microRNAs (miRs) with high potential to be used as biomarkers in plasma and/or serum to clinically diagnose, or provide accurate prognosis for survival in, patients with atherosclerosis, coronary artery disease, and acute coronary syndrome (ACS). A systematic search of published original research yielded a total of 72 studies. After review of the risk of bias of the published studies, according to Cochrane Collaboration and the QUADUAS Group standards, 19 studies were selected. Overall 52 different miRs were reported. In particular, miR-133a/b (5 studies), miR-208a/b (6 studies), and miR-499 (7 studies) were well studied and found to be significant diagnostic and/or prognostic markers across different cardiovascular disease progression stages. miR-1 and miR-145b are potential biomarkers of ACS; miR-1 with higher sensitivity for all acute myocardial infarction (AMI), and miR-145 for STEMI and worse outcome of AMI. But when miRs were studied across different ACS study populations, patients had varying degrees of coronary stenosis, which was identified as an important confounder that limited the ability to quantitatively pool the study results. The identified miRs were found to regulate endothelial function and angiogenesis (miR-1, miR-133), vascular smooth muscle cell differentiation (miR-133, miR-145), communication between vascular smooth muscle and endothelial cell to stabilize plaques (miR-145), apoptosis (miR-1, miR-133, miR-499), cardiac myocyte differentiation (miR-1, miR-133, miR-145, miR-208, miR-499), and to repress cardiac hypertrophy (miR-133). Their role in these processes may be explained by regulation of shared RNA targets such as cyclin-dependent kinase inhibitor 1A (or p21), ETS proto-oncogene 1, fascin actin-bu"
S145,,"Effectiveness of digital health exercise interventions on muscle function and physical performance in older adults with possible, confirmed or severe sarcopenia: a protocol for a systematic review.","INTRODUCTION: Sarcopenia is characterised by the progressive weakening of muscle function that occurs with age. This condition frequently leads to frailty, disability and even death. Research on sarcopenia prevention is growing. Digital health exercise interventions are increasingly gaining attention in this field, with the rapid advancement of the internet and the influence of the COVID-19. However, there is a lack of empirical support for their effectiveness. Our study aims to assess the effect of digital health exercise intervention on sarcopenia in older persons, specifically focusing on its ability to improve muscle strength, muscle mass and physical performance. METHODS AND ANALYSIS: Searching will be performed in the following 11 databases (Medline, Embase, Cochrane Central Register of Controlled Trials, CINAHL, PsycINFO, WOS, Scopus, CBM, CNKI, WANFANG and VIP) for published trials and 2 trial registries (ClinicalTrials.gov and the WHO International Clinical Trials Registry Platform) for unpublished trials. Google Scholar will be used to find grey literature. The criterion of inclusion will be clinical trials involving digital health exercise interventions in older adults (≥60 years) diagnosed with sarcopenia (possible, confirmed or severe sarcopenia). For data synthesis, we will use a summary table to show the major characteristics of selected trials and a summary graph to demonstrate the risk of bias for each outcome using RoB 2, which will be further discussed in a narrative synthesis. The possibility of meta-analysis for quantitative data will be assessed according to the homogeneity analysis of the trials, using the methods of fixed or random effects model. If meta-analysis is possible, subgroup analysis and sensitivity analysis will be performed as well. P"
S146,,Why articles are retracted: a retrospective cross-sectional study of retraction notices at BioMed Central.,"OBJECTIVES: To assess why articles are retracted from BioMed Central journals, whether retraction notices adhered to the Committee on Publication Ethics (COPE) guidelines, and are becoming more frequent as a proportion of published articles. DESIGN/SETTING: Retrospective cross-sectional analysis of 134 retractions from January 2000 to December 2015. RESULTS: 134 retraction notices were published during this timeframe. Although they account for 0.07% of all articles published (190 514 excluding supplements, corrections, retractions and commissioned content), the rate of retraction is rising. COPE guidelines on retraction were adhered to in that an explicit reason for each retraction was given. However, some notices did not document who retracted the article (eight articles, 6%) and others were unclear whether the underlying cause was honest error or misconduct (15 articles, 11%). The largest proportion of notices was issued by the authors (47 articles, 35%). The majority of retractions were due to some form of misconduct (102 articles, 76%), that is, compromised peer review (44 articles, 33%), plagiarism (22 articles, 16%) and data falsification/fabrication (10 articles, 7%). Honest error accounted for 17 retractions (13%) of which 10 articles (7%) were published in error. The median number of days from publication to retraction was 337.5 days. CONCLUSIONS: The most common reason to retract was compromised peer review. However, the majority of these cases date to March 2015 and appear to be the result of a systematic attempt to manipulate peer review across several publishers. Retractions due to plagiarism account for the second largest category and may be reduced by screening manuscripts before publication although this is not guaranteed. Retractions due to problems wit"
S147,,Reporting of 3Rs Approaches in Preclinical Animal Experimental Studies-A Nationwide Study.,"The 3Rs aim to refine animal welfare, reduce animal numbers, and replace animal experiments. Investigations disclose that researchers are positive towards 3Rs recommendations from peers. Communication of 3Rs approaches via primary preclinical animal experimental literature may become a fast-forward extension to learn relevant 3Rs approaches if such are reported. This study investigates 3Rs-reporting in peer-reviewed preclinical animal research with at least one author affiliated to a Danish university. Using a systematic search and random sampling, we included 500 studies from 2009 and 2018. Reporting was low and improvement over time limited. A word search for 3R retrieved zero results in 2009 and 3.2% in 2018. Reporting on 3Rs-related sentences increased from 6.4% in 2009 to 18.4% in 2018, ""reduction"" increased from 2.4% to 8.0%, and ""refinement"" from 5.2% to 14.4%. Replacement was not reported. Reporting of the methodology was missing. For ""reduction"", methodology was mentioned in one study in 2009 and 11 studies in 2018, and for ""refinement"" in 9 and 21, respectively. Twenty-one studies stated compliance with ARRIVE-guidelines or similar without disclosure of details. Reporting of 3Rs approaches in preclinical publications is currently insufficient to guide researchers. Other strategies, e.g., education, interdisciplinary collaboration, and 3Rs funding initiatives, are needed."
S148,,Effectiveness of Rehabilitation for Osteoarthritis of the Knee: A Scoping Review of Network Meta-Analyses.,"BACKGROUND: Although an increasing number of network meta-analyses have been conducted on the effectiveness of conservative therapy for knee osteoarthritis, these may have been poorly planned and executed.We aimed to review the qualities of a comprehensive set of network meta-analyses on rehabilitation therapies for knee osteoarthritis and provide an overview of the effectiveness of each therapy. METHODS: The eligibility criteria were as follows: (i) conservative rehabilitation was the primary treatment in the intervention group, (ii) included patients were diagnosed with knee osteoarthritis, and (iii) patient groups were aged ≤75 years, and rehabilitation interventions comprised exercise, orthotic, or physical therapies or patient education. Two independent reviewers screened the titles and abstracts of the identified records and selected the eligible reviews; their full texts were further assessed for eligibility. Then, a checklist derived from the Preferred Reporting Items for Systematic Reviews and Meta-Analyses (PRISMA) extension statement for the reporting of systematic reviews incorporating network meta-analyses of healthcare Interventions was used to validate the completeness of the reporting of each network meta-analysis. Furthermore, the statistical and outcome data regarding the quality of life, knee joint function and pain, adverse events, and physical functions were extracted using a customized spreadsheet. RESULTS: Overall, 2701 titles and abstracts were screened, and eight network meta-analyses were ultimately selected. Nearly all reviews adequately addressed the PRISMA extension checklist, and the completeness of reporting was adequate; therefore, all expected information could be extracted. However, the methodology used to confirm the transitivity assum"
S149,,Effects of cell therapy on seizures in animal models of epilepsy: Systematic review and meta-analysis.,"This study was undertaken to systematically evaluate the efficacy of cell therapy in reducing seizures in animal models of chronic epilepsy. Three databases, Ovid MEDLINE, Ovid Embase, and Web of Science, were searched using predetermined eligibility criteria. The relevant preclinical controlled studies were included for review and meta-analysis using a random-effects model to calculate summary estimates of the effect size (percentage reduction in seizures). The degree of heterogeneity among the included studies was assessed using the I2 statistic. Subgroup meta-analysis and meta-regression were performed to further elucidate the sources of heterogeneity. Thirty published studies met the eligibility criteria, including a total of 1306 animals. The majority of studies used kainic acid and pilocarpine status epilepticus models of mesial temporal lobe epilepsy (MTLE). The random effects model revealed an overall reduction in seizure frequency of 54.8% (95% confidence interval = 48.0558-61.5455) compared to the control, and the heterogeneity was 87.1% among the included studies. The meta-regression revealed that seven study characteristics significantly accounted for the between-study heterogeneity. They can be grouped into three broad categories: epilepsy-specific, animal-specific, and cell transplantation-specific. The greatest seizure reduction was observed in the post-kainic acid status epilepticus model of chronic MTLE, when the cells were delivered intravenously and when the seizure reduction was measured as seizure frequency. Embryonic stem cell transplantation showed the greatest efficacy in reducing seizures. Cell transplantation shows favorable efficacy as a treatment that can reduce seizure recurrence in chronic animal models of epilepsy. High heterogeneity betwe"
S150,,"A double-masked, sham-controlled trial of rose bengal photodynamic therapy for the treatment of fungal and acanthamoeba keratitis: Rose Bengal Electromagnetic Activation with Green Light for Infection Reduction (REAGIR) study.","BACKGROUND: Infectious keratitis secondary to fungus or acanthamoeba often has a poor outcome despite receiving the best available medical therapy. In vitro rose bengal photodynamic therapy (RB-PDT) appears to be effective against fungal and acanthamoeba isolates (Atalay HT et al., Curr Eye Res 43:1322-5, 2018, Arboleda A et al. Am J Ophthalmol 158:64-70, 2014). In one published series, RB-PDT reduced the need for therapeutic penetrating keratoplasty in severe bacterial, fungal, and acanthamoeba keratitis not responsive to medical therapy. METHODS: This international, randomized, sham and placebo controlled 2-arm clinical trial randomizes patients with smear positive fungal and acanthamoeba and smear negative corneal ulcers in a 1:1 fashion to one of two treatment arms: 1) topical antimicrobial plus sham RB-PDT or 2) topical antimicrobial plus RB-PDT. DISCUSSION: We anticipate that RB-PDT will improve best spectacle-corrected visual acuity and also reduce complications such as corneal perforation and the need for therapeutic penetrating keratoplasty. This study will comply with the NIH Data Sharing Policy and Policy on the Dissemination of NIH-Funded Clinical Trial Information and the Clinical Trials Registration and Results Information Submission rule. Our results will be disseminated via ClinicalTrials.gov website, meetings, and journal publications. Our data will also be available upon reasonable request. TRIAL REGISTRATION: NCT, NCT05110001 , Registered on November 5, 2021."
S151,,"The magnitude and associated factors of immediate postpartum anemia among women who gave birth in Ethiopia: systematic review and meta-analysis, 2023.","BACKGROUND: The immediate postpartum period is a very crucial phase for both the life of the mother and her newborn baby. Anemia is the most indirect leading cause of maternal mortality. However, anemia in the immediate postpartum period is a neglected public health problem in Ethiopia. Therefore, this systematic review and meta-analysis aimed to estimate the pooled magnitude of immediate postpartum anemia and the pooled effect size of associated factors in Ethiopia. METHODS: Searching of published studies done through PubMed, Medline, Cochrane, African index Medicus, List of Reference Index, Hinari, and Google Scholar. This systematic review and meta-analysis follow the Preferred Reporting Items for Systematic Review and Meta-Analysis (PRISMA) godliness. The quality of studies was assessed by using a Newcastle- Ottawa Scale (NOS) assessment tool. Analysis was performed using a random effect model by using STATA 17 version software. Egger's weighted regression and I2 test were used to evaluate publication bias and heterogeneity respectively. RESULTS: In this systematic review and meta-analysis, a total of 6 studies were included. The pooled magnitude of immediate postpartum anemia in Ethiopia was 27% (95%CI: 22, 32). Instrumental mode of delivery (OR = 3.14, 95%CI: 2.03, 4.24), mid-upper arm circumference (MUAC) measurement < 23 cm (OR = 3.19, 95%CI: 1.35, 5.03), Antepartum Hemorrhage (OR = 4.75, 95%CI: 2.46, 7.03), postpartum hemorrhage (OR = 4.67, 95%CI: 2.80, 6.55), and no iron/foliate supplementation (OR = 2.72, 95%CI: 1.85, 3.60) were the identified factors associated with developing anemia in the immediate postpartum period. CONCLUSION: The overall pooled magnitude of anemia in the immediate postpartum period among Ethiopian women was still a moderate public healt"
S152,,Effectiveness of Virtual Reality and Interactive Simulators on Dental Education Outcomes: Systematic Review.,"In recent years, virtual reality and interactive digital simulations have been used in dental education to train dental students before interacting with real patients. Scientific evidence presented the application of virtual technology in dental education and some recent publications suggested that virtual and haptic technologies may have positive effects on dental education outcomes. The aim of this systematic review was to determine whether virtual technologies have positive effects on dental education outcomes and to explore the attitudes of dental students and educators toward these technologies. A thorough search was conducted in PubMed, Scopus, MEDLINE (via EBSCO), The Cochrane Library (via Wiley), Web of Science Core Collection (via Thomson Reuters), and Dentistry and Oral Science source (via EBSCO) using the keywords (student, dental) AND (education, dental) AND (virtual reality) OR (augmented reality) OR (haptics) OR (simulation) AND (dentistry) OR (dental medicine). The quality of the reported information was assessed following the Preferred Reporting Items for Systematic Review and Meta-Analysis (PRISMA) statement for systematic reviews. A total of 73 publications were considered for this review. Fifty-two of the selected studies showed significant improvement in educational outcomes and virtual technologies were positively perceived by all the participants. Within the limitations of this review, virtual technology appears to improve education outcomes in dental students. Further studies with larger samples and longer term clinical trials are needed to substantiate this potential positive impact of various virtual technologies on dental education outcomes."
S153,,Associations between changes in the gut microbiota and liver cirrhosis: a systematic review and meta-analysis.,"OBJECTIVE: Summaries of the relationships between the microbiota and liver cirrhosis and their conclusions are not consistent. This study describes microbial differences in patients with liver cirrhosis by performing a meta-analysis. METHODS: We searched PubMed, Embase, Web of Science, and the Cochrane Library and collected related articles published before March 10, 2024. Ratio of autochthonous to non-autochthonous taxa was calculated as the cirrhosis dysbiosis ratio (CDR). Using a random-effects model, the standard mean deviation (SMD) and 95% confidence interval (CI) were calculated. We subsequently performed subgroup, sensitivity, and publication bias analyses. cirrhosis dysbiosis ratio. RESULTS: A total of 53 eligible papers including 5076 participants were included. The pooled estimates revealed a moderately significant reduction in gut microbiome richness in patients with liver cirrhosis compared with controls, including the Shannon, Chao1, observed species, ACE, and PD indices, but no significant difference was observed for the Simpson index. Over 80% of the studies reported significant differences in β diversity. Families Enterobacteriaceae and Pasteurellaceae, belonging to the phylum Proteobacteria, along with the family Streptococcaceae and the genera Haemophilus, Streptococcus, and Veillonella, were significantly associated with liver cirrhosis compared to the control group. In contrast, the healthy group exhibited a higher abundance of the class Clostridia, particularly the families Lachnospiraceae and Ruminococcaceae, which are known for their diversity and role as common gut commensals. Furthermore, the class Bacilli, predominantly represented by the genus Streptococcus, was markedly enriched in the cirrhosis group. CONCLUSIONS: The microbiota richness of"
S154,,Health data sharing attitudes towards primary and secondary use of data: a systematic review.,"BACKGROUND: To receive the best care, people share their health data (HD) with their health practitioners (known as sharing HD for primary purposes). However, during the past two decades, sharing for other (i.e., secondary) purposes has become of great importance in numerous fields, including public health, personalized medicine, research, and development. We aimed to conduct the first comprehensive overview of all studies that investigated people's HD sharing attitudes-along with associated barriers/motivators and significant influencing factors-for all data types and across both primary and secondary uses. METHODS: We searched PubMed, MEDLINE, PsycINFO, Web of Science, EMBASE, and CINAHL for relevant studies published in English between database inception and February 28, 2023, using a predefined set of keywords. Studies were included, regardless of their design, if they reported outcomes related to attitudes towards sharing HD. We extracted key data from the included studies, including the type of HD involved and findings related to: HD sharing attitudes (either in general or depending on type of data/user); barriers/motivators/benefits/concerns of the study participants; and sociodemographic and other variables that could impact HD sharing behaviour. The qualitative synthesis was conducted by dividing the studies according to the data type (resulting in five subgroups) as well as the purpose the data sharing was focused on (primary, secondary or both). The Newcastle-Ottawa Scale (NOS) was used to assess the quality of non-randomised studies. This work was registered with PROSPERO, CRD42023413822. FINDINGS: Of 2109 studies identified through our search, 116 were included in the qualitative synthesis, yielding a total of 228,501 participants and various types of HD re"
S155,,A study of the impact of data sharing on article citations using journal policies as a natural experiment.,"This study estimates the effect of data sharing on the citations of academic articles, using journal policies as a natural experiment. We begin by examining 17 high-impact journals that have adopted the requirement that data from published articles be publicly posted. We match these 17 journals to 13 journals without policy changes and find that empirical articles published just before their change in editorial policy have citation rates with no statistically significant difference from those published shortly after the shift. We then ask whether this null result stems from poor compliance with data sharing policies, and use the data sharing policy changes as instrumental variables to examine more closely two leading journals in economics and political science with relatively strong enforcement of new data policies. We find that articles that make their data available receive 97 additional citations (estimate standard error of 34). We conclude that: a) authors who share data may be rewarded eventually with additional scholarly citations, and b) data-posting policies alone do not increase the impact of articles published in a journal unless those policies are enforced."
S156,,Diagnostic accuracy of circular RNA for diabetes Mellitus: a systematic review and diagnostic Meta-analysis.,"BACKGROUND: This study aimed to investigate the pooled diagnostic ability of circular RNA (circRNA) molecules for diabetes mellitus. METHODS: We searched PubMed, Scopus, and Web of Science for relevant studies. A total of 2070 participants, including 775 diabetic patients and 1295 healthy individuals, from five studies were included in this meta-analysis. True positive, true negative, false positive, and false negative data were extracted to calculate pooled sensitivity, specificity, positive and negative likelihood ratios, diagnostic odds ratio, and area under the receiver operating characteristics curve. The Deeks' funnel plot was applied for publication bias assessment, Cochran's Q test and I2 index were applied for inter-study heterogeneity assessment. Besides, a subgroup analysis was performed for determining the source of heterogeneity between studies. P value < 0.05 was considered significance. All analysis were done by STATA version 14. RESULTS: CircRNA presented a sensitivity of 76% (95% confidence interval [95%CI]: 66-84%), specificity of 77% (95%CI: 58-89%), positive LR of 3.25 (95%CI: 1.69-6.23), negative LR of 0.31 (95%CI: 0.21-0.46), DOR of 10.41 (95%CI: 4.26-25.41), and AUC of 0.82 (95%CI: 0.79-0.85) for diabetes mellitus detection. More specifically, hsa_circ_0054633 showed a sensitivity of 67% (95%CI: 53-81%) and a specificity of 82% (95%CI: 63-100%). CONCLUSION: CircRNAs show highly accurate diagnostic capability for type 2 diabetes mellitus and gestational diabetes mellitus. High sensitivity of circRNAs introduces them as potential noninvasive biomarkers for early diagnosis of diabetes mellitus and their high specificity introduces them as potential therapeutic targets by regulation of their expression."
S157,,The effect of extremely low-frequency magnetic field (50-60 Hz) exposure on spontaneous apoptosis: The results of a meta-analysis.,"BACKGROUND: This paper is a meta-analysis of the published data from in vitro studies to evaluate whether spontaneous apoptosis might be influenced by extremely low frequency (ELF) magnetic fields (MFs). MATERIALS AND METHODS: A comprehensive scientific literature search in electronic databases was conducted and studies covering the period 2000-2010 were selected. Then, published studies involving the desired topic were retrieved. The inclusion criteria were percentage of apoptosis in the cells exposed to 50-60 Hz ELF-MFs. The statistical analysis was performed by comprehensive meta-analysis version 2. RESULTS: The summary measure of association (95% confidence interval) for all 18 effect estimated from 8 studies was 1.18 (1.15, 1.20). Heterogeneity among studies was found. There was no evidence of publication bias for the association between exposure to MF and apoptosis risk. CONCLUSION: Our meta-analysis provided conclusive data that ELF-MFs can increase apoptosis in cancer and normal cells. Furthermore, there is a possibly individual intensity and time range with maximum created effect according to window effect."
S158,,The DISTANCE model for collaborative research: distributing analytic effort using scrambled data sets.,"BACKGROUND: Data-sharing is encouraged to fulfill the ethical responsibility to transform research data into public health knowledge, but data sharing carries risks of improper disclosure and potential harm from release of individually identifiable data. METHODS: The study objective was to develop and implement a novel method for scientific collaboration and data sharing which distributes the analytic burden while protecting patient privacy. A procedure was developed where in an investigator who is external to an analytic coordinating center (ACC) can conduct original research following a protocol governed by a Publications and Presentations (P&P) Committee. The collaborating investigator submits a study proposal and, if approved, develops the analytic specifications using existing data dictionaries and templates. An original data set is prepared according to the specifications and the external investigator is provided with a complete but de-identified and shuffled data set which retains all key data fields but which obfuscates individually identifiable data and patterns; this"" scrambled data set"" provides a ""sandbox"" for the external investigator to develop and test analytic code for analyses. The analytic code is then run against the original data at the ACC to generate output which is used by the external investigator in preparing a manuscript for journal submission. RESULTS: The method has been successfully used with collaborators to produce many published papers and conference reports. CONCLUSION: By distributing the analytic burden, this method can facilitate collaboration and expand analytic capacity, resulting in more science for less money."
S159,,Efficacy and safety of vitrectomy for congenital cataract surgery: a systematic review and meta-analysis based on randomized and controlled trials.,"PURPOSE: To explore the effectiveness and safety of vitrectomy for congenital cataract surgery. METHODS: We searched PubMed, Science Direct, The Cochrane Library, China National Knowledge Infrastructure and the Wanfang Database. Two researchers extracted data and assessed paper quality independently. Posterior capsule opacification (PCO) or visual axis opacification (VAO), reoperation rate, visual acuity, intraocular lenses (IOL) deposit, synechias, uveitis, secondary glaucoma, low-contrast sensitivity and IOL decentration were compared. RESULTS: We included 11 randomized controlled trials (RCTs) with 634 congenital cataract eyes. Cases of posterior capsule opacification in vitrectomy group were significantly less than that of control group, with risk ratio (RR) of 0.15 [95% confidence interval (CI): 0.09, 0.26], and there was no heterogeneity (I2 = 0%, p = 0.94). Reoperation rate in vitrectomy group was lower than that of control group either (RR = 0.40, 95%CI: 0.17, 0.94), and there was no heterogeneity (I2 = 0%, p = 0.85). Best-corrected visual acuity (BCVA) measured in LogMAR unit of vitrectomy group was smaller, with a mean difference (MD) of -0.17 (95%CI: -0.28, -0.05), and I2 was only 22%, indicating of a small heterogeneity. No statistical difference was found between two groups on IOL deposit (RR = 1.23, 95%CI: 0.70, 2.17), and the heterogeneity was small (I2 = 16%, p = 0.31). No statistical difference was found between two groups on synechias (RR = 1.08, 95%CI: 0.60, 1.94), with a quite small heterogeneity (I2 = 3%, p = 0.38). No statistical difference was found between two groups on uveitis (RR = 0.55, 95%CI: 0.15, 2.01), and there was no heterogeneity (I2 = 0%, p = 0.94). There was no statistical difference on IOP either, with a MD of 0.25 (95%CI: -1.56, 2.0"
S160,,Comparison between Arm Port and Chest Port for Optimal Vascular Access Port in Patients with Breast Cancer: A Systematic Review and Meta-Analysis.,"OBJECTIVES: This meta-analysis was conducted to compare the complication rates between arm and chest ports in patients with breast cancer. Design and Data Sources. PubMed, Embase, Cochrane library, Chinese National Knowledge Infrastructure (CNKI), and Wanfang database were used to perform a systematic review and meta-analysis of publications published from the inception of the database to 11, October 2019. Our search generated a total of 22 articles published from 2011 to 2019, including 6 comparative studies and 16 single-arm articles, involving 4131 cases and 5272 controls. Single-arm studies combined with comparative studies were also pooled and analyzed. Finally, subgroup analysis was performed to compare the rates of infection and thrombosis between these two ports. Eligibility Criteria. Included articles were research studies comparing complication rates of arm ports with chest ports in patients with breast cancer. Any review or meta-analysis article would be removed. Data Extraction and Synthesis. Demographic data and information for the following analysis were extracted. DerSimonian and Laird random effect meta-analysis was conducted to analyze comparative studies while Begg's and Egger's tests were used for assessment of publication bias. Meta-regression analysis was performed to explain the sources of heterogeneity. RESULTS: There was no difference in the risk of overall complications between arm and chest ports for comparative studies (P=0.083). While results of pooled comparative and single-arm studies indicated that arm port would increase the overall complication risks with RR of 2.64, results of the subgroup analysis showed that there was no difference in the risk of catheter-related infection between these two ports. However, arm port might be associated"
S161,,Metformin therapy and prostate cancer risk: a meta-analysis of observational studies.,"OBJECTIVE: Several observational studies have shown that metformin therapy may modify the risk of prostate cancer. We carried out a meta-analysis of relevant studies evaluating the effect of metformin therapy on prostate cancer risk. METHODS: We searched pubmed database (January 1966-February 2014) for case-control and cohort studies that assessed metformin therapy and prostate cancer risk. Two authors independently assessed eligibility and extracted data. Summary RRs was calculated using fixed-effects model or random-effects model. Heterogeneity among studies was examined using Q and I(2) statistics. RESULTS: We included six cohort studies and four case-control studies in the present meta-analysis, comprising 863,769 participants and 39,073 prostate cancer cases. The pooled RR of prostate cancer in relation to metformin therapy was 0.92 (95% CI: 0.84-1.02, P = 0.112). When we stratified the various studies by study type, we found that metformin therapy was associated with a significant reduced risk of prostate cancer among cohort studies (RR = 0.92, 95% CI [0.87, 0.96], P<0.001); however, no significant association was detected among case-control studies (RR = 0.95, 95% CI [0.78, 1.16], P = 0.632). There was also no indication of publication bias as suggested by Begg's test (P = 0.421) and Egger's test (P = 0.627). CONCLUSION: Our findings indicate that metformin therapy is not significantly associated with lower prostate cancer risk."
S162,,Social and economic impacts of non-communicable diseases by gender and its correlates: a literature review.,"BACKGROUND: Tackling social impacts derived from gender disparities is a pathway to universal health coverage (UHC). Gender intersects with other factors behind social and health inequalities, exacerbates them and influences health systems' performance. However, there is scarcity of gender-based studies that assess the social and economic impacts of non-communicable diseases (NCDs). This study aims to identify economic and social impacts of NCDs by gender and its correlates. METHODS: Following the guidelines proposed in the Cochrane Manual for Systematic Reviews of Interventions and the PRISMA Statement, we conducted a narrative and structured literature review to identify the economic (direct medical and non-medical, and indirect costs) and social (right to health, employment, poverty, social exclusion, and others) impacts of NCDs by gender, and its structural, sociodemographic, health conditions, political and health systems correlates, for the period 2002-2022, in English and Spanish. Reviewed studies were described according to country and research context, temporal evolution, gender, impacts of NCDs and correlates. FINDINGS: Five thousand five hundred fifty-one publications by title and abstract were reviewed, and 185 articles were selected. There is limited evidence with gender perspective addressing the social and economic impacts of NCDs (around 10% of publications) that helps to better understand the difference in the burden of these conditions between men and women. We identified that the social burden primarily affects women in their quality of life, where gender inequities are observed in aspects such as: health care, employment status and living conditions. In addition, a greater responsibility falls on them as caregivers. On the other hand, the economic bu"
S163,,Diagnostic testing laboratories are valuable partners for disease gene discovery: 5-year experience with GeneMatcher.,"Although the rates of disease gene discovery have steadily increased with the expanding use of genome and exome sequencing by clinical and research laboratories, only ~16% of genes in the genome have confirmed disease associations. Here we describe our clinical laboratory's experience utilizing GeneMatcher, an online portal designed to promote disease gene discovery and data sharing. Since 2016, we submitted 246 candidates from 243 unique genes to GeneMatcher, of which 111 (45%) are now clinically characterized. Submissions meeting our candidate gene-reporting criteria based on a scoring system using patient and molecular-weighted evidence were significantly more likely to be characterized as of October 2021 versus genes that did not meet our clinical-reporting criteria (p = 0.025). We reported relevant findings related to these newly characterized gene-disease associations in 477 probands. In 218 (46%) instances, we issued reclassifications after an initial negative or candidate gene (uncertain) report. We coauthored 104 publications delineating gene-disease relationships, including descriptions of new associations (60%), additional supportive evidence (13%), subsequent descriptive cohorts (23%), and phenotypic expansions (4%). Clinical laboratories are pivotal for disease gene discovery efforts and can screen phenotypes based on genotype matches, contact clinicians of relevant cases, and issue proactive reclassification reports."
S164,,Current practices in marine systematic conservation planning: protocol for a global scoping review.,"Background: Systematic Conservation Planning (SCP) involves a series of steps to identify conservation areas and develop management strategies, incorporating feedbacks, revisions, and iterations at any stage. It is a valuable tool in facilitating the effective implementation of Ecosystem-Based Marine Spatial Planning (EB-MSP). However, few efforts have been carried out to summarize information on methods, trends, and progress in SCP in the designation of Marine Protected Areas (MPAs). The present work aims at providing the protocol to perform a scoping review (ScR) to assess the contribution of SCP to the design of effective MPA networks, identifying both the development of good practices and the presence of gaps of knowledge in terms of criteria for their implementation. Protocol: The ScR will follow the Joanna Briggs Institute (JBI) methodology. The Preferred Reporting Items for Systematic Reviews and Meta-Analyses (PRISMA) extension for ScRs supported the definition of this protocol. The three databases Web of Science, Scopus, and Google Scholar will be used for the bibliographic search. Inclusion criteria will be as follows: studies applying SCP in the marine realms worldwide, assessing its contribution to the design of MPA networks. Both peer-reviewed and grey literature will be considered for eligibility. No search limitations will be applied regarding publications' year, stage, subject area and source type. Studies in English, French, German, Greek, Italian, and Spanish will be reviewed. Grey literature will be sourced from pre-print archives, institutional websites and other web-based search engines. The Covidence software will be used for the process of documents selection and data extraction. The findings of the ScR will be presented through tables, graphs, an"
S165,,Retrospective validation of an artificial intelligence system for diagnostic assessment of prostate biopsies on the ProMort cohort: study protocol.,"INTRODUCTION: Prostate cancer diagnosis and treatment planning depend on accurate histopathological assessment of needle biopsies, particularly through the Gleason scoring system. The inherently subjective nature of the grading creates variability between pathologists, potentially resulting in suboptimal patient management decisions. These reproducibility challenges extend beyond Gleason scoring to encompass other critical diagnostic and prognostic markers, including cancer volume quantification and detection of cribriform morphology patterns and perineural invasion. Artificial intelligence (AI) applications in digital pathology have emerged as promising solutions for enhancing diagnostic consistency and accuracy, with recent research demonstrating that automated systems can match expert-level performance in prostate biopsy evaluation. Nevertheless, comprehensive validation studies have revealed concerning limitations in model generalisability when deployed across different clinical environments and patient populations. Recent systematic reviews revealed widespread risk-of-bias limitations and insufficient external validation in AI diagnostic studies, highlighting critical needs for accumulated evidence supporting generalisability before clinical implementation. Rigorous external validation with preregistered protocols using independent datasets from diverse clinical settings remains essential to establish the reliability and safety of AI-assisted prostate pathology systems. METHODS AND ANALYSIS: This study protocol establishes a framework for the retrospective external validation of an AI system developed for prostate biopsy assessment, to be conducted on the case-control samples of the National Prostate Cancer Register of Sweden, ProMort study (1998-2015). The primary"
S166,,Tenecteplase vs. Alteplase for Intravenous Thrombolytic Therapy of Acute Ischemic Stroke: A Systematic Review and Meta-Analysis.,"INTRODUCTION: In recent years, as one of the drugs for the treatment of acute ischemic stroke (AIS), the clinical application of tenecteplase is still controversial. Therefore, we aimed to evaluate the safety and efficacy of tenecteplase versus alteplase to guide clinical practice. METHODS: A search of PubMed, MEDLINE, EMBASE, Cochrane Library, and Web of Science databases until February 15, 2023 was conducted to identify eligible articles. The quality of the included studies was assessed using the Cochrane Risk of Bias tool. RevMan 5.3 and Stata 17 were used to perform the meta-analysis and detect publication bias, and risk ratios (RRs) with 95% confidence intervals (95% CIs) were reported for each outcome measure. RESULTS: A total of 1326 records were retrieved in this meta-analysis. As a result of the limited reports on tenecteplase in patients with AIS and the lack of high-quality randomized controlled trials (RCTs), and considering the impact of publication bias, we did not include any of these studies published before 2015. Ultimately we included 16 RCTs with a total of 7508 patients, including 3940 patients treated with alteplase and 3568 patients treated with tenecteplase. Tenecteplase was associated with better early neurological improvement (RR 0.10; 95% CI 0.00-0.19; P = 0.04), recanalization of blood vessels (RR 0.24; 95% CI 0.07-0.40; P = 0.01), and 90-day excellent neurological recovery (RR 0.12; 95% CI 0.01-0.24; P = 0.04). In addition, there were no significant differences in other efficacy and safety outcomes between the two groups. The funnel plot and Begg's as well as Egger's tests showed no significant publication bias. CONCLUSIONS: This meta-analysis showed that tenecteplase was not inferior to alteplase in early thrombolytic therapy in patients wit"
S167,,Methodological conduct of prognostic prediction models developed using machine learning in oncology: a systematic review.,"BACKGROUND: Describe and evaluate the methodological conduct of prognostic prediction models developed using machine learning methods in oncology. METHODS: We conducted a systematic review in MEDLINE and Embase between 01/01/2019 and 05/09/2019, for studies developing a prognostic prediction model using machine learning methods in oncology. We used the Transparent Reporting of a multivariable prediction model for Individual Prognosis Or Diagnosis (TRIPOD) statement, Prediction model Risk Of Bias ASsessment Tool (PROBAST) and CHecklist for critical Appraisal and data extraction for systematic Reviews of prediction Modelling Studies (CHARMS) to assess the methodological conduct of included publications. Results were summarised by modelling type: regression-, non-regression-based and ensemble machine learning models. RESULTS: Sixty-two publications met inclusion criteria developing 152 models across all publications. Forty-two models were regression-based, 71 were non-regression-based and 39 were ensemble models. A median of 647 individuals (IQR: 203 to 4059) and 195 events (IQR: 38 to 1269) were used for model development, and 553 individuals (IQR: 69 to 3069) and 50 events (IQR: 17.5 to 326.5) for model validation. A higher number of events per predictor was used for developing regression-based models (median: 8, IQR: 7.1 to 23.5), compared to alternative machine learning (median: 3.4, IQR: 1.1 to 19.1) and ensemble models (median: 1.7, IQR: 1.1 to 6). Sample size was rarely justified (n = 5/62; 8%). Some or all continuous predictors were categorised before modelling in 24 studies (39%). 46% (n = 24/62) of models reporting predictor selection before modelling used univariable analyses, and common method across all modelling types. Ten out of 24 models for time-to-event o"
S168,,Relationship between grammar and schizophrenia: a systematic review and meta-analysis.,"BACKGROUND: Schizophrenia significantly impairs everyday communication, affecting education and employment. Such communication difficulties may arise from deficits in syntax-understanding and generating grammatical structures. Research on syntactic impairments in schizophrenia is underpowered, with inconsistent findings, and it is unclear if deficits are specific to certain patient subgroups, regardless of symptom profiles, age, sex, or illness severity. METHODS: A pre-registered (Open Science Framework: https://doi.org/10.17605/OSF.IO/7FZUC ) search using PubMed, Scopus, PsycINFO, and Web of Science databases up to May 1, 2024, for all studies investigating syntax comprehension and production in schizophrenia vs. healthy controls. Excluding studies on those <18 years of age and qualitative research, we extracted Cohen's d and log coefficient of variation ratio and used Bayesian meta-analysis across 6 domains: 2 in comprehension and 4 in production in patient-control comparisons. Study quality was evaluated using a modified Newcastle-Ottawa Scale, with moderators (age, sex, study quality, language) tested via meta-regression. RESULTS: We identify 86 relevant articles, of which 45 have sufficient data for meta-analysis (n = 2960 participants, 64.4% English, weighted mean age(sd) = 32.3(5.6)). Bayesian meta-analysis shows strong evidence of syntactic deficits in schizophrenia across all domains (d = 0.65-1.01, overall random-effects d = 0.86, 95% CrI [0.67-1.03]), with syntax comprehension being most affected, with weak publication bias. People with schizophrenia show increased variability in comprehension and production of long and complex utterances (lnCVR = 0.21, 95% CrI [0.07-0.36]), hinting at subgroups with differing performance. CONCLUSIONS: Robust impairments in g"
S169,,Breaking down the silos of artificial intelligence in surgery: glossary of terms.,"BACKGROUND: The literature on artificial intelligence (AI) in surgery has advanced rapidly during the past few years. However, the published studies on AI are mostly reported by computer scientists using their own jargon which is unfamiliar to surgeons. METHODS: A literature search was conducted in using PubMed following the preferred reporting items for systematic reviews and meta-analyses (PRISMA) statement. The primary outcome of this review is to provide a glossary with definitions of the commonly used AI terms in surgery to improve their understanding by surgeons. RESULTS: One hundred ninety-five studies were included in this review, and 38 AI terms related to surgery were retrieved. Convolutional neural networks were the most frequently culled term by the search, accounting for 74 studies on AI in surgery, followed by classification task (n = 62), artificial neural networks (n = 53), and regression (n = 49). Then, the most frequent expressions were supervised learning (reported in 24 articles), support vector machine (SVM) in 21, and logistic regression in 16. The rest of the 38 terms was seldom mentioned. CONCLUSIONS: The proposed glossary can be used by several stakeholders. First and foremost, by residents and attending consultant surgeons, both having to understand the fundamentals of AI when reading such articles. Secondly, junior researchers at the start of their career in Surgical Data Science and thirdly experts working in the regulatory sections of companies involved in the AI Business Software as a Medical Device (SaMD) preparing documents for submission to the Food and Drug Administration (FDA) or other agencies for approval."
S170,,Comorbidity between psychosis and eating disorders: a systematic review.,"BACKGROUND: Comorbidity has been reported between eating disorders and psychotic illnesses such as schizophrenia, and several hypotheses regarding their relationship have been proposed. Therefore, we aimed to systematically review studies involving patients who are affected by both psychotic symptoms and eating disorders (ED). METHOD: We systematically searched three databases for all studies describing psychotic symptoms among patients diagnosed with eating disorders. We conducted and reported the systematic review following the PRISMA statement. RESULTS: We included 67 publications, of which 41 were case reports and 26 were descriptive studies. Most of the included studies described transient psychotic symptoms among individuals with ED or suggested comorbidity between schizophrenia and anorexia nervosa. DISCUSSION: The included studies were highly heterogeneous. The review suggests at least three different patterns of psychopathology: 1) patients with anorexia nervosa who experience transient psychotic symptoms in correlation with severe mental or physical stress; 2) patients suffering from comorbid schizophrenia and anorexia nervosa and fulfilling diagnostic criteria for both diagnoses; and 3) patients with psychotic illness who are experiencing disordered eating as part of their psychotic illness, but do not fulfill diagnostic criteria for it. Future research could conduct psychopathological follow-up on patients enrolled in treatment for these conditions."
S171,,"A call for BMC Research Notes contributions promoting best practice in data standardization, sharing and publication.","BMC Research Notes aims to ensure that data files underlying published articles are made available in standard, reusable formats, and the journal is calling for contributions from the scientific community to achieve this goal. Educational Data Notes included in this special series should describe a domain-specific data standard and provide an example data set with the article, or a link to data that are permanently hosted elsewhere. The contributions should also provide some evidence of the data standard's application and preparation guidance that could be used by others wishing to conduct similar experiments. The journal is also keen to receive contributions on broader aspects of scientific data sharing, archiving, and open data."
S172,,Meta-Analysis of Polymorphic Variants Conferring Genetic Risk to Cervical Cancer in Indian Women Supports CYP1A1 as an Important Associated Locus.,"Objective: Association of multiple polymorphic variants with cervical cancer has been elucidated by several candidate gene based as well as genome-wide association studies. However, contradictory outcomes of those studies have failed to estimate the true effect of the polymorphic variants on cervical cancer. Methods: Literature mining of the PubMed database was done to gather all the publications related to genetic association with cervical cancer in India. Out of 98 PubMed hits only 29 genetic association studies were selected for meta-analysis based on specific inclusion criteria. A fixed-effect meta-analysis was performed to evaluate the overall association of the genetic polymorphisms with cervical cancer. Cochran’s Q test was performed to assess between study heterogeneity. Publication bias was also estimated by funnel plots and Egger’s regression test. Further, sub-group analysis was conducted by fixed-effect meta-regression to assess the impact of polymorphisms on cervical cancer in the presence of Human Papilloma Virus (HPV). Result: Following a fixed-effect model, meta-analysis was conducted that revealed 2 polymorphic variants viz. ‘deletion polymorphism (Del2) (OR=1.79, 95% CI= 1.08-2.95, P=0.023) in GSTM1’ and ‘rs1048943 (OR = 2.34, 95% CI=1.37-3.99, P=0.0018) in CYP1A1’ to be associated with cervical cancer. However, multiple testing correction showed only rs1048943 of CYP1A1 to be significantly associated (P-value=0.029) with cervical cancer with significant publication bias (P-value=0.0113) as estimated by Egger’s regression test. The polymorphic variants ‘rs1801131’, ‘rs1801133’, ‘rs2430561’, ‘rs1799782’, ‘rs25486’ and ‘rs25487’ showed significant (p<0.05) evidence of heterogeneity between studies by Cochran’s Q test and also by heterogeneity index (I2) "
S173,,Analyzing qPCR data: Better practices to facilitate rigor and reproducibility.,"Quantitative PCR (qPCR) remains a widely used, cost-effective method for RNA quantitation, yet many published studies inadequately comply with MIQE (Minimum Information for Publication of Quantitative Real-Time PCR Experiments) and FAIR (Findable, Accessible, Interoperable, Reproducible) data principles. Widespread reliance on the 2-ΔΔCT method often overlooks critical factors such as amplification efficiency variability and reference gene stability. Furthermore, the absence of raw data and analysis code limits the community's ability to evaluate potential biases and reproduce findings. Here, we primarily aim to encourage researchers to share raw qPCR fluorescence data along with detailed analysis scripts that start from raw input and produce final figures and statistical tests. Using our recently published dataset, we model the complete qPCR analytical workflow-from raw fluorescence curves through to differential expression-highlighting key decision points that can influence results. We provide fully documented R scripts illustrating how ANCOVA (Analysis of Covariance), a flexible multivariable linear modeling approach, generally offers greater statistical power and robustness compared to 2-ΔΔCT. Additionally, simulations support ANCOVA's applicability across diverse experimental conditions. We also demonstrate how general-purpose data repositories (e.g., figshare) and code repositories (e.g., GitHub) facilitate adherence to FAIR principles and promote transparency in qPCR research. Finally, we offer graphical examples that transparently depict both target and reference gene behavior within the same figure, enhancing interpretability. This work establishes practical resources and conceptual foundations to improve rigor, reproducibility, and openness in qPCR data analys"
S174,,Risk factors for death in hospitalized COVID-19 patients in Africa: A systematic review and meta-analysis.,"BACKGROUND: The coronavirus disease 2019 has quickly spread worldwide since it first appeared in Wuhan, China, in late 2019. The most affected country in Africa was South Africa. This study aimed to identify the risk factors for death in hospitalized COVID-19 patients in Africa. METHODS: We conducted a systematic review following the Preferred Reporting Items for Systematic Review and Meta-Analysis (PRISMA) guidelines. We searched articles from the following database: PubMed, Embase, Cochrane Library, Medline, and COVID-19 Research Database. We used Google Scholar for gray literature. The language used in this article was English. The last search was conducted on January 15, 2023. Pooled HRs, or ORs, and 95% confidence intervals, were calculated separately to identify the risk factors for death in hospitalized COVID-19 patients. Heterogeneity was assessed by Cochran's Q statistic and the I2 test. The Egger test was used to assess publication bias. Subgroup analysis was performed to determine the source of heterogeneity. Data analysis was performed using Stata version 17. A P value < .05 was considered significant. RESULTS: A total of 16,600 articles were obtained from the database search; finally, 16 articles met the inclusion criteria and were eligible for data extraction. The analysis revealed that the pooled prevalence of mortality in hospitalized COVID-19 patients was 13.9%. Advanced age was a significant risk factor for death in hospitalized COVID-19 patients, with the pooled coronavirus mortality HR and OR being 3.73 (95% CI: 2.27-5.19) and 1.04 (95% CI: 1.02-1.06), respectively. In addition, male gender (pOR 1.23; 95% CI: 1.07-1.40), patients with diabetes mellitus (DM) (pOR 1.26; 95% CI: 1.01-1.51), hypertension (HTN) (pOR 1.56; 95% CI: 1.27-1.85), chronic kidne"
S175,,Data sharing in acupuncture meta-analyses: Associations with journal policies and practical considerations.,"BACKGROUND: Data sharing can reduce research waste, enable researchers to avoid duplicating efforts, and allow resources to be effectively directed towards addressing new clinical questions. This study aimed to evaluate data sharing practices and identify associated factors in acupuncture meta-analyses. METHODS: A PubMed search identified meta-analyses of any type of acupuncture (April 2022 to December 2023). Journal guidelines were classified by data sharing policies, and their associations with data availability statements (DASs) and data availability, were examined using chi-squared tests or generalised estimating equations analyses. RESULTS: Of 3713 studies, 300 were included. Articles published in journals with data sharing policies were more likely to include DASs compared to those without (75.8 % vs. 21.7 %, p < 0.001). DASs were more frequently present when journals mandated sharing rather than merely recommended it (94.6 % vs. 59.2 %, p < 0.001). While no significant association was found between the presence of DASs or sharing policies and data availability, articles from mandating journals had higher odds of data provision than those from recommending journals (OR 1.58, 95 % CI [1.11, 2.25]). Non-Complementary and Alternative Medicine (CAM) journal articles outperformed those in CAM journals in DAS inclusion (79.1 % vs. 49.3 %, p < 0.001), though data accessibility was comparable (71.6 % vs. 69.3 %, p = 0.826). Impact factor was not significantly associated with any aspects of data sharing practices (all p > 0.05). CONCLUSIONS: Mandatory journal data sharing policies were associated with more frequent inclusion of DASs and provision of raw data, but neither a policy nor a DAS alone ensured reusable datasets. Mandatory policies paired with adequate training an"
S176,,Implementation of an open chemistry knowledge base with a Semantic Wiki.,"In this work, a concept for an open chemistry knowledge base was developed to integrate chemical research results into a collaboratively usable platform. To achieve this, we enhanced Semantic MediaWiki (SMW) to support the collection and structured summary of chemical data contained in publications. We implemented tools for capturing chemical structures in machine-readable formats and designed data forms along with a data model to ensure standardized input and organization of research results. These enhancements allow for effective data comparison and contextual analysis within an expandable Wiki environment. The use of the platform was specifically demonstrated by organizing and comparing research in the area of ""CO2 reduction in homogeneous photocatalytic systems,"" showcasing its potential to significantly enhance the collaborative collection of research outcomes.Scientific contributionThis work shows ways to collaboratively collect and manage subject-specific knowledge in the domain of chemistry via an open database. By integrating cheminformatic tools into Semantic Mediawiki, an established technology for building knowledge databases is made systematically usable for the chemical community. The integration of chemistry-specific workflows and forms allows the mapping of data from current research with links to the original sources. This work is intended to show how gaps in the information system of scientists can be closed without having to use commercial systems."
S177,,Measuring Integrated Care - Methodological Reflections from Monitoring and Evaluation Process of the PHC Plus Pilot Program in Poland.,"INTRODUCTION: Integrated care is an important strategy for increasing health system performance. Despite its growing significance, detailed evidence on the measurement properties of integrated care instruments remains vague and limited. This article aims to present the Monitoring and Evaluation Framework (M&EF) used in the pilot program of coordinated primary care in Poland. It can serve as an example of Monitoring and Evaluation (M&E) concept for the countries taking their first steps in the care integration implementation or establishing PHC reforms. This article belongs to the series of publications entitled: ""Highway to hell or stairway to heaven - evaluating complex integrated care models - lessons from the Primary Healthcare Plus pilot program (PHC Plus) in Poland"". METHODS: The M&EF of the PHC Plus was based on the Theory of Change within which a shift was to take place in the following 4 aspects: (1) change in health outcomes among participating patients; (2) change in health care experience among participating patients; (3) change in the fragmentation of care provided for chronic diseases among participating patients; (4) change in overall spending on health services for the patients in the PHC Plus facilities. Data for the M&EF of the PHC Plus came from two main sources: the National Health Fund (national insurer) database and the results survey questionnaires. RESULTS: Based on the established M&EF of PHC Plus it was possible to monitor and evaluate the change in patients' health outcomes, health experience and health literacy, fragmentation of care index, and overall spending on healthcare services offered in the pilot. Some of the analyzes planned could not be carried out due errors in data reporting systems, the lack of data of adequate quality or the pand"
S178,,"Meta-analyses of the relationship between five CXCL8 gene polymorphisms and overall cancer risk, and a case-control study of oral cancer.","BACKGROUND: C-X-C motif chemokine ligand (CXCL8), also known as interleukin-8, is a prototypical CXC family chemokine bearing a glutamic acid-leucine-arginine (ELR) motif that plays key roles in the onset and progression of a range of cancers in humans. Many prior studies have focused on exploring the relationship between CXCL8 gene polymorphisms and the risk of cancer. However, the statistical power of many of these reports was limited, yielding ambiguous or conflicting results in many cases. METHODS: Accordingly, the PubMed, Wanfang, Scopus and Web of Science databases were searched for articles published until July 20, 2023 using the keywords 'IL-8' or 'interleukin-8' or 'CXCL8', 'polymorphism' and 'cancer' or 'tumor'. Odds ratios (ORs) and 95% confidence intervals (CIs) were utilized to examine the association. The CXCL8 +781 polymorphism genotypes were assessed with a TaqMan assay. RESULTS: About 29 related publications was conducted in an effort to better understand the association between these polymorphisms and disease risk. The CXCL8 -353A/T polymorphism was associated with an increased overall cancer risk [A vs. T, odds ratio (OR) = 1.255, 95% confidence interval (CI) (1.079-1.459), Pheterogeneity = 0.449, P = 0.003]. The CXCL8 +781 T/C allele was similarly associated with a higher risk of cancer among Caucasians [TT vs. TC + CC, OR = 1.320, 95%CI (1.046-1.666), Pheterogeneity = 0.375, P = 0.019]. Furthermore, oral cancer patients carrying the CXCL8 +781 TT + TC genotypes exhibited pronounced increases in serum levels of CXCL8 as compared to the CC genotype (P < 0.01), and also shown similar trend as compared to genotype-matched normal controls (P < 0.01). Finally, several limitations, such as the potential for publication bias or heterogeneity among the inclu"
S179,,Nonscientific factors associated with acceptance for publication in The Journal of Bone and Joint Surgery (American Volume).,"BACKGROUND: While it is widely accepted that scientific factors may render a study more likely to be accepted for publication, it is less clear whether nonscientific factors may also be associated with publication. The purpose of this study was to identify the nonscientific factors associated with acceptance for publication by The Journal of Bone and Joint Surgery (American Volume). METHODS: A total of 1173 manuscripts submitted to The Journal of Bone and Joint Surgery between January 1, 2004, and June 30, 2005, for publication as scientific articles were analyzed as part of a study on publication bias in the editorial decision-making process. Information was collected on nonscientific factors plausibly associated with acceptance for publication, including study location, conflict-of-interest disclosure, sex of the author, primary language, and the number of prior publications by the corresponding author in frequently cited orthopaedic journals. The final disposition term (acceptance or rejection) was recorded, and logistic regression was used to identify factors associated with acceptance for publication. RESULTS: Manuscripts from countries other than the United States or Canada were significantly less likely to be accepted (odds ratio, 0.51; 95% confidence interval, 0.28 to 0.92; p = 0.026). Factors positively associated with acceptance for publication were conflict-of-interest disclosure involving a nonprofit entity (odds ratio, 1.92; 95% confidence interval, 1.35 to 2.73; p < 0.001) and ten or more prior publications in frequently cited orthopaedic journals by the corresponding author (odds ratio, 2.01; 95% confidence interval, 1.33 to 3.05; p = 0.001). We did not find a significant association between acceptance and conflict-of-interest disclosure involving a for-p"
S180,,Do polymorphisms in protein kinase catalytic subunit alpha-1 gene associated with cancer susceptibility? a meta-analysis and systematic review.,"BACKGROUND: Currently, several studies have demonstrated that PRKAA1 polymorphisms conduce to the development of cancer. PRKAA1 gene encodes the AMP-activated protein kinase summit-α1, and plays an important role in cell metabolism. Thus, we performed a systematic review and meta-analysis of all enrolled eligible case-control studies to obtain a precise correlation between PRKAA1 polymorphism and cancer susceptibility. METHODS: Extensive retrieve was performed in Web of Science, Google Scholar, PubMed, EMbase, CNKI and Wanfang databases up to August 26, 2018. Odds ratios (ORs) and 95% CIs were performed to evaluate the overall strength of the associations in five models, as well as in subgroup analyses, stratified by ethnicity, cancer type or source of control. Q-test, Egger's test and Begg's funnel plot were applied to evaluate the heterogeneity and publication bias. In-silico analysis was performed to demonstrate the relationship of PRKAA1 expression correlated with cancer tissues and survival time. RESULTS: Twenty-two case-control studies from 14 publications were enrolled, with 17,068 cases and 20,871 controls for rs13361707, and 2514 cases and 3193 controls for rs10074991. Overall, we identified that the PRKAA1 rs13361707 polymorphism is not significantly associated with cancer susceptibility under all five genetic models. For rs10074991, we revealed a significant decrease risk in allelic comparison model (B vs. A: OR = 0.774, 95% CI = 0.642-0.931, PAdjust = 3.376*10- 2), heterozygote comparison model (BA vs. AA: OR = 0.779 95%CI = 0.691-0.877, PAdjust = 9.86*10- 10;), and dominant genetic model (BB + BA vs. AA: OR = 0.697 95%CI = 0.533-0.912, PAdjust = 4.211*10- 2;). Evidence from TCGA database and GTEx projects indicated that the expression of PRKAA1 in gastric c"
S181,,The HLA-G 14-bp polymorphism and recurrent implantation failure: a meta-analysis.,"PURPOSE: The human leucocyte antigen-G (HLA-G) 14-bp insertion/deletion polymorphism was implicated in recurrent implantation failure (RIF), but individual published studies showed inconclusive results. Thus, a meta-analysis was performed to clarify the effect of HLA-G 14-bp polymorphism on RIF risk. METHODS: A comprehensive search for relevant articles was conducted. The odds ratios (ORs) and 95% confidence intervals (CIs) for HLA-G 14-bp polymorphism and RIF were calculated. RESULTS: A total of five studies were included. In studies conducted in RIF patients and controls who had at least one spontaneous pregnancy, meta-analysis revealed no statistically significant association between the HLA-G 14-bp polymorphism and RIF in allele contrast and all genetic models in the overall population, but significant association was found in the population of Caucasian origin under allele contrast (OR = 1.73, 95% CI, 1.20, 2.50) and genetic models of +14 bp/+14 bp vs. -14 bp/-14 bp (OR = 3.09, 95% CI, 1.43, 6.65). In studies conducted in RIF patients and controls who had successful pregnancy following IVF-ET, the meta-analysis showed that there was statistically significant association between the HLA-G 14 bp polymorphism and RIF in allele contrast (OR = 1.74, 95% CI, 1.13, 2.67) and genetic models of +14 bp/+14 bp vs. -14 bp/-14 bp (OR = 10.20, 95% CI, 2.47, 42.14) and dominant model (OR = 4.34, 95% CI, 1.72, 10.92). No publication bias was found in the present studies. CONCLUSIONS: This meta-analysis suggested that the HLA-G 14-bp insertion allele may increase the risk of RIF in Caucasians. Further studies with large sample size of different ethnic populations are necessary."
S182,,Association between dietary patterns and the risk of breast cancer in South Asian countries: a protocol for a systematic review and meta-analysis of observational studies.,"INTRODUCTION: To date, breast cancer is the fourth leading cause of mortality globally, while Asian women have the highest mortality reporting ∼47.3%. Epidemiological evidence suggests that the association of dietary pattern is closely linked to the risk of breast cancer. A comprehensive analysis of underlying mechanisms could help to identify modifiable risk factors, ultimately reducing a significant disease burden. The review protocol aims to explore the critical association across subtypes and narratively synthesise the possible mechanism between dietary patterns and breast cancer development among South Asian adult women (≥18 years). METHODS AND ANALYSIS: The research team will search the MEDLINE (PubMed), Scopus, Web of Sciences, Embase and Google Scholar databases from inception to 30 November 2025 using truncated and phrase-searched keywords and relevant subject headings. Observational studies published in English language, and reporting the association between dietary patterns, cancer subtypes and breast cancer risk among adult women in South Asia using validated assessment tools, will be included. Two reviewers will screen the retrieved papers independently, while any disagreements between them will be resolved by a third reviewer. Demographics, breast cancer type and dietary patterns, along with their associations, will be extracted for meta-analysis and the findings will be summarised furthermore. Forest plots will be constructed in R (V.4.3.2), with heterogeneity assessed using I² statistic, complemented by publication bias assessment (funnel plot) and sensitivity analysis. The included studies will be critically assessed using the Joanna Briggs Institute's critical appraisal tools. A quantitative synthesis will also be conducted if the included studies are "
S183,,Welding fumes and lung cancer: a meta-analysis of case-control and cohort studies.,"BACKGROUND: An estimated 110 million workers are exposed to welding fumes worldwide. Welding fumes are classified by the International Agency for Research on Cancer as carcinogenic to humans (group 1), based on sufficient evidence of lung cancer from epidemiological studies. OBJECTIVE: To conduct a meta-analysis of case-control and cohort studies on welding or exposure to welding fumes and risk of lung cancer, accounting for confounding by exposure to asbestos and tobacco smoking. METHODS: The literature was searched comprehensively in PubMed, reference lists of relevant publications and additional databases. Overlapping populations were removed. Meta-relative risks (mRRs) were calculated using random effects models. Publication bias was assessed using funnel plot, Eggers's test and Begg's test. RESULTS: Forty-five studies met the inclusion criteria (20 case-control, 25 cohort/nested case-control), which reduced to 37 when overlapping study populations were removed. For 'ever' compared with 'never' being a welder or exposed to welding fumes, mRRs and 95% CIs were 1.29 (1.20 to 1.39; I2=26.4%; 22 studies) for cohort studies, 1.87 (1.53 to 2.29; I2=44.1%; 15 studies) for case-control studies and 1.17 (1.04 to 1.38; I2=41.2%) for 8 case-control studies that adjusted for smoking and asbestos exposure. The mRRs were 1.32 (95% CI 1.20 to 1.45; I2=6.3%; 15 studies) among 'shipyard welders', 1.44 (95% CI 1.07 to 1.95; I2=35.8%; 3 studies) for 'mild steel welders' and 1.38 (95% CI 0.89 to 2.13; I2=68.1%; 5 studies) among 'stainless steel welders'. Increased risks persisted regardless of time period, geographic location, study design, occupational setting, exposure assessment method and histological subtype. CONCLUSIONS: These results support the conclusion that exposure to weldi"
S184,,miRNA Predictors of Pancreatic Cancer Chemotherapeutic Response: A Systematic Review and Meta-Analysis.,"BACKGROUND: pancreatic cancer (PC) has increasing incidence and mortality in developing countries, and drug resistance is a significant hindrance to the efficacy of successful treatment. The objective of this systematic review and meta-analysis was to evaluate the association between miRNAs and response to chemotherapy in pancreatic cancer patients. METHODS: the systematic review and meta-analysis was based on articles collected from a thorough search of PubMed and Science Direct databases for publications spanning from January 2008 to December 2018. The articles were screened via a set of inclusion and exclusion criteria based on the preferred reporting items for systematic review and meta-analysis (PRISMA) guidelines. Data was extracted, collated and tabulated in MS Excel for further synthesis. Hazard ratio (HR) was selected as the effect size metric to be pooled across studies for the meta-analysis, with the random effects model being applied. Subgroup analysis was also conducted, and the presence of publication bias in the selected studies was assessed. Publication bias of the included studies was quantified. FINDINGS: of the 169 articles screened, 43 studies were included in our systematic review and 13 articles were included in the meta-analysis. Gemcitabine was observed to be the principal drug used in a majority of the studies. A total of 48 miRNAs have been studied, and 18 were observed to have possible contributions to chemoresistance, while 15 were observed to have possible contributions to chemosensitivity. 41 drug-related genetic pathways have been identified, through which the highlighted miRNA may be affecting chemosensitivity/resistance. The pooled HR value for overall survival was 1.603; (95% Confidence Interval (CI) 1.2-2.143; p-value: 0.01), with the "
S185,,Maternal Exposure to Cigarette Smoke during Pregnancy and Testicular Cancer in Offspring: A Systematic Review and Meta-Analysis.,"BACKGROUND: Maternal exposure to cigarette smoke in pregnancy may play a role in the development of testicular cancer in offspring. An updated and comprehensive systematic review of the available evidence is needed. OBJECTIVE: To identify and evaluate current evidence on maternal exposure to cigarette smoke during pregnancy and testicular cancer in offspring. METHODS: A systematic search of English peer-reviewed original literature in PubMed through a block search approach. Publications were considered if assessing maternal exposure to cigarette smoke and the risk of testicular cancer in offspring. RESULTS: Among the 636 identified records, 14 publications were eligible for review and 10 for meta-analysis. Quality assessment of the publications was conducted. Most included publications were case-control studies (n = 11, 79%), while the remaining were ecological studies (n = 3, 21%). Completeness of reporting was high, but more than half were considered subject to potential bias. The trend synthesis showed that half (n = 7) of the included publications demonstrated a higher risk of testicular cancer in the sons of mothers exposed to cigarette smoke during pregnancy. The meta-analysis generated an overall summary risk estimate of 1.00 (95% CI: 0.88; 1.15) (n = 10 publications), with a lower risk for seminoma (0.79, 95% CI: 0.59; 1.04) and nonseminoma (0.96, 95% CI: 0.74; 1.26) (n = 4 publications). CONCLUSIONS: This systematic review did not provide evidence of an association between maternal exposure to cigarette smoke and risk of testicular cancer in offspring. An overall positive trend was suggested, but it had low statistical precision. The methodological limitations across publications encourage further research based on valid exposure data."
S186,,Organization of Biomedical Data for Collaborative Scientific Research: A Research Information Management System.,"Biomedical researchers often work with massive, detailed and heterogeneous datasets. These datasets raise new challenges of information organization and management for scientific interpretation, as they demand much of the researchers' time and attention. The current study investigated the nature of the problems that researchers face when dealing with such data. Four major problems identified with existing biomedical scientific information management methods were related to data organization, data sharing, collaboration, and publications. Therefore, there is a compelling need to develop an efficient and user-friendly information management system to handle the biomedical research data. This study evaluated the implementation of an information management system, which was introduced as part of the collaborative research to increase scientific productivity in a research laboratory. Laboratory members seemed to exhibit frustration during the implementation process. However, empirical findings revealed that they gained new knowledge and completed specified tasks while working together with the new system. Hence, researchers are urged to persist and persevere when dealing with any new technology, including an information management system in a research laboratory environment."
S187,,Cross-Sectional Study of Flood Damage Assumptions in Medical Facilities Using Geographic Information Systems.,"Introduction Floods not only directly damage medical facilities but also hinder access to medical facilities, potentially disrupting local medical services. The scale of damage that medical facilities suffer from floods in Japan is unknown. In this study, we assessed the potential impact of floods on Japanese healthcare facilities by facility characteristics. Methods We conducted a cross-sectional study involving medical facilities registered in the Japan Medical Association Regional Medical Information System. Geographic data for the inundation area was obtained from open data of the Japanese government. Facilities that overlap with flooded areas were designated as affected facilities. The primary outcomes were the percentage of damaged facilities and beds. We calculated odds ratios (OR) and 95% confidence intervals (95%CI) using the Wald method to assess the impact of disaster base hospital designation on damage extent. Results We included 140,826 general clinics and 8,126 hospitals, which had 137,731 and 1,483,347 beds, respectively. The planned scale of flooding is estimated to affect 8.0% of general clinics and 10.8% of their beds. For hospitals, these figures were 8.8% and 7.8%, respectively. The maximum potential scale of flooding is estimated to affect 23.6% of general clinics and 23.9% of their beds. For hospitals, these figures were 22.5% and 20.6%, respectively. At the planned scale of flooding, there was no difference found in the rate of damaged facilities between disaster base hospitals and non-disaster base hospitals, and the rate of damaged beds was lower at non-disaster base hospitals (OR = 0.92, 95%CI = 0.71-1.18 for damaged facilities and OR = 0.79, 95%CI = 0.78-0.80 for damaged beds). At the maximum potential scale of flooding, there was no differenc"
S188,,"Systematic Review of Literature on Vocal Demand Response: Understanding Physiology, Measurements, and Associated Factors.","PURPOSE: Considering the conceptual migration from vocal load and vocal loading to vocal demand and vocal demand response, this review of literature aimed to identify physiological explanations, reported measurements, and associated factors (vocal demands) reported in the literature when considering the phonatory response to a vocal demand. METHODS: A systematic review of literature, following the PRISMA Statement, was conducted using Web of Science, PubMed, Scopus, and ScienceDirect. Data were analyzed and presented in two parts. First, a bibliometric analysis, co-occurrence analysis, and content analysis were performed. Three criteria that got article inclusion were defined: (1) written in English, Spanish, and Portuguese; (2) published between 2009 and 2021; and (3) focused on vocal load and loading, vocal demand response, and voice assessment parameters. A total of 54 publications met the criteria and were included in this review. The second part included a conceptual framework based on the content analysis of three aspects of vocal demand response: (1) physiological explanations, (2) reported measurements, and (3) vocal demands. RESULTS AND CONCLUSION: As would be expected since vocal demand response is a relatively new term and not yet commonly used in literature when discussing way that the speakers respond to communicative scenarios, most of the studies reviewed (both historical and recent) still use the term of vocal load and vocal loading. Although there is a broad variety of literature discussing a wide range of vocal demands and voice parameters used to characterize the vocal demand response, results show that there is consistency across the studies. While vocal demand response is unique and intrinsic to the talker, associated factors that contribute to this"
S189,,The TAS Test project: a prospective longitudinal validation of new online motor-cognitive tests to detect preclinical Alzheimer's disease and estimate 5-year risks of cognitive decline and dementia.,"BACKGROUND: The worldwide prevalence of dementia is rapidly rising. Alzheimer's disease (AD), accounts for 70% of cases and has a 10-20-year preclinical period, when brain pathology covertly progresses before cognitive symptoms appear. The 2020 Lancet Commission estimates that 40% of dementia cases could be prevented by modifying lifestyle/medical risk factors. To optimise dementia prevention effectiveness, there is urgent need to identify individuals with preclinical AD for targeted risk reduction. Current preclinical AD tests are too invasive, specialist or costly for population-level assessments. We have developed a new online test, TAS Test, that assesses a range of motor-cognitive functions and has capacity to be delivered at significant scale. TAS Test combines two innovations: using hand movement analysis to detect preclinical AD, and computer-human interface technologies to enable robust 'self-testing' data collection. The aims are to validate TAS Test to [1] identify preclinical AD, and [2] predict risk of cognitive decline and AD dementia. METHODS: Aim 1 will be addressed through a cross-sectional study of 500 cognitively healthy older adults, who will complete TAS Test items comprising measures of motor control, processing speed, attention, visuospatial ability, memory and language. TAS Test measures will be compared to a blood-based AD biomarker, phosphorylated tau 181 (p-tau181). Aim 2 will be addressed through a 5-year prospective cohort study of 10,000 older adults. Participants will complete TAS Test annually and subtests of the Cambridge Neuropsychological Test Battery (CANTAB) biennially. 300 participants will undergo in-person clinical assessments. We will use machine learning of motor-cognitive performance on TAS Test to develop an algorithm that cla"
S190,,Association between ventilatory ratio and mortality in acute respiratory distress syndrome: protocol for a systematic review and meta-analysis using a hierarchical Bayesian model.,"INTRODUCTION: The ventilatory ratio (VR) is a simple and accessible index that reflects ventilatory efficiency in critically ill patients. Although several studies have examined its potential as a prognostic marker in acute respiratory distress syndrome (ARDS), the results remain inconsistent and inconclusive. This systematic review and Bayesian meta-analysis aimed to evaluate the association between VR and mortality in adult patients with ARDS. METHODS AND ANALYSIS: Two investigators will independently conduct systematic literature searches in the PubMed, Embase, Scopus, Cochrane Library and Latin American and Caribbean Health Sciences Literature / Literatura Latinoamericana y del Caribe en Ciencias de la Salud (LILACS) databases, covering all publications from database inception to July 2025.This systematic review and meta-analysis will include prospective and retrospective cohort studies evaluating the association between the VR and mortality in adult patients with ARDS. Specifically, we aim to answer the following Patient, Population or Problem, Intervention, Comparison, and Outcome (PICO) question: In adult patients with ARDS (Population), is an elevated VR (Exposure), compared to lower or normal VR values (Comparison), associated with an increased risk of mortality (Outcome)?The primary outcome will be mortality, as defined in each included study. Outcomes will be analysed according to the characteristics and reporting of the original publications.The methodological quality of the included studies will be assessed using the Quality In Prognosis Studies tool, and the certainty of the evidence will be evaluated using the Grading of Recommendations Assessment, Development and Evaluation approach.The review will follow the Preferred Reporting Items for Systematic Revi"
S191,,A Meta-Analysis of the Reliability of Second Language Listening Tests (1991-2022).,"To investigate the reliability of L2 listening tests and explore potential factors affecting the reliability, a reliability generalization (RG) meta-analysis was conducted in the present study. A total number of 122 alpha coefficients of L2 listening tests from 92 published articles were collected and submitted to a linear mixed effects RG analysis. The papers were coded based on a coding scheme consisting of 16 variables classified into three categories: study features, test features, and statistical results. The results showed an average reliability of 0.818 (95% CI: 0.803 to 0.833), with 40% of reliability estimates falling below the lower bound of CI. The presence of publication bias and heterogeneity was found in the reliability of L2 listening tests, indicating that low reliability coefficients were likely omitted from some published studies. In addition, two factors predicting the reliability of L2 listening tests were the number of items and test type (standardized and researcher- or teacher-designed tests). The study also found that reliability is not a moderator of the relationship between L2 listening scores and theoretically relevant constructs. Reliability induction was identified in reporting the reliability of L2 listening tests, too. Implications for researchers and teachers are discussed."
S192,,Health-related quality of life and health state utility value in idiopathic pulmonary fibrosis: a systematic review and meta-analysis.,"BACKGROUND: Idiopathic pulmonary fibrosis (IPF) is associated with high mortality, heavy economic burden, limited treatment options and poor prognosis, and seriously affects the health-related quality of life (HRQoL) and life expectancy of patients. This systematic review and meta-analysis of HRQoL and health state utility value (HSUV) in IPF patients and the instruments used in this assessment aimed to provide information sources and data support for the future research on IPF HRQoL and HSUV. METHODS: We searched the PubMed, EMBASE, Web of Science and Cochrane Library databases for studies reporting the HRQoL or HSUV of IPF patients, with the retrieval time from the establishment of each database to April 2024. After two researchers independently screened the literature, extracted the data, and evaluated the risk of bias in the included studies, pooled analysis was performed on the measurement tools adopted in more than two studies. Subgroup analysis was employed to explore the source of heterogeneity, and sensitivity analysis was used to assess the robustness of the results. Funnel-plot directed evaluation combined with Egger's test quantitative evaluation was conducted to detect publication bias. RESULTS: Sixty-nine studies were ultimately included, covering eighteen measurement tools. The literature quality was generally excellent. The St. George's Respiratory Questionnaire (SGRQ), EuroQoL Five Dimensions Questionnaire (EQ-5D), Short Form-36 (SF-36) and the King's Brief Interstitial Lung Disease (KBILD) were the most common instruments, among which the EQ-5D included the HSUV and the visual analog scale (VAS). The results of the meta-analysis revealed that the pooled SGRQ total score was 45.28 (95% confidence interval [CI] 41.10-49.47), the mean EQ-5D utility score "
S193,,A landscape analysis of HIV cure-related clinical research in 2019.,"OBJECTIVES: In 2018, we surveyed investigators conducting HIV cure-related clinical research, drawing on information from the online listing established by Treatment Action Group (TAG). The purpose of the survey was to facilitate a landscape analysis of the field. In 2019, we fielded a second survey in order to provide updated information and assess any shifts in the landscape. METHODS: Trials and observational studies listed as of August 16, 2019 formed the sample set. Survey questions addressed funding, trial development, recruitment, enrollment, participant demographics, antiretroviral therapy status, HIV reservoir assays, invasive procedures, study completion, data sharing and dissemination plans. A survey was sent to the contact(s) for each study. Supplemental information was collected from clinicaltrials.gov and available presentations/publications of study results. RESULTS: A total of 97 interventional trials and 36 observational studies were identified, with 30 including analytical treatment interruptions. Total projected enrollment is 13,732 participants, with observational studies contributing the majority (8,325). Most interventional trials are in early phases. The majority of current research is located in the USA, involves predominately male participants and is limited in racial and ethnic diversity. Prespecified demographic enrollment targets are rare. Two thirds of respondents to our previous survey reported that enrollment is progressing more slowly than anticipated. CONCLUSIONS: A diverse range of interventions are being evaluated in HIV cure research, but participant diversity is far from optimal with a continuing underrepresentation of women. Broadening inclusion and geographic reach will be necessary to achieve the goal of developing widely effective"
S194,,"Social marketing for the prevention of physical abuse, emotional abuse and neglect in children: a protocol for a scoping review on applications and strategies.","INTRODUCTION: Child maltreatment (CM) can have significant and long-lasting consequences over the life course. These include long-term physical injuries and an increased risk for mental illness. Preventive applications are critical to reduce maltreatment, promote early detection and initiate early interventions, and prevent further harm. Social marketing (SM) strategies offer a promising approach for the prevention of CM. They use commercial marketing principles to raise awareness and/or influence behaviour of populations for social welfare purposes. To date, there is no comprehensive overview of SM strategies and applications used for prevention, early detection and reduction of harms of physical and emotional child abuse and neglect. This study aims to address this gap by means of a scoping review mapping the national and international literature and to provide an understanding of how SM strategies have been conceptualised and implemented in CM prevention. We chose a scoping review to catalogue and organise the literature, define key constructs and identify gaps, instead of pooling effects. METHODS AND ANALYSIS: PubMed, Scopus, Web of Science, ERIC and PsycINFO will be searched for relevant existing literature published between 2010 and 2025 using a search string based on the Population, Concept and Context scheme. Empirical studies examining SM strategies for the prevention of physical and emotional abuse and neglect of all designs will be included.The results will be presented in both narrative and tabular formats. These tables will report on general study characteristics (eg, country, year of publication, study design), key characteristics of SM applications (eg, prevention aims, setting, components, target audiences) and strategies used (eg, media channels, commun"
S195,,Elbow hemiarthroplasty vs. open reduction internal fixation for acute Arbeitsgemeinschaft für Osteosynthesefragen/Orthopaedic Trauma Association (AO/OTA) type 13C fractures-A systematic review.,"BACKGROUND: Open reduction and internal fixation (ORIF) is the standard treatment for multifragmentary intra-articular distal humeral fractures. Fractures not amenable by ORIF are treated with total elbow arthroplasty (TEA). In recent years, elbow hemiarthroplasty (EHA) has been used as an alternative to TEA, as weight bearing restrictions and risk of component loosening are lower. We systematically reviewed the literature reporting functional outcomes and complication rates after either EHA or ORIF for Arbeitsgemeinschaft für Osteosynthesefragen/Orthopaedic Trauma Association (AO/OTA) type 13C fractures. METHODS: We searched PubMed, Embase, The Cochrane Library, and Scopus. The inclusion criteria were at least 5 patients, aged ≥50 years, AO/OTA type 13C fracture treated with ORIF or EHA, and evaluation with the Mayo Elbow Performance Score. Literature screening and data extraction were conducted according to the Preferred Reporting Items for Systematic reviews and Meta-Analyses (PRISMA) statement. The results were synthesized qualitatively using weighted means. No comparative statistical analyses were done. RESULTS: We included 27 articles, which included 96 patients treated with EHA and 535 patients treated with ORIF. We identified 1 randomized controlled trial and 26 case series. The weighted mean Mayo Elbow Performance Score was 86.9 (n = 89) in the EHA group and 84.7 (n = 535) in the ORIF group. There were 26 (33%) complications (n = 78) in the EHA group and 103 (38%) complications (n = 270) in the ORIF group. Complication rates were generally high in both groups. CONCLUSION: We found comparable results of EHA and ORIF, which indicate that EHA is a viable treatment option for AO/OTA type 13C fractures not amenable by ORIF. Because of high risk of bias, interpretati"
S196,,A Scoping Review of Exercises for Preventing Athletic Groin Pain.,"Groin pain is a frequent injury in multidirectional sports such as soccer, ice hockey, and Australian football. It commonly occurs during kicking, sprinting, and directional changes, yet preventive strategies remain poorly established. Although the Copenhagen Adduction Exercise (CAE) is widely adopted for groin pain prevention, evidence for other exercise options is limited. This scoping review aimed to identify and summarize exercise-based interventions used to prevent groin pain in athletes. The review followed the Preferred Reporting Items for Systematic reviews and Meta-Analyses extension for Scoping Reviews guidelines. Searches were conducted in PubMed, Web of Science, and PEDro (1983-April 2025) using the key concepts ""groin pain,"" ""exercise,"" and ""prevention."" Only randomized and clinical trials published in English were included. After duplicate removal, 502 records were screened, and 19 studies met the eligibility criteria. Data were charted using Microsoft Excel, including study design, participant characteristics, intervention type, and outcomes. Two blinded reviewers assessed study quality using the PEDro scale. Descriptive and frequency-based analyses were performed to determine the most commonly implemented preventive exercises. In total, 19 randomized controlled trials were included, with an average PEDro score of 6.9 ± 1.2 (range = 5-9), indicating moderate methodological quality. The CAE was reported in 13 of 19 studies, showing improvements in adductor strength and, in some cases, reduced injury incidence. The Nordic hamstring exercise appeared in three studies, demonstrating benefits for strength and injury reduction. Additional programs such as the extended knee control program, abdominal and gluteus medius training, and trunk-hip coordination exerci"
S197,,Global trends and hotspots of artificial intelligence in pain management: A bibliometric analysis.,"OBJECTIVE: To systematically explore international research trends and dynamics in the interdisciplinary field of artificial intelligence (AI) and pain management over the past decade (2016-2025) and delineate current research frontiers. METHODS: Publications were retrieved from Web of Science Core Collection database and subjected to bibliometric analysis. VOSviewer, Scimago Graphica, and other tools were used for bibliometric analysis and visualization. RESULTS: A total of 1022 articles were included. Publication output showed an exponential upward trend overall, despite a temporary slowdown in 2022, followed by accelerated growth from 2023 onward. The United States led in global publication volume and served as the core hub of international collaborative networks, followed by China. In terms of journals, Pain published the highest number of relevant studies. Regarding authorship, Cao Rui, Wang Bin, and David Borsook emerged as the most influential scholars. Reference and keyword analyses delineate a clear evolution: early research established foundational insights into mechanisms. Mid-period work integrated AI and machine learning with multimodal tools like functional magnetic resonance imaging (fMRI) for objective assessment; recent advances have shifted toward clinical translation, focusing on precision medicine and the refinement of pain classification and assessment frameworks. CONCLUSION: This study maps the evolutionary trajectory of AI research in pain management over the past decade. Future efforts should prioritize strengthening international collaboration, promoting large-scale clinical validation of AI tools, standardizing data sharing, and addressing equity in access to technology to meet unmet clinical needs in pain care."
S198,,Differences in tuberculosis prevalence by sex in low- and middle-income countries over 1993-2025: A systematic review and meta-analysis.,"BACKGROUND: Global and national initiatives to combat tuberculosis (TB) have expanded over recent years. Despite this, the TB burden remains high in some population groups, with men recognized as having elevated TB risks. Summary measures of sex differences in TB prevalence were last estimated in 2016. Since then, many additional prevalence surveys have been conducted, including in the highest TB burden countries. We conducted a systematic review of sex-stratified TB prevalence survey data published over 1993-2025, to provide updated estimates of male-to-female (M:F) TB prevalence ratios and determine whether sex-related disparities in TB burden have closed over time. METHODS AND FINDINGS: We identified surveys reporting community-representative, sex-stratified estimates of pulmonary TB prevalence in low- and middle-income countries (LMICs), including surveys from an earlier review (covering January 1993-March 2016) and a new systematic review (covering 1st December 2015-13th October 2025). This review was prospectively registered with PROSPERO (CRD42024503853) and included searches of PubMed, Embase, Global Health, the Cochrane Library, Africa Index Medicus, LILACS, and SciELO. We extracted data on bacteriologically confirmed and smear-positive TB prevalence among adults (aged ≥ 15 years), stratified by sex. Risk of bias was evaluated using eight criteria specific to prevalence surveys. We fit multi-level Bayesian regression models with study- and country-level random effects to estimate the M:F ratio of TB prevalence (male prevalence divided by female prevalence), overall and for key subgroups. In meta-regression analyses, we estimated how prevalence ratios varied over time and according to known TB risk factors and TB case definitions. We identified 10,124 publicatio"
S199,,Evaluation of Research Accessibility and Data Elements of HIV Registries.,"BACKGROUND: Patient registries represent a long-term data collection system that is a platform for performing multiple research studies to generate real-world evidence. Many of these registries use common data elements (CDEs) and link data from Electronic Health Records. OBJECTIVE: This study evaluated HIV registry features that contribute to the registry's usability for retrospective analysis of existing registry data or new prospective interventional studies. METHODS: We searched PubMed and ClinicalTrials.gov (CTG) to generate a list of HIV registries. We used the framework developed by the European Medical Agency (EMA) to evaluate the registries by determining the presence of key research features. These features included information about the registry, request and collaboration processes, and available data. We acquired data dictionaries and identified CDEs. RESULTS: We found 13 HIV registries that met our criteria, 11 through PubMed and 2 through CTG. The prevalence of the evaluated features ranged from all 13 (100%) having published key registry information to 0 having a research contract template. We analyzed 6 data dictionaries and identified 14 CDEs that were present in at least 4 of 6 (66.7%) registry data dictionaries. CONCLUSION: The importance of registries as platforms for research data is growing and the presence of certain features, including data dictionaries, contributes to the reuse and secondary research capabilities of a registry. We found some features such as collaboration policies were in the majority of registries while others such as, ethical support, were in a few and are more for future development."
S200,,Clinical Research Informatics Contributions from 2015.,"OBJECTIVES: To summarize key contributions to current research in the field of Clinical Research Informatics (CRI) and to select best papers published in 2015. METHOD: A bibliographic search using a combination of MeSH and free terms search over PubMed on Clinical Research Informatics (CRI) was performed followed by a double-blind review in order to select a list of candidate best papers to be then peer-reviewed by external reviewers. A consensus meeting between the two section editors and the editorial team was finally organized to conclude on the selection of best papers. RESULTS: Among the 579 returned papers published in the past year in the various areas of Clinical Research Informatics (CRI) - i) methods supporting clinical research, ii) data sharing and interoperability, iii) re-use of healthcare data for research, iv) patient recruitment and engagement, v) data privacy, security and regulatory issues and vi) policy and perspectives - the full review process selected four best papers. The first selected paper evaluates the capability of the Clinical Data Interchange Standards Consortium (CDISC) Operational Data Model (ODM) to support the representation of case report forms (in both the design stage and with patient level data) during a complete clinical study lifecycle. The second selected paper describes a prototype for secondary use of electronic health records data captured in non-standardized text. The third selected paper presents a privacy preserving electronic health record linkage tool and the last selected paper describes how big data use in US relies on access to health information governed by varying and often misunderstood legal requirements and ethical considerations. CONCLUSIONS: A major trend in the 2015 publications is the analysis of observationa"
