pmcid,pmid,year,journal,pubtypes,labels,topic_datashare,retrieved,full_text,route,statement
PMC10002660,36909550,2024,bioRxiv : the preprint server for biology,Preprint;Journal Article,metares,0,1,1,back-sec-type,Data AvailabilityAll underlying data for figures are available at github.com/amarallab/fmug_analysis.
PMC10004297,36820779,2023,Revista da Associacao Medica Brasileira (1992),Journal Article;Review,metares,0,1,1,none,
PMC10012585,36918987,2023,Trials,Letter,metares;reg,0,1,1,back-notes-type,Availability of data and materialsNot applicable.
PMC10013742,36848569,2023,Proceedings of the National Academy of Sciences of the United States of America,"Journal Article;Research Support, Non-U.S. Gov't",biblio;metares,0,1,1,back-sec-type,"Data, Materials, and Software AvailabilityWe used the bibliometric data through the German Competence Centre for Bibliometrics (Kompetenzzentrum Bibliometrie, grant number 16WIK2101A, https://bibliometrie.info/) and the access they granted to the Max Planck Digital Library. Sharing the individual-level original raw data with third parties is against the data usage agreement. We curated an anonymized, aggregate version of the data, that removes the commercial value of the data but maintains its scientific value. Scripts and data which allow for replication of our analysis are publicly accessible on GitHub under https://github.com/zxy919781142/A-gender-perspective-on-the-global-migration-of-scholars."
PMC10014247,36938532,2023,Royal Society open science,Journal Article,metares;repro,0,1,1,back-sec-type,Data accessibilityThis article has no additional data.
PMC10027979,36941520,2023,Progress in orthodontics,Journal Article;Review,metares;peerrev;report,0,1,1,back-notes-type,Availability of data and materialsThe datasets and spreadsheets related to this manuscript can be obtained from the corresponding author upon reasonable request.
PMC10046305,36979202,2023,Brain sciences,Journal Article,metares,0,1,1,back-notes-type,Data Availability StatementNot applicable to this type of paper.
PMC10068789,36940343,2023,Proceedings of the National Academy of Sciences of the United States of America,"Journal Article;Research Support, Non-U.S. Gov't",biblio;metares;peerrev,0,1,1,back-sec-type,"Data, Materials, and Software AvailabilityAnonymized data and computer code required to reproduce the findings have been deposited in Zenodo, https://doi.org/10.5281/zenodo.7058226."
PMC10071700,37013585,2023,BMC biology,"Journal Article;Research Support, Non-U.S. Gov't",datashare;metares;reg;repro;stats,1,1,1,back-notes-type,Availability of data and materialsThe relevant data and code that reproduce the results of this registered report are available at GitHub Repository (https://github.com/Yefeng0920/EcoEvo_PB) and Zenodo (Yefeng0920/EcoEvo_PB: Registered Report - publicaiton bias in Eco & Evo. DOI: 10.5281/zenodo.7762126).
PMC10086297,36600446,2022,BMJ evidence-based medicine,Review;Journal Article,biblio;metares;oa;report;repro,0,1,1,back-sec-type,"Data availability statementData are available in a public, open access repository. The data are available via the University of Bristol online data repository athttps://doi.org/10.5523/bris.2voc5xy13adqs2rimeateez14yand at https://codeocean.com/capsule/1654662/tree/v1."
PMC10087835,35838202,2022,International journal of paediatric dentistry,Randomized Controlled Trial;Journal Article,metares;reg,0,1,1,back-sec-type,DATA AVAILABILITY STATEMENTThe data that supports the findings of this study are available in the supplementary material of this article
PMC10089067,36627249,2023,American journal of epidemiology,"Journal Article;Research Support, N.I.H., Extramural",metares;reg;repro,0,1,1,none,
PMC10089822,37101975,2023,Scientometrics,Journal Article,coi;metares,0,1,1,back-notes-type,Data availabilityThe data on the prolific authors can be provided by the author upon request.
PMC10089973,36585905,2022,Journal of the American Geriatrics Society,"Journal Article;Research Support, N.I.H., Extramural",metares,0,1,1,none,
PMC10111574,36940953,2023,BMJ open,Journal Article;Published Erratum,metares,0,1,0,none,
PMC10120256,37081403,2023,BMC medical research methodology,"Journal Article;Research Support, Non-U.S. Gov't",metares;reg,0,1,1,back-notes-type,Data AvailabilityThe datasets analysed during this study are available from the corresponding author on reasonable request.
PMC10131600,36951931,2023,JMIR research protocols,Journal Article,metares;report;repro,0,1,1,back-sec-type,"Data AvailabilityData will be maintained in .csv, .txt, .ris, .docx, and .pdf format for storage for the period of the study and beyond. Extracted data will be deposited in digital open access repositories, such as UK Data Service or Oxford Research Archive."
PMC10131812,36995753,2023,Journal of medical Internet research,Randomized Controlled Trial;Journal Article,metares;reg,0,1,1,none,
PMC10142526,37109373,2023,Journal of clinical medicine,Journal Article;Review,metares;reg;report,0,1,1,back-notes-type,Data Availability StatementAuthors can confirm that all relevant data are available in the article’s Supplementary Materials and on request from the corresponding authors.
PMC10161412,37143091,2023,"Critical care (London, England)",Journal Article;Meta-Analysis,metares,0,1,1,back-notes-type,Availability of data and materialsAvailable upon request for academic researchers.
PMC10168693,36892457,2023,eLife,"Systematic Review;Journal Article;Research Support, Non-U.S. Gov't",metares;repro,0,1,1,back-sec-type,"Data availabilityThe protocol for the effect size comparison was developed a priori and posted on Open Science Framework (https://osf.io/awvs9/).Supplementary documents contains the search strategies, risk of bias assessments, reporting checklists, quality scores, effect sizes, effect size ratios, and standardized mean differences to generate the figures and tables.The following previously published dataset was used: LaluM HunnifordV 2020Study Protocol: Quantitative comparison between the effect sizes of preclinical multicenter studies and single center studiesOpen Science Frameworkawvs9"
PMC10169719,37181628,2023,Frontiers in aging neuroscience,Systematic Review;Journal Article,metares;reg,0,1,1,none,
PMC10180607,37173564,2023,Canadian journal of anaesthesia = Journal canadien d'anesthesie,Journal Article;Review,metares,0,1,1,none,
PMC10192944,37224325,2023,F1000Research,"Journal Article;Research Support, Non-U.S. Gov't",metares,0,1,1,none,
PMC10199475,37208660,2023,BMC medical ethics,Journal Article,coi;metares,0,1,1,back-notes-type,Availability of data and materialsAll data generated or analysed during this study are included in this published article [and its supplementary information files]. The dataset (Additional file 1: Dataset) can be accessed in a non-proprietary format. The dataset includes funding information and DELBI ratings for all CPGs that were analysed in this study.
PMC10201822,36940903,2023,"Advances in nutrition (Bethesda, Md.)","Systematic Review;Journal Article;Research Support, Non-U.S. Gov't",metares;report,0,1,1,back-sec-title,Data availabilityThe MEDLINE search strategy and a table of characteristics of included studies has been made available in the Supplementary Data. Search strategies for additional databases can be obtained by contacting the corresponding author Dr. Micaela Karlsen.
PMC10235093,37264014,2023,Scientific data,Dataset;Journal Article,datashare;metares;repro,1,1,1,back-notes-type,"Code availabilityThe source code for data selection and curation, data linkage, and metrics calculation is available at https://github.com/kellogg-cssi/SciSciNet."
PMC10245199,37293356,2023,Royal Society open science,Journal Article,biblio;metares,0,1,1,back-sec-type,Data accessibilityAuthor contributorship information and coding used to produce figure 1 are available at: https://osf.io/2p4ct/.The data are provided in electronic supplementary material [70].
PMC10245209,37293358,2023,Royal Society open science,Journal Article,metares;repro,0,1,1,back-sec-type,"Data accessibilityData (processed), code and materials: Open Science Framework, accession number pj3v8 (https://osf.io/pj3v8). Pre-registration: Open Science Framework, Project, Registration created August 21, 2019, accession number 5rj76 (https://osf.io/5rj76). Participant training materials for the broader repliCATS project: Open Science Framework, accession number a89nc (https://osf.io/a89nc/). Additional analyses and materials supporting this article have been uploaded as part of the electronic supplementary material [58]."
PMC10250579,37304064,2023,"Mayo Clinic proceedings. Innovations, quality & outcomes",Journal Article,metares;reg,0,1,1,none,
PMC10251147,37305803,2023,MethodsX,Journal Article,metares;stats,0,1,1,back-sec-type,Data availability No data was used for the research described in the article.
PMC10259619,37312802,2023,Journal of the Medical Library Association : JMLA,Journal Article;Consensus Statement,metares;repro,0,1,1,back-sec-type,DATA AVAILABILITY STATEMENTData associated with this article are available in the Open Science Framework at https://osf.io/dujqe/.
PMC10265847,37316945,2023,Trials,Meta-Analysis;Systematic Review;Journal Article,metares,0,1,1,back-notes-type,Availability of data and materialsAll data generated or analysed during this study are included in this published article and its supplementary information files.
PMC10266008,37252958,2023,Proceedings of the National Academy of Sciences of the United States of America,Journal Article,metares,0,1,1,back-sec-type,"Data, Materials, and Software AvailabilityThe data and analysis code are available at the project’s OSF repository (osf.io/r6anc). The mean and standard error resulting from each experimental design for the different analytical approaches and the peer rating for each experimental design are tabulated in SI Appendix, Tables S1–S4. The PAP of the overall project, the preregistration of each experimental design, the materials submitted by RTs to collect data for each experimental design, and the individual level data for each experimental design are available at the project’s OSF repository (osf.io/r6anc). Anonymized pre-analysis plan, experimental design proposals, materials, data and codes data have been deposited in OSF Open Science Framework osf.io/r6anc."
PMC10266422,37325175,2023,International journal of public health,Journal Article;Review,metares,0,1,1,back-sec-type,"Data availability statementDatasets and primary data input studies are publicly available. These data can be found at: https://ghdx.healthdata.org/gbd-2019/data-input-sources, https://vizhub.healthdata.org/gbd-results/."
PMC10277065,37316250,2023,BMJ health & care informatics,Journal Article,metares,0,1,1,back-sec-type,Data availability statementData are available on reasonable request.
PMC10284568,37346985,2022,Journal of applied research in memory and cognition,Journal Article,metares,0,1,1,none,
PMC10311002,37397623,2023,Frontiers in big data,Journal Article,biblio;metares,0,1,1,none,
PMC10314391,37391755,2023,Trials,Journal Article,datashare;metares,1,1,1,back-notes-type,Availability of data and materialsNot applicable.
PMC10318803,37400880,2023,Systematic reviews,"Journal Article;Research Support, Non-U.S. Gov't",metares;oa;reg,0,1,1,back-notes-type,Availability of data and materialsThe dataset supporting the conclusions of this article is included within the article and its additional file.
PMC10318841,37400814,2023,BMC medicine,"Journal Article;Research Support, Non-U.S. Gov't",metares,0,1,1,back-notes-type,"Availability of data and materialsThe datasets generated and/or analyzed during the current study are available in the Open Science Framework (OSF) repository, https://osf.io/4zhsp/."
PMC10322148,37341380,2023,eLife,Journal Article;Scoping Review,metares;repro,0,1,1,back-sec-type,Data availabilityData and materials are available on the Open Science Framework (https://osf.io/wn7gm/).The following dataset was generated: CobeyKD 2022Scoping review data on reproducibility of research in a 2018-2019 multi-discipline sampleOpen Science Framework10.17605/OSF.IO/WN7GM
PMC10334349,37433624,2023,BMJ (Clinical research ed.),Meta-Analysis;Systematic Review;Journal Article,datashare;metares;oa,1,1,1,back-sec-type,"Data availability statementSummary level data and the code required to reproduce all of the findings of the review are freely available on the Open Science Framework (OSF) (doi: 10.17605/OSF.IO/U3YRP) under a Creative Commons zero version 1.0 universal (CC0 1.0) license. Harmonised versions of the 70 datasets that were originally posted publicly are also available on the OSF. However, to preserve the rights of data owners, harmonised versions of the remaining individual participant data that were shared privately with the review team will only be released with the permission of the data guarantor of the relevant meta-research study. To request harmonised individual participant data, please follow the instructions on the project’s Open Science Framework page (https://osf.io/stnk3)."
PMC10336712,37057388,2023,Medical decision making : an international journal of the Society for Medical Decision Making,"Journal Article;Research Support, Non-U.S. Gov't",metares;waste,0,1,1,none,
PMC10337867,37437027,2023,PloS one,"Journal Article;Research Support, U.S. Gov't, Non-P.H.S.",metares,0,1,1,front-notes-title,"Data AvailabilityThe dataset used for this work contains the titles, abstracts, references, and DOIs of the publications collected from Clarivate, but restrictions apply to the availability of these data. The data were used under special privileges as a part of NCSES license for the current study, and so are not publicly available. The complete dataset is however available from the authors upon reasonable request and with permission of Clarivate (can be contacted by https://clarivate.com/contact-us/). However, the dataset can be fully created by using Semantic Scholar, which is free to use, using the DOIs and titles of the seed publications used for this manuscript. The DOIs and titles are available at https://github.com/QS-2/VESPID/blob/main/seed_data/score_papers.csv."
PMC10347720,37452309,2023,Systematic reviews,Journal Article,metares,0,1,1,back-notes-type,Availability of data and materialsThe present article is a research protocol. Data will be made publicly available after the publication of the relevant research article.
PMC10349267,37455853,2023,F1000Research,"Journal Article;Research Support, Non-U.S. Gov't",metares;retract;stats,0,1,1,back-sec-type,"Data availabilityUnderlying dataOpen Science Framework: International Survey on Research Integrity (IRIS), https://doi.org/10.17605/OSF.IO/XB9RK ( Allum et al., 2022).This project contains the following underlying data: •Data file 1. (Full dataset in Stata and .csv formats)•Data file 2. (Stata replication code in .do format) Extended dataOpen Science Framework: International Survey on Research Integrity (IRIS), https://doi.org/10.17605/OSF.IO/XB9RK ( Allum et al., 2022).This project contains the following extended data: •Data file 1. (Supplementary material (SM) and D6.2 Final report and recommendations)•Data file 3. (Survey protocol, questionnaire and ethics approval) Data are available under the terms of the Creative Commons Attribution 4.0 International Licence (CC-BY-4.0)"
PMC10353842,37466498,2023,Sao Paulo medical journal = Revista paulista de medicina,Journal Article,metares;reg,0,1,1,none,
PMC10354464,37476516,2023,Royal Society open science,Journal Article;Review,metares;repro,0,1,1,back-sec-type,Data accessibilityThis article has no additional data.
PMC10360432,37474166,2023,BMJ open,Journal Article,metares;reg;report;waste,0,1,1,none,
PMC10365834,37410627,2023,eLife,Journal Article,metares,0,1,1,back-sec-type,Data availabilityAll data and materials to reproduce the meta-analysis can be found at Zenodo: https://doi.org/10.5281/zenodo.8116754.
PMC10370694,37494359,2023,PloS one,"Journal Article;Research Support, Non-U.S. Gov't",coi;datashare;metares;oa,1,1,1,front-notes-title,Data AvailabilityAll the datasets and codes generated and analysed during the current study are available on our OSF (osf.io/x3kb6) and GitHub (github.com/choxos/covid-transparency) repositories.
PMC10373676,37495391,2023,BMJ open,"Journal Article;Research Support, Non-U.S. Gov't;Clinical Trial Protocol",metares,0,1,1,none,
PMC10389356,37144675,2023,"International journal of surgery (London, England)",Journal Article,metares,0,1,1,none,
PMC10434636,,2023,European Psychiatry,abstract,coi;metares;reg,0,1,0,none,
PMC10435919,37600907,2024,F1000Research,"Journal Article;Observational Study;Research Support, Non-U.S. Gov't",metares;peerrev;reg,0,1,1,back-sec-type,Data availabilityUnderlying dataOSF: Transparency and reproducibility-related practices in empirical legal research https://osf.io/msjqf/.This project contains the following underlying data: •Raw data 1 ( https://osf.io/ktpcd) – original data•Raw data 2 ( https://osf.io/jx7fe) – replacement articles for incorrectly included articles Extended dataOSF: Transparency and reproducibility-related practices in empirical legal research https://osf.io/msjqf/.This project contains the following extended data: •W&L screened out ( https://osf.io/qf7sc) – articles from the W&L database that were screened and the reasons for that•Web of Science screened out ( https://osf.io/vbu63) – articles from the W&L database that were screened and the reasons for that•Disagreements ( https://osf.io/7q32m) – articles the coders disagreed on•table 2secondary ( https://osf.io/usfy4) – the types of secondary datasets and their frequencies•table 2special ( https://osf.io/m589c) – the types of special populations surveyed and their frequencies•tabledatahow ( https://osf.io/67t9y) – how datasets were made available and their frequencies•table_secondarySteps ( https://osf.io/xczpy) – steps authors conducting secondary data analyses took to make their data available• Table 4 - online supplement ( https://osf.io/z6tx3) – methods differences between studies in Table 4
PMC10437212,37355088,2023,Journal of dentistry,"Journal Article;Research Support, N.I.H., Extramural;Systematic Review",metares,0,1,1,none,
PMC10442263,37421568,2023,Drug safety,"Journal Article;Research Support, Non-U.S. Gov't",metares,0,1,1,back-notes-title,Availability of data and materialOur data consists of articles retrieved from Medline.
PMC10450398,37579179,2023,Proceedings of the National Academy of Sciences of the United States of America,Journal Article,biblio;metares,0,1,1,back-sec-type,"Data, Materials, and Software AvailabilityAll study data are included in the article and/or SI Appendix. The Web of Science data used in this study were obtained by one of the authors as part of the 2020 Eugene Garfield Award by Clarivate. The same data can be obtained through a subscription to Web of Science."
PMC10454650,37628456,2023,"Healthcare (Basel, Switzerland)",Journal Article,metares,0,1,1,back-notes-type,Data Availability StatementData are available upon request to the contact author.
PMC10465209,37650069,2023,Royal Society open science,Journal Article,metares;reg,0,1,1,back-sec-type,Data accessibilityThis article has no additional data.
PMC10474338,37663796,2024,Wellcome open research,Journal Article;Review,metares,0,1,1,back-sec-type,Data availabilityNo data are associated with this article.
PMC10485315,36461893,2022,International journal of methods in psychiatric research,"Journal Article;Research Support, Non-U.S. Gov't;Review",metares;report,0,1,1,back-sec-type,DATA AVAILABILITY STATEMENTAll data from the study are available in table format in the supplementary materials.
PMC10486209,37692532,2022,Proceedings of the Association for Information Science and Technology. Association for Information Science and Technology,Journal Article,metares,0,1,1,none,
PMC10510222,37726707,2023,BMC cancer,Systematic Review;Meta-Analysis;Journal Article,metares;reg,0,1,1,back-notes-type,"Availability of data and materialsAll the research data and materials in this study were obtained from publicly available sources. The following sources were used: PubMed, EMBASE, Cochrane Library, and Web of Science."
PMC10565389,37830032,2023,Royal Society open science,Journal Article,metares;reg,0,1,1,back-sec-type,"Data accessibilityData, data dictionaries, analysis script and materials related to this study are publicly available at https://osf.io/gmd3n/ [18]. The cleaned dataset used in our analyses is available at https://osf.io/vn695. The study protocol and materials were registered on 24 September 2022 at https://osf.io/g2fw5. Discrepancies between this paper and the registered protocol are outlined in electronic supplementary material A. To facilitate reproducibility, this paper was written by interleaving regular prose and analysis code using R Markdown. The relevant files are available in a Code Ocean container (https://doi.org/10.24433/CO.1558762.v1) [19] which recreates the software environment in which the original analyses were performed. This container allows this paper to be reproduced from the data and code with a single button press.Electronic supplementary material is available online [20]."
PMC10578279,37694309,2023,Journal of Parkinson's disease,Editorial,metares;repro,0,1,1,none,
PMC10582702,37860158,2023,Frontiers in research metrics and analytics,Journal Article,metares,0,1,1,none,
PMC10585133,36744373,2023,Canadian journal of psychiatry. Revue canadienne de psychiatrie,Journal Article,metares,0,1,0,none,
PMC10590516,37865743,2023,BMC medical research methodology,"Journal Article;Research Support, Non-U.S. Gov't",metares,0,1,1,back-notes-type,Availability of data and materialsAll data generated or analysed during this study are included in this published article and stored at https://osf.io/p25zy/.
PMC10590772,37867164,2023,Progress in orthodontics,Journal Article,coi;metares;waste,0,1,1,back-notes-type,Availability of data and materialsNot applicable.
PMC10593266,37881299,2022,NIHR open research,Journal Article,metares;waste,0,1,1,none,
PMC10598345,37886637,2023,Frontiers in endocrinology,"Meta-Analysis;Systematic Review;Research Support, Non-U.S. Gov't;Journal Article",metares;reg,0,1,1,none,
PMC10598368,37885781,2023,Bioinformation,Journal Article,metares,0,1,1,none,
PMC10610318,37895920,2023,"Pharmaceuticals (Basel, Switzerland)",Journal Article;Review,metares;report,0,1,1,back-notes-type,Data Availability StatementData is contained within the article and Supplementary Material.
PMC10621717,37928126,2023,Journal of the Medical Library Association : JMLA,Journal Article,metares;oa;peerrev;repro,0,1,1,none,
PMC10623542,37928808,2023,F1000Research,"Journal Article;Research Support, Non-U.S. Gov't",metares,0,1,1,none,
PMC10624422,37922198,2023,eLife,Journal Article,aitext;equity;metares;peerrev,0,1,1,back-sec-type,Data availabilityAll data are available as a source data file to this paper.
PMC10629524,37428904,2023,Proceedings of the National Academy of Sciences of the United States of America,Journal Article,metares;repro,0,1,1,back-sec-type,"Data, Materials, and Software Availabilitycsv data have been deposited in OSF (https://osf.io/8ustx/?view_only=a6e84a79e33f4a848d5ebb97d4936fc2) (12). All other data are included in the manuscript and/or SI Appendix."
PMC10645069,38026006,2023,Royal Society open science,Journal Article,metares;repro,0,1,1,back-sec-type,"Data accessibilityOur pre-registration, code and coded data are available at https://osf.io/xwn9m/.Supplementary material is available online [40]."
PMC10645365,37906614,2023,PLoS medicine,"Journal Article;Research Support, Non-U.S. Gov't",metares;reg,0,1,1,front-notes-title,Data AvailabilityThe final dataset has been posted to our Open Science Framework page (https://osf.io/e2uct/). Analysis code and original datasets are available on Github (https://github.com/Martin-R-H/InvisibleOutcomeChanges).
PMC10646728,37962883,2023,JAMA network open,Journal Article;Review,biblio;coi;datashare;metares,1,1,1,none,
PMC10661948,38025477,2023,Frontiers in psychiatry,Journal Article;Review,metares;report,0,1,1,none,
PMC10666438,37993826,2023,BMC oral health,Journal Article,metares,0,1,1,back-notes-type,Data AvailabilityRaw data generated by extractions from the included trials and all relevant data concerning SRs or RCTs included in our analyses are available in Supplementary file 4.
PMC10672058,38002645,2023,Journal of clinical medicine,Journal Article;Review,metares;peerrev;reg;report,0,1,1,none,
PMC10691329,37983494,2023,Proceedings of the National Academy of Sciences of the United States of America,"Journal Article;Research Support, Non-U.S. Gov't",biblio;metares,0,1,1,back-sec-type,"Data, Materials, and Software AvailabilityReplication data have been deposited in Github (https://github.com/qke/network-normed-c) (55). Some study data available the raw Web of Science data used in this work cannot be shared due to its proprietary nature but is available upon purchase from Clarivate Analytics at https://clarivate.com/contact-us/sales-enquiries/. Other relevant data supporting the replication of this work have been deposited at https://github.com/qke/network-normed-c (55). A Python implementation of the proposed measure is available in the pySciSci package (https://github.com/SciSciCollective/pyscisci)."
PMC10712860,38079414,2023,PloS one,"Journal Article;Research Support, Non-U.S. Gov't",equity;metares,0,1,1,front-notes-title,Data AvailabilityAll data are available from the Open Science Framework (OSF) repository (https://osf.io/c8a3t/).
PMC10715523,37586872,2023,BMJ evidence-based medicine,Journal Article;Meta-Analysis,metares;reg,0,1,1,back-sec-type,"Data availability statementData are available in a public, open access repository. The collected data and codes used for our analysis are provided in online supplemental materials (https://github.com/SatoshiFunada/2023_detection_bias)."
PMC10716103,38098785,2023,EPJ data science,Journal Article,metares,0,1,1,back-notes-type,Data availabilityData sharing is not applicable to this article as no datasets were generated or analysed during the current study.
PMC10717715,38093215,2023,BMC medical research methodology,"Journal Article;Research Support, Non-U.S. Gov't",biblio;metares;report,0,1,1,back-notes-type,Availability of data and materialsAll data generated or analysed during this study are included in this published article and its supplementary information files.
PMC10720051,38097923,2023,BMC medical research methodology,"Journal Article;Research Support, Non-U.S. Gov't;Systematic Review",metares;report,0,1,1,back-notes-type,"Availability of data and materialsThe datasets generated and analyzed during the current study are available in the GitHub repository, including raw data and Python and R scripts in our [GitHub Repository]."
PMC10731315,38126060,2023,Royal Society open science,Journal Article,metares;repro,0,1,1,back-sec-type,Data accessibilityThis article has no additional data.
PMC10731681,38124124,2023,BMC medical research methodology,Meta-Analysis;Journal Article,metares;reg;report,0,1,1,back-notes-type,Availability of data and materialsThe data that support the findings of this study are available from the Open Science Framework (OSF): https://osf.io/y9v4x/
PMC10738507,,2023,Innovation in Aging,abstract,metares,0,1,0,none,
PMC10744963,38138949,2023,Journal of personalized medicine,Journal Article,coi;metares,0,1,1,back-notes-type,Data Availability StatementData supporting the findings of this study are available from the corresponding author upon request.
PMC10759380,38166880,2024,BMC musculoskeletal disorders,Comparative Study;Journal Article;Network Meta-Analysis,metares,0,1,1,back-notes-type,Availability of data and materialsThe datasets used and/or analysed during the current study are available from the corresponding author on reasonable request.
PMC10759639,38167207,2024,Globalization and health,"Journal Article;Research Support, Non-U.S. Gov't",biblio;metares,0,1,1,back-notes-type,Availability of data and materialsAll data generated or analyzed during this study are included in this published article [and its supplementary information files].
PMC10765475,38174786,2024,The Cochrane database of systematic reviews,Comparative Study;Journal Article;Meta-Analysis,metares,0,1,0,none,
PMC10787449,38216987,2024,Systematic reviews,Journal Article,metares,0,1,1,back-notes-type,Availability of data and materialsThe exact results of this study are shown in the supplements.
PMC10793774,37800556,2024,"International journal of surgery (London, England)",Journal Article,metares,0,1,1,none,
PMC10800974,38259266,2024,Frontiers in pharmacology,Journal Article;Review,metares;reg;report,0,1,1,none,
PMC10804507,38262938,2024,BMC medical research methodology,"Journal Article;Research Support, Non-U.S. Gov't",metares;reg;waste,0,1,1,back-notes-type,Data availabilityThe datasets used and/or analysed during the current study are available from the corresponding author on reasonable request.
PMC10807142,38267888,2024,BMC medical research methodology,"Journal Article;Research Support, Non-U.S. Gov't",metares;reg,0,1,1,back-notes-type,Availability of data and materialsNot applicable.
PMC10827419,38298393,2024,Royal Society open science,Journal Article,metares,0,1,1,back-sec-type,Data accessibilityThe article's supporting data and digital research materials can be accessed on https://doi.org/10.5281/zenodo.7886776 [30]. There is also a data note publication available with a more detailed description of the dataset [29].
PMC10827424,38298396,2024,Royal Society open science,Journal Article,metares;reg;retract;waste,0,1,1,back-sec-type,Data accessibilityData and relevant code for this research work are stored in GitHub: https://github.com/drg85/SpuriousScience and have been archived within the Zenodo repository at https://zenodo.org/doi/10.5281/zenodo.10047878 [61].
PMC10829891,37562729,2023,Journal of clinical epidemiology,"Journal Article;Research Support, N.I.H., Extramural;Research Support, Non-U.S. Gov't;Research Support, U.S. Gov't, Non-P.H.S.",biblio;metares;peerrev;report,0,1,1,back-sec-type,Data AvailabilityRCT publication metadata is available at https://github.com/wmotte/RCTQuality/tree/main/data. Article-level text mining model predictions that were used in the analyses are available at https://github.com/ScienceNLP-Lab/RCT-Transparency/tree/main/ReportingQualityAnalysis.
PMC10843205,38053242,2023,Journal of the American Society of Nephrology : JASN,"Journal Article;Systematic Review;Research Support, Non-U.S. Gov't",datashare;metares;repro,1,1,0,none,
PMC10844363,38177564,2024,Diabetologia,"Meta-Analysis;Journal Article;Review;Research Support, Non-U.S. Gov't",biblio;metares,0,1,1,back-notes-title,Data availabilityThe authors confirm that the data supporting the findings of this study are available within the article and its supplementary materials. Demographic and prevalence data sourced from resources in the public domain are referenced in the ESM.
PMC10859154,38129959,2024,International journal of epidemiology,"Journal Article;Research Support, Non-U.S. Gov't",metares,0,1,1,back-sec-type,Data availabilityAll data are available in the Supplementary File (available as Supplementary data at IJE online).
PMC10859162,38129958,2024,International journal of epidemiology,"Journal Article;Scoping Review;Research Support, Non-U.S. Gov't",metares,0,1,1,back-sec-type,Data availabilityData from this review will be shared on reasonable request.
PMC10866997,38355616,2024,"Schizophrenia (Heidelberg, Germany)",Journal Article,metares,0,1,1,back-notes-type,"Data availabilityWe are planning to update this work. Thus, we do not plan to share the database used for the statistical analyses. Please contact the corresponding author if you would like to see any data that are not included in the Article or the appendix."
PMC10870617,38365600,2024,BMC medical research methodology,"Systematic Review;Journal Article;Research Support, Non-U.S. Gov't",metares;reg,0,1,1,back-notes-type,Availability of data and materialsThe datasets analysed during the current study are available in the NIHR Journals Library https://www.journalslibrary.nihr.ac.uk/#/.
PMC10871715,38284745,2024,eLife,Journal Article,metares;repro,0,1,1,back-sec-type,"Data availabilitySample R / MATLAB / OCTAVE code and functions for rapid implementation of EOI analysis method outlined, hosted online at https://github.com/drg85/EOIROAR_code (copy archived at Grimes, 2023). Web implementation is available at: https://drg85.shinyapps.io/EOIROAR/. All data is available in the paper and on GitHub."
PMC10874502,38096378,2023,Journal of proteome research,"Journal Article;Review;Research Support, N.I.H., Extramural",metares,0,1,1,none,
PMC10882483,38389732,2022,Infant and child development,Journal Article,biblio;metares,0,1,1,back-sec-type,"DATA AVAILABILITY STATEMENTIn addition to providing a dataset of the 90 biomarkers for each of the 20 years (https://osf.io/ksj2n/?view_only= 5eea3aeaf3b541dba289f226c026c63e), DOI 10.17605/OSF.IO/KSJ2N, we created a visualization tool for charting the trends within developmental science research (https://hypecurve.shinyapps.io/hypecurve/)."
PMC10905014,38434651,2023,F1000Research,Journal Article,metares;repro;stats,0,1,1,back-sec-type,"Data availabilityUnderlying dataFigshare: Poor statistical reporting, inadequate data presentation and spin persist despite Journal awareness and updated Information for Authors. https://doi.org/10.6084/m9.figshare.c.6920920.v1. 54 This project contains the following underlying data: - Audit results. Spreadsheet containing all audit data. Also included are summary statistics for each audit item (overall, 2019, 2020).- Extract from Information for Authors. Extract from the American Physiological Society Information for Authors. Specifically, the sections on 1) Promoting Transparent Reporting in APS Publications to Enhance Data Reproducibility; 2) Data presentation, and 3) Experimental Details to Report in Your Manuscript. Extended dataThis project contains the following extended data: - Scoring manual. Manual that explains each audit item. Key terms and the scope of each audit item are defined, and possible answers specified. Examples are also provided.- PRISMA Checklists. Completed PRISMA Checklist and PRISMA Abstract Checklist. Data are available under the terms of the https://creativecommons.org/licenses/by/4.0/Creative Commons Attribution 4.0 International license (CC-BY 4.0)."
PMC10906088,38435394,2024,Frontiers in medicine,Journal Article,metares;reg,0,1,1,none,
PMC10910963,38455944,2023,Frontiers in epidemiology,Editorial,metares,0,1,1,none,
PMC10911986,38433677,2024,"The Journal of law, medicine & ethics : a journal of the American Society of Law, Medicine & Ethics","Journal Article;Review;Research Support, Non-U.S. Gov't",metares,0,1,1,none,
PMC10925410,38464006,2024,Research square,Preprint;Journal Article,metares,0,1,1,back-sec-type,Availability of data and materialsAvailable upon reasonable request to the corresponding author.
PMC10928700,38476242,2024,Journal of clinical and translational science,Journal Article,metares,0,1,1,none,
PMC10933152,37684502,2023,"Sports medicine (Auckland, N.Z.)",Meta-Analysis;Journal Article;Review,metares;reg;stats,0,1,1,back-notes-title,Availability of Data and MaterialThe data used to inform the meta-review section are submitted as Electronic Supplementary Material.
PMC10936784,38478503,2024,PloS one,"Journal Article;Research Support, Non-U.S. Gov't",datashare;metares;repro,1,1,1,front-notes-title,Data AvailabilityThe data and code files to reproduce all results reported in this article are available on Zenodo at https://doi.org/10.5281/zenodo.8114702. The reproducibility reports created made use of data and code files shared alongside the published meta-analysis articles surveyed in this study; these data/code files are not included in the above Zenodo repository.
PMC10938677,38486299,2024,Trials,Clinical Trial Protocol;Journal Article,metares;reg,0,1,1,back-notes-type,"Availability of data and materialsThe datasets generated and analyzed during the current study, which includes both the publicly available and the manually extracted data, are available in the Open Science Framework repository, https://osf.io/rvq53. The code underlying the analyses of the current study is available via the online repository Codeberg, https://codeberg.org/bgcarlisle/RetroProspectiveCTR."
PMC10938939,38112680,2023,European journal of physical and rehabilitation medicine,Observational Study;Journal Article,metares,0,1,1,none,
PMC10938941,38088137,2023,European journal of physical and rehabilitation medicine,Journal Article,metares,0,1,1,none,
PMC10943289,37985301,2023,Anais brasileiros de dermatologia,Journal Article,metares,0,1,1,none,
PMC10945599,38240745,2024,eLife,Journal Article,metares,0,1,1,back-sec-type,Data availabilityAll data generated or analyzed during this study are included in the manuscript and supporting files.The following dataset was generated: SolisC 2023chsolis/K99toR00SankeyNetwork2007-2022: K99 to R00 Sankey Network App v1.0Zenodo10.5281/zenodo.10005359 The following previously published dataset was used: WapmanKH ZhangS ClausetA LarremoreD 2022Quantifying hierarchy and dynamics in U.S. faculty hiring and retentionZenodo10.5281/zenodo.6941651PMC953476536131023
PMC10946148,38500200,2024,Systematic reviews,Journal Article;Systematic Review,equity;metares;report,0,1,1,back-notes-type,"Availability of data and materialsThe datasets generated and/or analysed during the current study are available in the searchRxiv, CABI International, Repository, 10.1079/searchRxiv.2023.00235, 10.1079/searchRxiv.2023.00236 [25, 26]."
PMC10950254,38502662,2024,PloS one,"Journal Article;Research Support, Non-U.S. Gov't",metares,0,1,1,front-notes-title,Data AvailabilityAll relevant data are within the paper and its Supporting Information files.
PMC10957714,37696974,2023,European radiology,Journal Article;Systematic Review,metares,0,1,1,none,
PMC10963027,38525941,2024,eLife,Journal Article,equity;metares;peerrev,0,1,1,back-sec-type,Data availabilityAll data generated or analysed during this study are included in the manuscript and associated source data files.
PMC10977968,38546716,2024,eLife,Journal Article,metares,0,1,1,back-sec-type,"Data availabilityAll underlying data for figures are available on GitHub, (copy archived at Richardson and Stoenger, 2023). Code for the FMUG app is also available on GitHub. Details on existing datasets used in this study are available in Materials and methods."
PMC10984547,38557691,2024,PloS one,Meta-Analysis;Journal Article,metares,0,1,1,front-notes-title,Data AvailabilityData Availability: The data underlying this paper were shared on open repository: https://doi.org/10.5281/zenodo.10201400.
PMC10986953,38564513,2024,PLoS biology,"Review;Journal Article;Research Support, Non-U.S. Gov't",metares;oa,0,1,1,front-notes-title,"Data AvailabilityThe abstraction protocols, data and code for the methodological citations study and journal policy study were deposited on the Open Science Framework (RRID:SCR_003238) at https://osf.io/d2sa3/."
PMC10986997,38564591,2024,PloS one,"Journal Article;Research Support, Non-U.S. Gov't",coi;datashare;metares;oa;reg;repro,1,1,1,front-notes-title,Data AvailabilityThe analyzed information dataset to perform all analyses in the paper is available at OSF (www.doi.org/10.17605/OSF.IO/YXU9Q). Code sharing: The underlying code for this study is available on Open Science Framework and can be accessed via this link www.doi.org/10.17605/OSF.IO/YXU9Q.
PMC10993287,38584609,2023,Proceedings of the Association for Information Science and Technology. Association for Information Science and Technology,Journal Article,datashare;metares,1,1,1,none,
PMC10993725,38577577,2020,Proceedings of the Association for Information Science and Technology. Association for Information Science and Technology,Journal Article,biblio;metares,0,1,1,none,
PMC11012564,38610771,2024,Journal of clinical medicine,Journal Article,metares;report,0,1,1,back-notes-type,Data Availability StatementNot applicable.
PMC11029374,38637129,2024,BMJ open,Meta-Analysis;Journal Article,metares,0,1,1,back-sec-type,Data availability statementData are available upon reasonable request. Additional analyses included as online supplemental appendixes.
PMC11034121,38650032,2024,Journal of biomedical semantics,"Journal Article;Research Support, N.I.H., Extramural;Research Support, Non-U.S. Gov't",metares,0,1,1,back-notes-type,"Availability of data and materialsThe annotated dataset of Boguslav et al. is available at https://github.com/UCDenver-ccp/Ignorance-Question-Work-Full-Corpus. RecSOI code, as well as the related data and resources, are available at https://github.com/AdrienBibal/RecSOI. Additional papers can freely be accessed with the PubMed Entrez API, using the query “prenatal nutrition” (without quotes). To get information about the authors, their co-authors and their papers, the OpenAlex API can freely be used."
PMC11042891,38666001,2024,International journal of exercise science,Journal Article,metares;peerrev;report;repro,0,1,1,none,
PMC11053840,38668279,2024,"Pathogens (Basel, Switzerland)",Journal Article,biblio;metares;oa,0,1,1,back-notes-type,Data Availability StatementAll data are available on the Web of Science platform and in the Supplementary Materials (www.webofknowledge.com).
PMC11064813,38699572,2024,Frontiers in psychology,Journal Article;Review,metares;repro;stats,0,1,1,none,
PMC11068716,38700660,2024,Cognitive research: principles and implications,"Journal Article;Research Support, Non-U.S. Gov't",metares;repro;stats,0,1,1,back-notes-type,"Availability of data and materialsAnonymized copies of the data and materials for this study are publicly available at https://osf.io/jfkrp/. Relevant details of the materials are included in the manuscript and Additional file 1. Additionally, we report a power analysis to determine sample size, all data exclusions, all manipulations, and all measures in the study, and we follow JARS (Kazak, 2018). Data were analyzed using R, version 4.0.0 (R Core Team, 2020) and the package lme4, version 1.1–27.1 (Bates et al., 2015). This study’s design and analysis were not pre-registered."
PMC11075548,38715726,2024,PNAS nexus,Journal Article,biblio;metares,0,1,1,back-sec-type,Data AvailabilityThe referenced dataset unarXive is available at https://doi.org/10.5281/zenodo.4313164. The referenced dataset of the full texts of Nature articles is provided by Nature. The textual dataset generated during the study is provided in the Supplementary Data. The code used for this manuscript is available at https://github.com/Barabasi-Lab/hidden-citation.
PMC11078384,38718077,2024,PloS one,"Journal Article;Research Support, Non-U.S. Gov't",datashare;metares,1,1,1,front-notes-title,"Data AvailabilityThe full dataset underlying this publication and the Numbat extraction forms have been shared on Zenodo (Iarkaeva et al., 2023) and are available under DOI doi.org/10.5281/zenodo.8249758. Free text notes from extractions, which were not analyzed here, were removed from the uploaded files."
PMC11086528,38719283,2024,BMJ open,"Journal Article;Research Support, Non-U.S. Gov't",metares,0,1,1,none,
PMC11090505,38739437,2024,eLife,"Journal Article;Research Support, Non-U.S. Gov't",metares;repro,0,1,1,back-sec-type,"Data availabilityThe code and data to reproduce our analyses is openly available at https://gitlab.uzh.ch/samuel.pawel/rsAbsence. A snapshot of the repository at the time of writing is archived at https://doi.org/10.5281/zenodo.7906792 (Pawel et al., 2023b). We used the statistical programming language R version 4.3.2 (R Development Core Team, 2022) for analyses. The R packages ggplot2 (Wickham, 2016), dplyr (Wickham et al., 2022), knitr (Xie, 2022), and reporttools (Rufibach, 2009) were used for plotting, data preparation, dynamic reporting, and formatting, respectively. The data from the RPCB were obtained by downloading the files from https://github.com/mayamathur/rpcb (Mathur, 2022; commit a1e0c63) and extracting the relevant variables as indicated in the R script preprocess-rpcb-data.R which is available in our git repository. The RPP and EPRP data were obtained from the RProjects data set available in the R package ReplicationSuccess (Held, 2020), see the package documentation (https://CRAN.R-project.org/package=ReplicationSuccess) for details on data extraction.The following previously published datasets were used: PawelS HeldL 2020Data from four large-scale replication projectsZenodo10.5281/zenodo.10350448 ErringtonTM MathurM SoderbergCK DenisA PerfitoN IornsE NosekBA 2021Data from the Reproducibility Project: Cancer BiologyOpen Science Framework10.17605/OSF.IO/SQUY7"
PMC11101378,38177572,2024,European journal of epidemiology,Journal Article,metares;reg;repro,0,1,1,none,
PMC11104640,38768101,2024,PloS one,"Journal Article;Research Support, N.I.H., Extramural",metares,0,1,1,front-notes-title,"Data AvailabilityAll relevant data are within the paper and its Supporting Information files. Specifically, we are including as a Supporting Information File the data from the testing of the preliminary search strategy. We intend for this Supporting Information File to be made openly available as part of the publication of the paper."
PMC11140857,38816752,2024,Research integrity and peer review,Journal Article,metares;report,0,1,1,back-notes-type,Availability of data and materialsWe collected no personal data from the students who developed the manuscripts. We have made publicly available the censored version of all included RCT protocols and the dataset of the duplicate assessment of the SPIRIT items [23].
PMC11143950,38827987,2024,JCPP advances,Journal Article,metares;repro,0,1,1,back-sec-type,DATA AVAILABILITY STATEMENTData sharing is not applicable to this article as no new data were created or analyzed in this study.
PMC11147161,38836114,2023,The Sociological quarterly,Journal Article,metares,0,1,1,back-sec-type,"Data AvailabilityThe data generated and analyzed during this study, as well as our code, are available upon request."
PMC11152385,38546060,2024,Asian Pacific journal of cancer prevention : APJCP,Journal Article;Meta-Analysis,metares;stats,0,1,1,none,
PMC11165400,38863722,2024,Ecology and evolution,Journal Article;Review,,0,1,1,back-sec-type,DATA AVAILABILITY STATEMENTThe data and code used in this study are available on the Dryad Digital Repository (https://doi.org/10.5061/dryad.h44j0zprx).
PMC11177528,38872165,2024,BMC oral health,Journal Article,metares;reg;report,0,1,1,back-notes-type,Availability of data and materialsAll data generated or analysed during this study are included in this published article [and its Supplementary information in Appendix S5 file]
PMC11192539,38912383,2024,Perspectives of the ASHA special interest groups,Journal Article,equity;metares,0,1,1,back-sec-type,"Data Availability StatementStudy materials (e.g., coding manual and coding shell) and datasets generated and analyzed during the current study are available in the Vanderbilt University Institutional Repository, http://hdl.handle.net/1803/18059"
PMC11193208,38909176,2024,BMC medical research methodology,Journal Article;Meta-Analysis,metares;reg,0,1,1,back-notes-type,Data availabilityAll data from the included studies are publicly available.
PMC11196515,38932914,2023,Journal of diabetes and metabolic disorders,Journal Article,biblio;metares,0,1,0,none,
PMC11210760,38935698,2024,PloS one,Journal Article,metares,0,1,1,front-notes-title,"Data AvailabilityThe data for this study was obtained from published clinical guidelines, all of which are readily available and accessible. The complete list of included and excluded guidelines is provided in the supplementary material."
PMC11213976,38885376,2024,Proceedings of the National Academy of Sciences of the United States of America,Journal Article,metares,0,1,1,back-sec-type,"Data, Materials, and Software Availabilityhttps://AsPredicted.org, https://osf.io/6wgct/?view_only=53d99ec25366473e87a7fd0d1aab0fcf; SI Appendix Material, de-identified datasets, and syntax have been deposited in an OSF repository (81): https://doi.org/10.17605/OSF.IO/6WGCT."
PMC11225374,38970140,2024,Infectious diseases of poverty,Systematic Review;Journal Article;Network Meta-Analysis,metares;stats,0,1,1,back-notes-type,"Availability of data and materialsAll the data was from published journal literature in databases, such as Pubmed, Embase and Cochrane Library."
PMC11228627,38978541,2024,Forensic science international. Synergy,Journal Article;Review,metares,0,1,1,none,
PMC11229179,38978042,2024,Health research policy and systems,Journal Article,metares,0,1,1,back-notes-type,"Availability of data and materialsThe source of data and materials are mentioned in the manuscript, in support of the findings. The materials and data supporting the findings of the article is available on Surfdrive, and are available from the corresponding author, [WR], on special request."
PMC11230537,38976673,2024,PloS one,Journal Article,metares,0,1,1,front-notes-title,Data AvailabilityThe study registration is available in public repository: https://osf.io/8ns2q. All relevant data are within the paper and its Supporting Information files.
PMC11235027,39886519,2023,BMJ oncology,Journal Article,metares,0,1,1,back-sec-type,Data availability statementData are available on reasonable request.
PMC11240179,39005482,2024,"Patterns (New York, N.Y.)",Journal Article,aitext;biblio;equity;metares;retract,0,1,1,none,
PMC11251899,39021816,2024,Frontiers in medicine,Journal Article,metares,0,1,1,none,
PMC11256559,39026149,2024,BMC medical research methodology,Journal Article,metares,0,1,1,back-notes-type,Data availabilityThe datasets used and analyzed during the current study are available from the corresponding author on reasonable request.
PMC11257842,39036096,2024,Frontiers in medicine,Journal Article,metares;reg,0,1,1,none,
PMC11265885,39050728,2024,Royal Society open science,Journal Article,metares,0,1,1,back-sec-type,"Data accessibilityReaders can access the preregistration, the materials for the study, the data and the R code to conduct all analyses (including all figures) in our OSF folder at: https://osf.io/jk674/ [80].The data are provided in electronic supplementary material [81]."
PMC11271150,39071986,2024,Neurotrauma reports,Journal Article,metares;repro,0,1,1,none,
PMC11284874,39059807,2024,BMJ open,"Journal Article;Research Support, Non-U.S. Gov't",metares,0,1,1,none,
PMC11285638,39076822,2024,Royal Society open science,Journal Article,datashare;metares;repro,1,1,1,back-sec-type,"Data accessibilityAll data exclusions and measures conducted during this study are reported in this manuscript. All data, materials, and analysis scripts are publicly available on the Open Science Framework (https://osf.io/3kuwq/ [27])."
PMC11294318,39090273,2024,Insights into imaging,Journal Article,aitext;metares;report,0,1,1,back-notes-type,Data availabilityRaw data collected within the study are published on Open Science Framework (https://osf.io/tpxkn/).
PMC11302110,39107813,2024,Systematic reviews,"Journal Article;Research Support, Non-U.S. Gov't",metares;report;repro,0,1,1,none,
PMC11302703,39108487,2024,Research square,Journal Article;Preprint,metares,0,1,1,back-sec-type,Availability of data and materials:Data will be shared upon reasonable request.
PMC11317577,39078672,2024,Proceedings of the National Academy of Sciences of the United States of America,Journal Article,metares;repro,0,1,1,back-sec-type,"Data, Materials, and Software AvailabilityThe data used to estimate population, design, and analytical heterogeneity and the analysis scripts generating all results, figures, and tables reported in the main text and SI Appendix are available at the project’s OSF repository (https://osf.io/yegsx/) (115)."
PMC11322743,39139034,2024,"Journal of the Royal Society, Interface","Journal Article;Research Support, Non-U.S. Gov't",metares,0,1,1,back-sec-type,Data accessibilityThe datasets generated and/or analysed during the current study along with the essential codes are available from the Zenodo Repository [25].Supplementary material is available online [26].
PMC11323923,39149744,2024,Saudi journal of anaesthesia,Journal Article,metares,0,1,1,none,
PMC11324322,37196169,2024,Family practice,"Journal Article;Research Support, Non-U.S. Gov't",metares;report,0,1,1,back-sec-type,Data availabilityThe data underlying this article are available in the article and in its online supplementary material.
PMC11328666,38908852,2024,BMJ open,"Journal Article;Research Support, Non-U.S. Gov't",metares;reg,0,1,1,back-sec-type,Data availability statementAll data relevant to the study are included in the article or uploaded as supplementary information.
PMC11344353,39182028,2024,BMC medical research methodology,Journal Article,coi;datashare;metares,1,1,1,back-notes-type,Data availabilityThe data are available in the Open Science Framework platform.
PMC11370070,39223563,2024,BMC musculoskeletal disorders,Journal Article;Systematic Review,metares;repro,0,1,1,back-notes-type,Availability of data and materialsThe data that support the findings of this research are available upon reasonable request from the corresponding author.
PMC11380108,39240561,2024,JAMA network open,Journal Article;Systematic Review;Meta-Analysis,metares;reg,0,1,1,none,
PMC11381986,39253695,2024,Integrative medicine research,Journal Article,metares;peerrev;repro;retract,0,1,1,back-sec-type,Data availability All relevant data are included in this manuscript.
PMC11382479,39251912,2024,BMC medical research methodology,Journal Article;Systematic Review,metares;repro,0,1,1,back-notes-type,Data availabilityAll data will be made available on zenodo.org after publication of our results.
PMC11391788,39266975,2024,BMC medical research methodology,Journal Article,metares;reg;waste,0,1,1,back-notes-type,"Availability of data and materialsThe dataset(s) supporting the conclusions of this article are available in the OSF repository repository, [DOI: 10.17605/OSF.IO/4VDP3, https://osf.io/4vdp3] or are included within the article and its supplementary information files."
PMC11396362,39274394,2024,Journal of clinical medicine,Journal Article;Review,metares;report,0,1,1,back-notes-type,Data Availability StatementAvailable upon request to the corresponding author.
PMC11408022,39296115,2024,Heliyon,Journal Article,metares,0,1,1,none,
PMC11410715,39067259,2024,ESMO open,Journal Article,metares,0,1,1,none,
PMC11412973,39300204,2024,Scientific reports,Journal Article,metares,0,1,1,back-notes-type,"Data availabilityAll data analyzed during this study are publicly available via the databases referenced in the article. The main data source used in the manuscript was Scopus database, accessed via their public API: https://dev.elsevier.com/."
PMC11420151,39236231,2024,Proceedings of the National Academy of Sciences of the United States of America,Journal Article,metares;repro,0,1,1,back-sec-type,"Data, Materials, and Software AvailabilityPreviously published data were used for this work (https://github.com/nbreznau/CRI) (53). Stata code for reproducing Figure 1 can be found on our OSF project (54)."
PMC11421891,39323554,2024,Royal Society open science,Journal Article,aitext;metares,0,1,1,back-sec-type,"Data accessibilityAll data from studies 1 and 2, and scripts used for analysis and visualization are available on OSF [50]. Results of the anger expression study, including the 24 effects that are focus of this study and the forecasts from 119 researchers with domain-expertise are included in this submission as additional information, with the data available at [51].Supplementary material is available online [52]."
PMC11432730,39336933,2024,Journal of clinical medicine,Journal Article,metares,0,1,1,none,
PMC11437387,39331390,2024,JAMA network open,"Journal Article;Meta-Analysis;Research Support, Non-U.S. Gov't",metares;report,0,1,1,none,
PMC11438193,39342302,2024,Systematic reviews,"Journal Article;Research Support, Non-U.S. Gov't",biblio;metares;reg;report,0,1,1,back-notes-type,Availability of data and materialsThe datasets used and/or analyzed during the current study are available from the corresponding author on reasonable request.
PMC11443767,39350298,2024,Research integrity and peer review,Journal Article,coi;metares;oa,0,1,1,back-notes-type,Availability of data and materialsThe datasets used and/or analysed during the current study are available from the corresponding author on reasonable request.
PMC11444786,39359470,2024,Royal Society open science,Journal Article,metares;repro,0,1,1,back-sec-type,Data accessibilityThis article has no additional data.
PMC11447435,39293047,2024,JMIR research protocols,"Journal Article;Research Support, Non-U.S. Gov't",metares,0,1,1,back-sec-type,Data AvailabilityDatasets generated or analyzed during this study are available on reasonable request from the corresponding author.
PMC11506855,39456281,2024,"Foods (Basel, Switzerland)",Journal Article;Review,metares,0,1,1,back-notes-type,Data Availability StatementNo new data were created or analyzed in this study. Data sharing is not applicable to this article.
PMC11507548,39451919,2024,"Entropy (Basel, Switzerland)",Journal Article,metares;repro,0,1,1,back-notes-type,Data Availability StatementData are contained within the article.
PMC11518370,,2024,The European Journal of Public Health,abstract,metares;retract;stats,0,1,0,none,
PMC11525395,39322919,2024,Behavior research methods,Journal Article,metares;repro,0,1,1,back-notes-type,"Data availabilityAll data and materials, including our pre-registration plan, are available on the Open Science Framework (OSF) [https://osf.io/3ygua/wiki/home/]."
PMC11529075,39487397,2024,BMC medical research methodology,Journal Article,metares,0,1,1,back-notes-type,Data availabilityData are freely available from the Cochrane Collaboration but can also be provided by the corresponding author upon reasonable request.
PMC11530002,39485763,2024,PloS one,"Journal Article;Research Support, Non-U.S. Gov't",metares;report,0,1,1,front-notes-title,Data AvailabilityData cannot be shared publicly because of the study protocol.
PMC11539569,39508249,2024,Research involvement and engagement,Journal Article;Review,metares,0,1,1,back-notes-type,Data availabilityAll data generated or analyzed during this study are included in this published article and its supplementary information files.
PMC11552590,39516011,2024,RMD open,Journal Article,metares,0,1,1,back-sec-type,Data availability statementData may be obtained from a third party and are not publicly available.
PMC11562281,39370711,2024,Journal of dental research,Editorial,metares;report,0,1,1,none,
PMC11563668,39545412,2024,The Journal of clinical investigation,Journal Article,metares;repro,0,1,1,none,
PMC11569024,39559562,2023,Foundations of science,Journal Article,metares;repro,0,1,1,none,
PMC11573139,39556553,2024,PloS one,Journal Article,datashare;metares;oa,1,1,1,front-notes-title,Data AvailabilityAll the codes and data related to the study were shared via its OSF repository (https://doi.org/10.17605/OSF.IO/YMD6W) and GitHub (https://github.com/choxos/covid-fairness).
PMC11576104,39569346,2024,Royal Society open science,Journal Article,metares;peerrev,0,1,1,back-sec-type,Data accessibilityRaw data and materials that are necessary to reproduce our results as well as additional supplementary materials are available on the OSF platform [28].
PMC11580664,39575170,2024,PeerJ,Journal Article;Scoping Review,metares;report;waste,0,1,1,none,
PMC11583034,38936882,2024,The British journal of general practice : the journal of the Royal College of General Practitioners,Journal Article,metares,0,1,1,none,
PMC11587663,39587509,2024,BMC medical research methodology,Journal Article,metares;report,0,1,1,back-notes-type,Data availabilityThe data supporting the conclusions of this article are presented in the manuscript and in extending tables in the appendix (Additional File 1). All raw data is available as Excel file upon request.
PMC11590734,38375627,2024,"Diagnostic and interventional radiology (Ankara, Turkey)",Journal Article,metares;report,0,1,1,none,
PMC11602250,39582333,2024,Korean journal of orthodontics,Journal Article,metares;stats,0,1,1,none,
PMC11613474,39623370,2024,BMC medicine,"Journal Article;Meta-Analysis;Research Support, Non-U.S. Gov't",metares,0,1,1,back-notes-type,Data availabilityData is provided within the manuscript or supplementary information files.
PMC11616184,39627838,2024,Trials,Journal Article;Review,metares;reg,0,1,1,back-notes-type,"Data availabilityThe dataset supporting the conclusions of this article is available in the University of Sheffield’s repository, https://doi.org/10.15131/shef.data.23623086.v1."
PMC11627457,39367681,2024,"Acta paediatrica (Oslo, Norway : 1992)",Journal Article;Systematic Review,,0,1,1,none,
PMC11631404,39665090,2024,Royal Society open science,Published Erratum,metares,0,1,1,none,
PMC11633896,38861954,2024,Neonatology,Journal Article;Systematic Review;Meta-Analysis,metares,0,1,1,back-sec-type,Data Availability StatementAll data generated during the review process is provided in the supplementary materials. Further inquiries can be directed to the corresponding author.
PMC11639547,39630768,2024,Revista da Associacao Medica Brasileira (1992),Journal Article,metares,0,1,1,back-sec-type,DATA AVAILABILITY STATEMENTAll data are provided in the supplementary files fully available at https://github.com/rlpacheco/coi_monoclonal_antibodies-.git.
PMC11648638,39621909,2024,Proceedings of the National Academy of Sciences of the United States of America,Journal Article,metares,0,1,1,back-sec-type,"Data, Materials, and Software AvailabilityThere are no data underlying this work."
PMC11654338,39699504,2024,Brazilian dental journal,Journal Article,metares;report,0,1,1,back-sec-type,"Data sharingData, analytical code, or other materials will be shared upon request."
PMC11695018,39746037,2025,PloS one,Journal Article;Systematic Review;Meta-Analysis,metares;reg;report,0,1,1,front-notes-title,Data AvailabilityAll relevant data are within the paper and its Supporting information files.
PMC11712704,,2025,Alzheimer's & Dementia,abstract,report;repro;waste,0,1,0,none,
PMC11718832,,2024,International Journal of Technology Assessment in Health Care,abstract,metares,0,1,0,none,
PMC11718880,,2024,International Journal of Technology Assessment in Health Care,abstract,metares;report,0,1,0,none,
PMC11724997,39566201,2024,Brazilian journal of physical therapy,Journal Article;Systematic Review,metares,0,1,1,none,
PMC11730470,39810091,2025,BMC medical research methodology,Journal Article,metares,0,1,1,back-notes-type,Data availabilityThe data extraction sheet is provided as part of the additional files. The data extracted from the studies is available in an open access format with a CC BY 4.0 license here: https://doi.org/10.26068/mhhrpm/20241106-000.
PMC11738227,,2022,International Journal of Technology Assessment in Health Care,abstract,metares;oa;report,0,1,0,none,
PMC11752614,39838444,2025,BMC medicine,Journal Article;Meta-Analysis,metares,0,1,1,back-notes-type,"Data availabilityData were extracted from published studies (systematic review, randomised controlled trials and prospective cohort studies). All data generated or analysed during this study are included in this published article and its additional files. Data and codes for statistical analysis can be found under the following link: https://osf.io/j4d9n/."
PMC11781634,39883670,2025,PLoS biology,Journal Article,metares;retract,0,1,1,front-notes-title,Data AvailabilityThe full datasets are available at https://doi.org/10.17632/btchxktzyw.7.
PMC11789026,39835890,2025,Proceedings of the National Academy of Sciences of the United States of America,Journal Article,metares,0,1,1,back-sec-type,"Data, Materials, and Software AvailabilityCode for visualization and data aggregation have been deposited in GitHub (https://github.com/YueranD/Where-postdoctoral-journeys-lead). Microsoft Academic Graph was also utilized to complement our analysis (24)."
PMC11792648,38986509,2025,"Nephrology, dialysis, transplantation : official publication of the European Dialysis and Transplant Association - European Renal Association",Journal Article;Systematic Review,metares,0,1,1,back-sec-type,DATA AVAILABILITY STATEMENTThe data underlying this article will be shared on reasonable request to the corresponding author.
PMC11792771,39659153,2024,Topics in cognitive science,Journal Article;Historical Article,metares,0,1,1,none,
PMC11793921,39899788,2025,Neurology,Journal Article,biblio;metares,0,1,1,none,
PMC11793960,39904379,2025,Proceedings. Biological sciences,"Journal Article;Research Support, Non-U.S. Gov't",metares,0,1,1,back-sec-type,Data accessibilityThe dataset and analytical code are publicly available on GitHub [44] and archived on the Zenodo Digital Repository [45].Supplementary material is available online [46].
PMC11795886,40476264,2024,Cochrane evidence synthesis and methods,Journal Article,metares;report,0,1,1,back-sec-type,DATA AVAILABILITY STATEMENTThe data that support the findings of this study are available on request from the corresponding author.
PMC11795941,40474875,2024,Cochrane evidence synthesis and methods,Journal Article,metares;reg,0,1,1,back-sec-type,DATA AVAILABILITY STATEMENTThe data that support the findings of this study are available from the corresponding author upon reasonable request.
PMC11795943,40475187,2024,Cochrane evidence synthesis and methods,Journal Article,metares,0,1,1,back-sec-type,DATA AVAILABILITY STATEMENTData available on request from the authors.
PMC11795960,40474992,2023,Cochrane evidence synthesis and methods,Journal Article,datashare;metares;repro,1,1,1,back-sec-type,"DATA AVAILABILITY STATEMENTThe deidentified transcript underlying results of this study and the Microsoft PowerPoint presented at the focus group are openly available in Open Science Framework at https://osf.io/2QHVT/, Identifier: doi:10.17605/OSF.IO/2QHVT."
PMC11795971,40475809,2024,Cochrane evidence synthesis and methods,Journal Article;Review,metares;report,0,1,1,back-sec-type,"DATA AVAILABILITY STATEMENTAll data collected during the study will be available immediately following publication and with no end date, to anyone and for any purpose, on request to the corresponding author."
PMC11795979,40475182,2025,Cochrane evidence synthesis and methods,Journal Article,metares,0,1,1,back-sec-type,DATA AVAILABILITY STATEMENTThe datasets analysed during the current study are available from the corresponding author on reasonable request.
PMC11801768,39913520,2024,The Indian journal of medical research,Journal Article,metares,0,1,1,none,
PMC11804095,39915771,2025,BMC biology,Journal Article,metares;peerrev;repro;stats,0,1,1,back-notes-type,"Data availabilityAll materials and data are archived and hosted on the OSF at https://osf.io/mn5aj/, including survey instruments and analyst / reviewer consent forms. The Evolutionary Ecology Data and Ecology and Conservation Data provided to analysts are available at https://osf.io/34fzc/ and https://osf.io/t76uy/ respectively. Data has been anonymized, and the non-anonymized data is stored on the project OSF within private components accessible to the lead authors.We built an R package, ManyEcoEvo to conduct the analyses described in this study [38], which can be downloaded from https://github.com/egouldo/ManyEcoEvo/ to reproduce our analyses or replicate the analyses described here using alternate datasets. Data cleaning and preparation of analysis-data, as well as the analysis, is conducted in [87] reproducibly using the targets package [57]. This data and analysis pipeline is stored in the ManyEcoEvo package repository and its outputs are made available to users of the package when the library is loaded.The full manuscript, including further analysis and presentation of results is written in Quarto [2]. The source code to reproduce the manuscript is hosted at https://github.com/egouldo/ManyAnalysts/, and the rendered version of the source code may be viewed at https://egouldo.github.io/ManyAnalysts/. All R packages and their versions used in the production of this manuscript are listed in Appendix 1."
PMC11804648,39869810,2025,Proceedings of the National Academy of Sciences of the United States of America,Journal Article,metares;repro,0,1,1,back-sec-type,"Data, Materials, and Software AvailabilityThere are no data underlying this work."
PMC11804678,39869812,2025,Proceedings of the National Academy of Sciences of the United States of America,Journal Article,metares,0,1,1,back-sec-type,"Data, Materials, and Software AvailabilityData on the ERC Visiting Fellowship Programmes (since 2016) and data on the ERC Individual Mentoring Initiative (since 2021) can be requested from the ERCEA (Xenia.RAJEWSKY@ec.europa.eu)."
PMC11814034,39934466,2025,European journal of pediatrics,Journal Article;Meta-Analysis,metares,0,1,1,back-notes-type,Data availabilityAll extracted data available as a supplementary file.
PMC11834549,39966939,2025,Health research policy and systems,Journal Article,metares;reg,0,1,1,back-notes-type,Availability of data and materialsAll the data generated or analysed during this study are included in this published article and its supplementary information files.
PMC11835412,39968470,2024,Medical journal of the Islamic Republic of Iran,Journal Article,biblio;metares,0,1,1,none,
PMC11835977,39789271,2025,European radiology,Journal Article,metares;stats,0,1,1,none,
PMC11860366,,2024,European Psychiatry,abstract,metares;report,0,1,0,none,
PMC11861353,40012543,2025,Frontiers in surgery,Journal Article;Systematic Review,metares;reg,0,1,1,back-sec-type,"Data availability statementThe original contributions presented in the study are included in the article/Supplementary Material, further inquiries can be directed to the corresponding author."
PMC11871967,40027066,2025,Cureus,Journal Article,metares;report,0,1,1,none,
PMC11874485,39614606,2024,Assessment,Journal Article,metares;reg;repro,0,1,1,none,
PMC11877234,40032597,2025,BMJ open quality,Journal Article,metares,0,1,1,back-sec-type,Data availability statementAll data relevant to the study are included in the article or uploaded as supplementary information.
PMC11881244,40038835,2025,Research integrity and peer review,Journal Article,metares;reg;stats,0,1,1,back-notes-type,Data availabilityThe search strings and a table with extracted data for the included studies are included in the supplementary information files.
PMC11892580,39993206,2025,Proceedings of the National Academy of Sciences of the United States of America,Journal Article;Comment,metares,0,1,1,none,
PMC11897677,39998876,2025,Journal of medical Internet research,"Journal Article;Systematic Review;Research Support, Non-U.S. Gov't",metares;report,0,1,1,back-notes-type,Data AvailabilityThe datasets generated or analyzed during this study are available from the corresponding author on reasonable request.
PMC11914785,40024195,2025,Brazilian journal of physical therapy,Journal Article,metares,0,1,0,none,
PMC11917100,40102921,2025,Trials,Journal Article,metares;peerrev;report;repro,0,1,1,back-notes-type,Data availabilityThe data that support the findings of this research are available at https://osf.io/sngtq/.
PMC11919487,40109937,2025,Royal Society open science,Journal Article,metares,0,1,1,back-sec-type,"Data accessibilityAll data, R code, and materials are available at our OSF page [61]."
PMC11925299,40111967,2025,PloS one,Journal Article,metares,0,1,1,front-notes-title,"Data AvailabilityThe raw data and a reproducible R Quarto file used to produce this paper, including all tables and figures have been stored in a GitHub repository and can be accessed at https://github.com/Lee-V-Jones/Linear_Regression_Reporting_Practices."
PMC11926743,40123937,2025,Frontiers in nutrition,Journal Article;Systematic Review,metares,0,1,1,back-sec-type,Data availability statementThe datasets presented in this study can be found in online repositories. The names of the repository/repositories and accession number(s) can be found in the article/Supplementary material.
PMC11934354,40132830,2025,BMJ open,Journal Article,metares;reg;report;retract,0,1,1,back-sec-type,"Data availability statementDatasets are included in this published article, supplementary information files, or available from the OSF repository, DOI: 10.17605/OSF.IO/9VZME."
PMC11937669,40143946,2024,JHEP reports : innovation in hepatology,Journal Article,metares,0,1,1,none,
PMC11940819,40138274,2025,PloS one,Journal Article,metares;repro,0,1,1,front-notes-title,Data AvailabilityAll the data are available in https://github.com/Tatianachakravorti/ReproducibilitySurveyData.
PMC11962015,40177472,2025,Frontiers in research metrics and analytics,Journal Article,metares,0,1,1,back-sec-type,"Data availability statementThe datasets presented in this article are not readily available because none. Requests to access the datasets should be directed to Ivan David Lozada-Martinez, ilozada@cuc.edu.co."
PMC11972496,40188041,2025,BMC medical research methodology,Journal Article,metares;report;repro,0,1,1,back-notes-type,Data availabilityData is provided within the manuscript or supplementary information files.
PMC11973413,40189788,2025,Journal of evaluation in clinical practice,"Journal Article;Meta-Analysis;Research Support, Non-U.S. Gov't",metares,0,1,1,back-sec-type,Data Availability StatementData is available upon reasonable request.
PMC11981735,40207289,2025,The journal of allergy and clinical immunology. Global,Journal Article,coi;metares;oa;reg;repro,0,1,1,none,
PMC11983158,40210257,2025,BMJ (Clinical research ed.),Journal Article,metares,0,1,1,back-sec-type,"Data availability statementAll data, including the full dataset, are available from the corresponding author (alice.vanneste@kuleuven.be)."
PMC11998413,40234866,2025,BMC public health,Journal Article;Meta-Analysis,metares,0,1,1,back-notes-type,Data availabilityData is provided within the manuscript or supplementary information files. Further inquiries can be directed to the corresponding authors.
PMC12000259,39289241,2024,Psychonomic bulletin & review,Journal Article;Review,metares,0,1,1,back-notes-type,Availability of data and materialsAll data are reanalyzed from a prior work and are available online at the following link: https://osf.io/mg63r/.
PMC12001243,40241846,2025,Frontiers in cellular neuroscience,Journal Article;Review,metares,0,1,1,none,
PMC12002212,39864593,2025,The American journal of clinical nutrition,Journal Article,biblio;coi;metares;report;repro,0,1,1,none,
PMC12011897,40169510,2025,"Sports medicine (Auckland, N.Z.)",Journal Article;Review,metares,0,1,1,back-notes-title,Data availabilityNo data were used in this article.
PMC12014597,40271213,2025,Frontiers in physiology,Journal Article;Systematic Review,metares,0,1,1,back-sec-type,Data availability statementThe datasets presented in this study can be found in online repositories. The names of the repository/repositories and accession number(s) can be found in the article/Supplementary Material.
PMC12018473,40276159,2025,Frontiers in research metrics and analytics,Editorial,metares,0,1,1,none,
PMC12019511,40197516,2025,International journal of technology assessment in health care,Journal Article,metares,0,1,1,back-sec-type,Data availability statement https://doi.org/10.6084/m9.figshare.24771948.v4. Appendix 1–5: (figshare.com) DOI: 10.6084/m9.figshare.24771948.v4 A list of all 39 analyzed “full HTA” can be found in Appendix 3.
PMC12036420,40297433,2025,medRxiv : the preprint server for health sciences,Journal Article;Preprint,metares,0,1,1,none,
PMC12037000,40238453,2025,Proceedings of the National Academy of Sciences of the United States of America,Journal Article,metares;oa,0,1,1,back-sec-type,"Data, Materials, and Software AvailabilityCSV files have been deposited in Quantifying biobanks and cohort studies (34)."
PMC12037220,40297487,2025,Revista brasileira de ortopedia,Journal Article,metares;reg,0,1,1,none,
PMC12042460,40301940,2025,Research integrity and peer review,Journal Article;Review,metares;peerrev;retract,0,1,1,back-notes-type,Data availabilityThe datasets supporting the conclusions of this article are included within the article and its additional files.
PMC12043490,40313880,2025,Frontiers in nutrition,Journal Article,metares,0,1,1,none,
PMC12053813,40337188,2025,Journal of patient-centered research and reviews,Journal Article,metares,0,1,0,none,
PMC12057632,40336913,2025,Journal of multidisciplinary healthcare,Journal Article,biblio;metares;oa,0,1,1,back-sec-type,Data Sharing StatementThe dataset generated and analyzed is available and provided on request.
PMC12058270,39657246,2025,Journal of the National Cancer Institute,Journal Article,metares;reg,0,1,0,none,
PMC12066129,40347501,2025,The Indian journal of medical research,Journal Article,metares,0,1,1,none,
PMC12067809,40350190,2025,BMJ open,Journal Article,metares;reg;retract,0,1,1,back-sec-type,"Data availability statementDatasets are included in this published article, supplementary information files, or available from the OSF repository, DOI: 10.17605/OSF.IO/87UT4."
PMC12071517,40362226,2025,International journal of molecular sciences,Journal Article;Meta-Analysis;Systematic Review,metares,0,1,1,back-notes-type,Data Availability StatementThe datasets used and/or analyzed during the current study are available in this manuscript or can be requested from the corresponding author on reasonable request.
PMC12076912,40361202,2025,Research integrity and peer review,Journal Article,coi;metares;retract,0,1,1,back-notes-type,Data availabilityThe datasets used during the current study are available on the Texas Data Repository at 10.18738/T8/PICRQT.
PMC12079863,40369668,2025,Trials,Journal Article,metares;waste,0,1,1,back-notes-type,Data availability Data can be shared upon request.
PMC12087101,40390137,2025,Pilot and feasibility studies,Journal Article;Review,biblio;metares,0,1,1,back-notes-type,Data availabilityThe datasets used and/or analyzed during the current study are available from the corresponding author on reasonable request.
PMC12088789,40395701,2025,Avicenna journal of medicine,Journal Article,metares,0,1,1,none,
PMC12089682,39720839,2024,Autism : the international journal of research and practice,"Journal Article;Systematic Review;Research Support, Non-U.S. Gov't",metares;reg,0,1,1,none,
PMC12090408,40389984,2025,BMC medical ethics,Journal Article,biblio;metares;oa,0,1,1,back-notes-type,Data availabilityThe raw data collected within the study are available in a Supplementary file 1.
PMC12092015,40393036,2025,PloS one,Journal Article;Meta-Analysis,metares,0,1,1,front-notes-title,Data AvailabilityAll relevant data are within the Supporting Information files (see S1 Data).
PMC12096108,40406188,2025,Royal Society open science,Journal Article,metares;oa,0,1,1,back-sec-type,Data accessibilityAll data will be on the OSF [44].Supplementary material is available online [45].
PMC12098493,39987376,2025,Drug safety,Journal Article,biblio;metares,0,1,1,back-notes-title,Availability of data and materialsThe datasets used in this study are available on request from the corresponding author.
PMC12127067,40458446,2025,PNAS nexus,Journal Article,metares,0,1,1,back-sec-type,Data AvailabilityContains public sector information licensed under the Open Government Licence v3.0. Data and code are available at: https://qmro.qmul.ac.uk/xmlui/handle/123456789/82978.
PMC12127959,40451185,2025,JAMA oncology,Journal Article;Meta-Analysis,metares;reg,0,1,0,none,
PMC12135246,40462051,2025,BMC oral health,Journal Article;Meta-Analysis;Systematic Review,metares,0,1,1,back-notes-type,Data availabilityThe datasets used and/or analysed during the current study are available from the corresponding author on reasonable request.
PMC12139716,40487082,2025,Observational studies,Journal Article,metares;peerrev,0,1,1,none,
PMC12143635,40485924,2025,Comprehensive psychoneuroendocrinology,Journal Article,metares,0,1,1,none,
PMC12148307,40498893,2025,Revista da Associacao Medica Brasileira (1992),Editorial,metares,0,1,1,none,
PMC1215571,16166150,2005,BMJ (Clinical research ed.),Comment;Letter,metares;reg,0,1,0,none,
PMC12162794,40504403,2025,Journal of medical systems,Journal Article,aitext;metares;report,0,1,1,back-notes-type,Data AvailabilityData is provided within the manuscript or supplementary information files.
PMC12165910,40512318,2025,Nano-micro letters,Journal Article,biblio;metares,0,1,1,none,
PMC12167982,40478873,2025,Proceedings of the National Academy of Sciences of the United States of America,Journal Article,,0,1,1,back-sec-type,"Data, Materials, and Software AvailabilityCitation counts of research papers have been deposited in GitHub (https://github.com/Lsage/Cumulative-advantage/). Previously published data were used for this work (77, 78)."
PMC12182136,40541434,2025,BMJ open,Journal Article,metares;oa;report,0,1,1,none,
PMC12187396,40568558,2025,Royal Society open science,Journal Article,metares,0,1,1,back-sec-type,Data accessibilityElectronic supplementary material is accessible from OSF [129].
PMC12204445,40585158,2025,medRxiv : the preprint server for health sciences,Journal Article;Preprint,metares;oa;reg,0,1,1,back-sec-type,"Data AvailabilityQueries can be made to the free, public Trials to Publications tool without registration or login required https://arrowsmith.psych.uic.edu/cgi-bin/arrowsmith_uic/TrialPubLinking/trial_pub_link_start.cgi. Individual NCT numbers and batches of multiple numbers are both accepted."
PMC12214308,40606217,2025,Health services insights,Journal Article,biblio;equity;metares,0,1,1,none,
PMC12214412,40425483,2025,Orthopaedic surgery,Journal Article;Meta-Analysis;Systematic Review,metares,0,1,1,none,
PMC12220123,40598156,2025,BMC medicine,Journal Article,metares,0,1,1,back-notes-type,Data availabilityData is provided within the manuscript or Additional file 1.
PMC12232668,40549913,2025,Proceedings of the National Academy of Sciences of the United States of America,Journal Article,equity;metares;peerrev,0,1,1,back-sec-type,"Data, Materials, and Software AvailabilityData and SPSS syntax data have been deposited in OSF (https://osf.io/ep9cn/files/osfstorage) (26)."
PMC12256131,40628175,2025,"European journal of cancer (Oxford, England : 1990)",Journal Article,metares;repro;stats,0,1,1,back-sec-type,Data availability:The code and data for this study are included in the Supplementary Materials. The authors created a standalone web page for calculating the replication probabilities for individual phase III oncology trials of interest: https://alexandersherry.shinyapps.io/shinyapp_replication_probability/.
PMC12262331,40667081,2025,bioRxiv : the preprint server for biology,Journal Article;Preprint,metares,0,1,1,back-sec-type,Data availabilityAll codes and data that are necessary to reproduce the analysis in the manuscript will be published as a github repository upon publication.
PMC12270267,40687679,2024,Journal of open psychology data,Journal Article,metares;repro,0,1,1,none,
PMC12274873,40686691,2025,EClinicalMedicine,Journal Article,datashare;metares;reg,1,1,1,none,
PMC12282701,40696671,2025,Medicine,Journal Article,biblio;metares,0,1,1,none,
PMC12291516,40707994,2025,"Critical care (London, England)",Journal Article;Meta-Analysis,metares,0,1,1,back-notes-type,Data availabilityData available: Yes Data types: Data (not involving human participants) How to access data: geoffroy.hariri@aphp.fr. When available: With publication.
PMC12302898,40722191,2025,Systematic reviews,Journal Article;Comparative Study,metares;report,0,1,1,back-notes-type,"Data availabilityWe encourage all authors of articles published in MDPI journals to share their research data. In this section, please provide details regarding where data supporting reported results can be found, including links to publicly archived datasets analyzed or generated during the study. Where no new data were created, or where data is unavailable due to privacy or ethical restrictions, a statement is still required. Suggested Data Availability Statements are available in section “MDPI Research Data Policies” at https:((Journal Citation Reports-Journals), 5 June)."
PMC12306809,40735092,2025,ArXiv,Journal Article;Preprint,metares,0,1,1,none,
PMC12308323,40628489,2025,Proceedings. Biological sciences,Journal Article,biblio;metares,0,1,0,none,
PMC12312647,40746963,2025,Royal Society open science,Journal Article,metares;repro,0,1,1,back-sec-type,Data accessibilityRaw data is included as electronic supplementary material [34].
PMC12313818,40879280,2025,Cancer medicine,Journal Article;Meta-Analysis,metares;reg,0,1,1,back-sec-type,Data Availability StatementResearch data are stored in an institutional repository and will be shared upon reasonable request to the corresponding author.
PMC12318195,40694335,2025,Proceedings of the National Academy of Sciences of the United States of America,Journal Article,metares,0,1,1,back-sec-type,"Data, Materials, and Software AvailabilitySome study data are available. Dataset D1, a licensed research dataset from the Academic Analytics Research Center (AARC), is accessible by contacting AARC directly at https://aarcresearch.com. Datasets D2 and D3, internal human resources datasets from two U.S. R1 universities, require a data use agreement with the universities; interested researchers should contact the authors for further information. Dataset D4 is a publicly available dataset (47) hosted on Figshare at https://doi.org/10.6084/m9.figshare.c.6076908.v1. Datasets D5 and D6 are bibliometric databases from Scopus (https://www.scopus.com) and Dimensions (https://www.dimensions.ai), respectively. Dataset D7, licensed data from ProQuest (https://www.proquest.com), is accessible by contacting ProQuest directly."
PMC12320602,40180445,2025,BMJ evidence-based medicine,Journal Article,datashare;metares;oa;reg;report,1,1,1,back-sec-type,"Data availability statementData are available in a public, open access repository."
PMC12323712,40765616,2025,Frontiers in neurology,Journal Article;Systematic Review,coi;metares;oa,0,1,1,back-sec-type,Data availability statementThe datasets presented in this article are not readily available because this dataset is private and available upon request. Requests to access the datasets should be directed to gabriel.pires@unifesp.br.
PMC12326343,40767146,2025,Stress and health : journal of the International Society for the Investigation of Stress,Journal Article;Meta-Analysis;Systematic Review,,0,1,1,back-sec-type,Data Availability StatementAll data and coding schemas can be obtained by requesting them from C.K.
PMC12327621,40768479,2025,PloS one,Journal Article,metares;retract,0,1,1,front-notes-title,Data AvailabilityAll the raw data are available in pre-existing publicly available databases (https://elsevier.digitalcommonsdata.com/datasets/btchxktzyw/7 and older annual versions in same site and https://elsevier.digitalcommonsdata.com/datasets/kmyvjk3xmd/2) and in the manuscript.
PMC12336221,40792081,2025,Frontiers in psychology,Journal Article,metares;repro,0,1,1,none,
PMC12342171,40799347,2025,PNAS nexus,Journal Article,metares;repro,0,1,1,back-sec-type,"Data AvailabilityTo ensure transparency and reproducibility, the individual (primary) and summary (secondary) data of this meta-research review are openly shared at Science Data Bank repository (ScienceDB, https://www.scidb.cn/en/s/rQVNv2) under a Creative Commons universal (CC 4.0) license. Codes and statistical tools that used in this study have been freely accessed at this ScienceDB repository as well. Appraisal tools can be found at previous publications (doi:10.1016/j.jclinepi.2015.06.005 and doi:10.1186/s12916-023-02941-4)."
PMC12342510,,2025,Neuro-Oncology Advances,abstract,metares;report,0,1,0,none,
PMC12350510,40095011,2025,European radiology,Journal Article;Meta-Analysis;Systematic Review,metares;repro,0,1,1,none,
PMC12353330,40277459,2025,The Laryngoscope,"Journal Article;Research Support, N.I.H., Extramural",aitext;metares,0,1,1,none,
PMC12358675,40820674,2025,Health expectations : an international journal of public participation in health care and health policy,Journal Article,metares,0,1,1,back-sec-type,Data Availability StatementData sharing is not applicable to this article as no datasets were generated or analysed during the current study.
PMC12358853,40758886,2025,Proceedings of the National Academy of Sciences of the United States of America,Journal Article,metares;oa;retract,0,1,1,back-sec-type,"Data, Materials, and Software AvailabilityCode is available at http://github.com/amarallab/systematic_fraud (98). Code for topic analyses is available at http://github.com/amarallab/Science_fraud_topic_analysis (99). Some study data are available: All data presented in this work which is not under license from Clarivate (WoS,readers should wosg.support@clarivate.com for more details) or the PubPeer Foundation (readers should contact contact@pubpeer.com for more details) are available in SI Appendix. Historical data on indexing from Scopus (52), MEDLINE (53, 54), and OpenAlex (47) are publicly available. XML dumps from PLOS journals are publicly available (59). XML dumps from Hindawi journals were publicly available at the time of our analysis (60) but are no longer provided publicly by Wiley. Archives of the April 2, 2024, version of the dataset are available on Zenodo (https://doi.org/10.5281/zenodo.13922491) (100) and Academic Torrents (https://academictorrents.com/details/d402d0f51e2174d515b8a38d5af81478102a9f12) (101)."
PMC12362767,40838186,2025,Cochrane evidence synthesis and methods,Journal Article,,0,1,1,back-sec-type,Data Availability StatementThe data used in this manuscript are directly sourced from published Cochrane systematic reviews. They are also available from the corresponding author upon reasonable request.
PMC12373649,40842270,2025,Journal of the Royal Society of Medicine,Journal Article;Meta-Analysis,metares;stats,0,1,0,none,
PMC12378696,40873795,2025,Frontiers in medicine,Editorial,metares,0,1,1,none,
PMC12385644,40862831,2025,"Current oncology (Toronto, Ont.)",Journal Article;Systematic Review;Meta-Analysis,metares;reg,0,1,1,back-notes-type,Data Availability StatementThe data underlying this article will be shared by the corresponding author upon reasonable request.
PMC12392494,40877854,2025,"Critical care (London, England)",Journal Article,biblio;equity;metares,0,1,1,back-notes-type,Availability of data and materialsData will be available to researchers upon reasonable request immediately following publication. Proposals should be directed to the corresponding author.
PMC12395124,40895219,2025,Open research Europe,Journal Article,metares;reg,0,1,1,back-sec-type,Data availabilityNo data associated with this article.
PMC12395386,40894102,2025,Royal Society open science,Journal Article;Review,metares;repro,0,1,1,back-sec-type,"Data accessibilityAll records included (after screening) in our review are organized in a Zotero library (https://www.zotero.org/groups/5397531/reproducibilitymetrics), and the methodological papers from the literature search are included in another Zotero library (https://www.zotero.org/groups/5630395/reproducibilitymetrics_methodsscreening/library). The complete set of records screened for the methodological papers is available via https://www.zotero.org/groups/5630395/reproducibilitymetrics_methodsscreening. Data files with the data extraction of both application and methodological papers are stored on the Open Science Framework (OSF) [161]. Relevant code to produce summary statistics, figures and tables are stored in GitHub: https://github.com/rachelHey/reproducibility_metrics and has been linked within our OSF page."
PMC12398162,40883808,2025,Research integrity and peer review,Journal Article,metares;reg;report,0,1,1,back-notes-type,Data availabilityThe data supporting the findings of this study are available within the article or will be made available upon reasonable request.
PMC12402246,40676199,2025,"Eye (London, England)",Journal Article,metares;repro;stats,0,1,1,back-notes-type,"Data availabilityAll data required to replicate the study analysis are available as supplementary material. This provides researchers with a representative sample of ophthalmological randomised-control trials published over a 12-month period, for subsequent meta-research and analyses."
PMC12408927,38752984,2024,Perspectives on psychological science : a journal of the Association for Psychological Science,Journal Article,metares,0,1,1,none,
PMC12420335,,2025,European Psychiatry,abstract,metares;reg;retract,0,1,0,none,
PMC12425474,40934113,2025,eLife,Journal Article,metares,0,1,1,back-sec-type,"Data availabilityCustom code is available at Zenodo. For full details please see Materials and methods, Data and code availability.The following dataset was generated: DockèsJ OudykK VegaA TorabiM ChenA GauR KennedyD McPhersonB WangM MirhakimiM PolineJ 2025litmining/labelbuddy-annotations: Time when the data matched our 'Mining the neuroimaging literature' paperZenodo10.5281/zenodo.15225229"
PMC12432949,40951053,2025,Cureus,Journal Article,metares;reg,0,1,1,none,
PMC12442678,40969451,2025,Cochrane evidence synthesis and methods,Journal Article;Review,metares,0,1,1,back-sec-type,DATA AVAILABILITY STATEMENTThe datasets during and/or analyzed during the current study available from the corresponding author on reasonable request.
PMC12451481,40374523,2025,Conservation biology : the journal of the Society for Conservation Biology,"Journal Article;Research Support, Non-U.S. Gov't",metares,0,1,1,none,
PMC12452000,40976805,2025,Research integrity and peer review,Journal Article,biblio;coi;datashare;metares;report;repro;retract,1,1,1,back-notes-type,Data availabilityAll data generated or analysed during this study are included in this published article [and its supplementary information files].
PMC12464574,41017903,2025,Interface focus,Journal Article,metares,0,1,1,back-sec-type,Data accessibilityAll data and code are publicly available and archived at OSF [11].
PMC12465600,41013569,2025,Health research policy and systems,Journal Article,metares,0,1,1,back-notes-type,"Data availabilityThe data that support the findings of this study are available from the research team, but restrictions apply to the availability of these data, which were used under license for the current study, and so are not publicly available. Data are however available from the authors upon reasonable request and with permission of study participants."
PMC12484481,40770172,2025,Pain and therapy,Journal Article,metares;report,0,1,1,back-notes-type,"Data AvailabilityOur data are accessible on OSF throughout the repository’s lifecycle at https://osf.io/c3tjv/, or alternatively, it can be obtained by making a request."
PMC12490803,41032647,2025,Journal of empirical research on human research ethics : JERHRE,Journal Article;Scoping Review,metares,0,1,1,none,
PMC12492066,40116276,2025,The British journal of psychiatry : the journal of mental science,Systematic Review;Journal Article,metares,0,1,1,back-sec-type,Data availabilityQualitative and quantitative extracted data will be shared on reasonable request to the corresponding author.
PMC12501581,41064702,2025,F1000Research,Journal Article,aitext;metares;repro,0,1,1,back-sec-type,"Data availabilityOpen Science Framework: Reproducibility Hackathon 2024. https://doi.org/10.17605/OSF.IO/AQ69R. 39 The project contains the following underlying data: •All original documents and materials prepared and produced from the event. Data are available under the terms of the Creative Commons Attribution 4.0 International license (CC-BY 4.0).Harvard Dataverse: Replication Data for: Historiography’s Two Voices: Data Infrastructure and History at Scale in the Oxford Dictionary of National Biography (ODNB). https://doi.org/10.7910/DVN/D3KFLP. 40 The project contains the following underlying data: •All data and code supporting the original work that was the focus of the hackathon. Data are available under the terms of the Creative Commons 1.0 Universal Dead (CC0 1.0)Code Ocean: Replication Data for: Historiography’s Two Voices: Data Infrastructure and History at Scale in the Oxford Dictionary of National Biography (ODNB) (Version 1). https://doi.org/10.24433/CO.6313661.v1. 35 The project contains the following underlying data: •All data, code, and software environment details supporting the original work that was the focus of the hackathon. Data and code are available under the terms of the Creative Commons CC0 licenses with no rights reserved.Code Ocean: Replication Data for: Historiography’s Two Voices: Data Infrastructure and History at Scale in the Oxford Dictionary of National Biography (ODNB) (Version 2). https://doi.org/10.24433/CO.6313661.v2. 43 The project contains the following underlying data: •All data, code, and software environment details supporting the original work that was the focus of the hackathon as well as appended code that adapts Figures 28 and 29 from the original study. Data and code are available under the terms of the Creative Commons CC0 1.0 licenses with no rights reserved."
PMC12502005,41063885,2025,Cureus,Journal Article,metares,0,1,1,none,
PMC12519080,41021802,2025,Proceedings of the National Academy of Sciences of the United States of America,Journal Article,metares,0,1,1,back-sec-type,"Data, Materials, and Software AvailabilityData and code for reproducing the main results data have been deposited in GitHub (https://github.com/ChaolinTian/innovative-distinctions-of-prizewinners-and-their-networks) (38)."
PMC12521170,41103732,2025,Frontiers in psychiatry,Journal Article,metares,0,1,1,none,
PMC12542254,41126053,2025,BMC medical research methodology,Journal Article;Meta-Analysis,metares;report;repro,0,1,1,back-notes-type,Data availabilityRaw data collected during the study were published on OSF (link: https://osf.io/huv7q/files/osfstorage).
PMC12552206,41136721,2025,Cognitive research: principles and implications,"Journal Article;Research Support, U.S. Gov't, Non-P.H.S.",metares,0,1,1,none,
PMC12562089,41153977,2025,Animals : an open access journal from MDPI,Journal Article,biblio;metares,0,1,1,back-notes-type,Data Availability StatementAll data are available on the Web of Science platform and in the Supplementary Materials.
PMC12567093,41164334,2025,Royal Society open science,Journal Article,datashare;metares;reg;repro,1,1,1,back-sec-type,"Data accessibilityThis study applied Open Science practices: All materials (including coding scheme and variable list) are available from https://osf.io/he7rs/overview. The data and analysis codes are also available from https://osf.io/he7rs/overview. The study was preregistered at https://osf.io/zghne.The supplementary material, where we report minor deviations from the preregistration, are available from https://osf.io/he7rs/files/g48jz.Supplementary material is available online [52]."
PMC12574439,42261103,2025,BMJ open,Journal Article,metares;report,0,1,1,none,
PMC12575190,41179750,2025,Frontiers in public health,Journal Article,metares,0,1,1,back-sec-type,"Data availability statementThe original contributions presented in the study are included in the article/Supplementary material, further inquiries can be directed to the corresponding author."
PMC12575304,41181096,2025,Frontiers in immunology,Journal Article;Meta-Analysis;Systematic Review,metares;reg,0,1,1,none,
PMC12577910,41180772,2025,Annals of medicine and surgery (2012),Journal Article,metares,0,1,1,back-sec-type,Data availability statementData sharing is not applicable to this article as no new data were created or analyzed in this study.
PMC12583306,41184520,2025,Bulletin of mathematical biology,Journal Article,biblio;metares,0,1,1,back-notes-type,Data AvailabilityThe code used in this study is available on the public GitHub repository https://github.com/KiraPugh/Bibliometric_Study_Mathematical_Oncology. Data included in this study are mainly derived from the Web of Science (Clarivate); and partly from Scopus (Elsevier).
PMC12600059,41213159,2025,Statistics in medicine,Journal Article,metares,0,1,1,back-sec-type,Data Availability StatementThe data that supports the findings of this study is available in the Supporting Information of this article.
PMC12613592,41233729,2025,BMC medical research methodology,Journal Article,metares;repro;stats,0,1,1,back-notes-type,Data availabilityNo datasets were generated or analysed during the current study. Sample Monte Carlo Code is available at https://github.com/drg85/PromDic.
PMC12615057,41236284,2025,Dermatology practical & conceptual,Journal Article;Review,metares;report,0,1,1,none,
PMC12621523,41626905,2025,Research synthesis methods,Journal Article,biblio;metares;report,0,1,1,back-sec-type,Data availability statementThe data that support the findings of this study are available from the corresponding author upon reasonable request.
PMC12625687,41253425,2025,BMJ (Clinical research ed.),Journal Article;Meta-Analysis;Comparative Study,metares,0,1,1,back-sec-type,"Data availability statementAll data relevant to the study are included in the article, its supplementary materials, or the original publications, with data and code additionally available in an open access repository (https://osf.io/xrmtc/)."
PMC12628270,41268565,2025,Journal of bone and joint infection,Journal Article,metares,0,1,1,back-sec-type,Data availabilityNo data sets were used in this article.
PMC12641146,41292563,2025,Health science reports,Journal Article,metares;peerrev;report;repro,0,1,1,back-sec-type,"Data Availability StatementAs this article is a conceptual proposal, no new data were generated or analyzed in support of this study."
PMC12644166,41286207,2025,Behavior research methods,Journal Article,metares,0,1,1,back-notes-type,"Data availabilityWe did not create any new data, but used publicly available data from Many Labs 1 (https://osf.io/wx7ck/) and Many Labs 2 (https://osf.io/8cd4r/), which we sourced from a repository created by our project group (https://osf.io/g2fzq/)."
PMC12652975,41302260,2025,"Healthcare (Basel, Switzerland)",Journal Article,metares;reg;report;repro,0,1,1,back-notes-type,Data Availability StatementSupporting Data is available in the Supplementary Materials.
PMC12657652,41626984,2025,Research synthesis methods,Journal Article,metares,0,1,1,back-sec-type,Data availability statementThe extracted data are available at https://osf.io/n2x9r.
PMC12662624,41322874,2025,Cureus,Journal Article;Review,biblio;metares;report,0,1,1,none,
PMC12676876,41339872,2025,BMC medicine,Journal Article,metares;peerrev;retract,0,1,1,back-notes-type,Data availabilityData and code to reproduce the analysis are available on the Open Science Framework ([https://osf.io/pa9fq/files/osfstorage](https:/osf.io/pa9fq/files/osfstorage) (10)). EPARs used for the study are cited via the EMA link.
PMC12677328,40997084,2025,Anesthesiology,Journal Article;Meta-Analysis,metares;report;stats,0,1,1,none,
PMC12682185,41338635,2025,BMJ open,Journal Article,metares,0,1,1,none,
PMC12684188,41368128,2025,BMJ medicine,Journal Article,metares;repro,0,1,1,back-sec-type,"Data availability statementData are available in a public, open access repository."
PMC12693178,41375854,2025,Journal of clinical medicine,Journal Article,metares;report;repro,0,1,1,back-notes-type,Data Availability StatementThe original contributions presented in the study are included in the article. Further inquiries can be directed to the corresponding authors.
PMC12695025,41370355,2025,eLife,Journal Article,metares,0,1,1,back-sec-type,Data availabilityAll data generated during this research has been made available within the manuscript or via the supplementary information.
PMC12699925,41382158,2025,Research integrity and peer review,Journal Article,metares;stats,0,1,1,back-notes-type,Data availabilityThe raw data used in this study is confidential and cannot be shared publicly. Access may be granted under specific circumstances and will require approval from METC LDD.
PMC12708511,41415917,2025,"Frontiers in pain research (Lausanne, Switzerland)",Journal Article;Systematic Review,metares;reg;report,0,1,1,back-sec-type,Data availability statementThe datasets presented in this study can be found in online repositories. The names of the repository/repositories and accession number(s) can be found in the article/Supplementary Material.
PMC12726823,41432059,2025,eLife,Journal Article,metares;peerrev;retract,0,1,1,back-sec-type,"Data availabilityAll raw and analysis data used in this article are openly available here: https://github.com/agbarnett/cited_reviewers, copy archived at Barnett, 2025b."
PMC12726841,41417021,2026,Revista medica del Instituto Mexicano del Seguro Social,English Abstract;Journal Article;Observational Study,metares,0,1,1,none,
PMC12735231,41440531,2025,"Medical sciences (Basel, Switzerland)",Journal Article;Observational Study,metares;peerrev;reg,0,1,1,back-notes-type,Data Availability StatementThe data presented in this study are openly available at Open Science Framework website: https://osf.io/fqad7/?view_only=976e69bdb7a14722befb3d22ae1fd1e1 (accessed on 30 September 2025).
PMC12748294,41476612,2025,Theory and society,Journal Article,metares,0,1,1,back-notes-type,Data availabilityAll data and code associated with this project are openly available at the following public repository: https://github.com/CalvinIsch/Reflections-on-AC.
PMC12750758,41469052,2025,BMJ open,Journal Article,metares,0,1,1,back-sec-type,Data availability statementAll data relevant to the study are included in the article or uploaded as supplementary information.
PMC12768718,,2025,International Journal of Technology Assessment in Health Care,abstract,metares,0,1,0,none,
PMC12768914,41503181,2025,Kidney medicine,Journal Article,metares;reg;report,0,1,1,none,
PMC12775159,41509626,2025,Cardiovascular diagnosis and therapy,Journal Article;Review,metares;reg,0,1,1,none,
PMC12783942,41508740,2026,Journal of evaluation in clinical practice,"Journal Article;Meta-Analysis;Research Support, Non-U.S. Gov't",metares;reg,0,1,1,back-sec-type,Data Availability StatementData sharing not applicable to this article as no datasets were generated or analysed during the current study.
PMC12788167,41467479,2025,"PM & R : the journal of injury, function, and rehabilitation","Journal Article;Meta-Analysis;Review;Research Support, N.I.H., Extramural",metares,0,1,1,back-sec-type,DATA AVAILABILITY STATEMENTThe data that supports the findings of this study are available in the supplementary material of this article.
PMC12792148,,2026,Open Forum Infectious Diseases,abstract,metares;report,0,1,0,none,
PMC12813109,41560749,2026,Frontiers in pharmacology,Journal Article,metares;report;repro,0,1,1,back-sec-type,"Data availability statementThe original contributions presented in the study are included in the article/Supplementary Material, further inquiries can be directed to the corresponding authors."
PMC12817273,41082697,2025,Neurology,Journal Article,metares;reg;stats,0,1,0,none,
PMC12819244,41574368,2026,Frontiers in medicine,Journal Article,metares;repro,0,1,1,back-sec-type,"Data availability statementThe datasets presented in this article are not readily available because the datasets generated and/or analyzed during the current study, including presentation slides and collaborative workshop notes, contain identifiable project-level information from multiple research consortia and are not publicly available due to confidentiality agreements. De-identified summaries of the themes and findings derived from the workshop discussions are available from the corresponding author upon request. Requests to access the datasets should be directed to sophia.rotter@charite.de."
PMC12819542,41402530,2025,Animal cognition,Journal Article;Review,metares;repro,0,1,1,back-notes-type,Data availabilityNo datasets were generated or analysed during the current study.
PMC12825961,41408697,2025,Development and psychopathology,Journal Article,metares,0,1,1,back-sec-type,Data availability statementThere are no data used in this paper.
PMC12826758,41379741,2025,Neonatology,Journal Article;Systematic Review,metares,0,1,1,back-sec-type,Data Availability StatementAll data generated during the review process and extracted from the included reviews are provided in Open Science Framework freely.
PMC12833040,41602727,2026,Frontiers in psychology,Journal Article,metares,0,1,1,back-sec-type,"Data availability statementThe original contributions presented in the study are included in the article/Supplementary material, further inquiries can be directed to the corresponding authors."
PMC12849313,41454224,2025,BMC medical research methodology,Journal Article,aitext;biblio;metares,0,1,1,back-notes-type,Data availabilityData generated or analyzed in this study are included in the published article and its supplementary information files are available at https://github.com/JUFALC/Neurosyphilis-network/tree/main.
PMC12859532,41618646,2026,"European journal of pain (London, England)",Journal Article;Meta-Analysis,coi;metares;reg;stats,0,1,1,none,
PMC12861584,40706731,2025,Clinical gastroenterology and hepatology : the official clinical practice journal of the American Gastroenterological Association,Journal Article,metares,0,1,1,none,
PMC12873610,41635942,2025,Research synthesis methods,Journal Article,aitext;metares;repro,0,1,1,back-sec-type,"Data availability statementAll code and data can be openly found at the following registry: https://gitlab.unige.ch/trial_integrity/llm_majority_public, and at the Zenodo repository https://doi.org/10.5281/zenodo.15829040.50"
PMC12873615,41635949,2025,Research synthesis methods,Journal Article,metares;report;repro,0,1,1,back-sec-type,"Data availability statementThe protocol for this study was prospectively registered, and it is publicly available at https://doi.org/10.1101/2023.06.16.23291488.17All the supporting data related to this study are publicly available at https://osf.io/hbf5j/.53"
PMC12874346,41660363,2026,EClinicalMedicine,Journal Article,metares,0,1,1,none,
PMC12882696,41653086,2026,Cancer,Journal Article;Meta-Analysis,metares,0,1,1,back-sec-type,DATA AVAILABILITY STATEMENTResearch data are stored in an institutional repository and will be shared upon reasonable request to the corresponding author.
PMC12883120,41648981,2025,The Indian journal of medical research,Editorial,metares,0,1,1,none,
PMC12890942,41632849,2026,Proceedings of the National Academy of Sciences of the United States of America,Journal Article,metares;peerrev;retract,0,1,1,back-sec-type,"Data, Materials, and Software AvailabilityThere are no data underlying this work."
PMC12893637,41601378,2026,JBI evidence synthesis,"Journal Article;Evidence Synthesis;Research Support, Non-U.S. Gov't",metares;report,0,1,1,back-sec-type,Data availability.The supplementary materials are available at https://osf.io/ftgrn/.
PMC12894648,41671109,2026,Journal of evidence-based integrative medicine,Journal Article;Meta-Analysis,metares,0,1,1,none,
PMC12895702,41547784,2026,BMC medical research methodology,Journal Article;Scoping Review,metares;reg,0,1,1,back-notes-type,Data availabilityThe data sets used and/or analyzed during the study are available from the corresponding author on request.
PMC12904089,41695586,2026,Cochrane evidence synthesis and methods,Journal Article;Review,metares;peerrev,0,1,1,back-sec-type,Data Availability StatementThe data that supports the findings of this study are available in the Supporting Information of this article. Data are provided as supporting files.
PMC12904786,41693729,2026,Humanities & social sciences communications,Letter,metares,0,1,1,back-notes-type,Data availabilityNo datasets were generated or analyzed during the current study.
PMC12908305,41559574,2026,BMC gastroenterology,Journal Article;Systematic Review;Meta-Analysis,metares;report,0,1,1,back-notes-type,Data availabilityAll available data can be found in the manuscript.
PMC12916232,40855182,2025,"The Journal of law, medicine & ethics : a journal of the American Society of Law, Medicine & Ethics",Journal Article,metares,0,1,1,none,
PMC12960757,41570238,2026,Perspectives on psychological science : a journal of the Association for Psychological Science,Journal Article,datashare;metares;repro;waste,1,1,1,none,
PMC12961777,41782167,2026,Research integrity and peer review,Journal Article,metares;reg;report;repro,0,1,1,back-notes-type,"Data availabilityThe data that support the findings of this study are openly available in OSF at https://osf.io/2ps43/, DOI 10.17605/OSF.IO/2PS43."
PMC12966952,41793162,2026,Reviews in medical virology,Journal Article;Systematic Review;Meta-Analysis,metares;report,0,1,1,back-sec-type,Data Availability StatementThe data that support the findings of this study are available in PubMed at https://pubmed.ncbi.nlm.nih.gov/.
PMC12973145,41815760,2025,JCPP advances,Journal Article,metares;report,0,1,1,back-sec-type,DATA AVAILABILITY STATEMENTThe data used in this manuscript are directly reported in the manuscript itself or included as a Supporting Information S1.
PMC12976955,40775829,2025,Studies in health technology and informatics,Journal Article,metares,0,1,1,none,
PMC12977556,41654878,2026,BMC public health,Journal Article;Meta-Analysis,metares;reg,0,1,1,back-notes-type,Data availabilityThe datasets presented in this study can be found in online repositories. The names of the repository/repositories and accession number(s) can be found in the article / Supplementary Material.
PMC12983368,41836958,2026,Frontiers in medicine,Journal Article,biblio;metares;report,0,1,1,back-sec-type,"Data availability statementThe original contributions presented in the study are included in the article/Supplementary material, further inquiries can be directed to the corresponding authors."
PMC12988449,41823958,2026,JAMA health forum,Journal Article;Meta-Analysis,metares,0,1,1,none,
PMC12990128,41847079,2026,Frontiers in research metrics and analytics,Journal Article;Systematic Review,metares;oa,0,1,1,back-sec-type,"Data availability statementThe original contributions presented in the study are included in the article/Supplementary material, further inquiries can be directed to the corresponding author."
PMC12997530,41858745,2026,PNAS nexus,Journal Article,metares,0,1,1,back-sec-type,"Data AvailabilityPublication and author data used in the analysis were extracted from the 2024 September 27, snapshot of OpenAlex (61). The World Gender Name Dictionary 2.0 Dataset was obtained from the WIPO Knowledge Repository (66, 67). The April 2024 snapshot of Moody’s Orbis database (65) was obtained for a fee. Access to Moody’s Orbis database was licensed and cannot be shared publicly. Information on how to request access is available at the following link: https://www.moodys.com/web/en/us/capabilities/company-reference-data/orbis.html. The code used for this manuscript is available at https://github.com/kazuibasou/researcher_population_pyramids."
PMC12997532,41858746,2026,PNAS nexus,Journal Article,metares,0,1,1,back-sec-type,"Data AvailabilityThe aggregated data and code necessary to reproduce the main figures are available in the Open Science Framework (OSF) repository: https://osf.io/fya39/. The raw data were obtained from Dimensions and Microsoft Academic Graph (MAG). While the full Dimensions dataset is proprietary and available via Dimensions AI (https://www.dimensions.ai), a comparable open-access subset focusing on NSF and NIH grants is available through SciSciNet (https://www.nature.com/articles/s41597-023-02198-9). The MAG dataset remains publicly accessible via various sources, including Zenodo (e.g. https://zenodo.org/records/2628216)."
PMC12997672,41667957,2026,BMC medical research methodology,Journal Article,aitext;biblio;metares;report;waste,0,1,1,back-notes-type,Data availabilitySupplementary data and materials are available on the OSF webpage for this study (https://osf.io/uy2pc).
PMC13007132,41857820,2026,BMJ open,Journal Article,metares;report,0,1,1,none,
PMC13021501,41366152,2025,Nature computational science,"Journal Article;Research Support, Non-U.S. Gov't",aitext;metares;repro,0,1,1,back-notes-type,Data availabilityThe original SciSciNet is available via Figshare at 10.6084/m9.figshare.c.6076908.v1 (ref. 54). The variant of SciSciNet used in SciSciGPT is available via Hugging Face at 10.57967/hf/6649 (ref. 82). SciSciCorpus is available via Hugging Face at 10.57967/hf/6650 (ref. 83). Source data are available with this paper.
PMC13022030,39697129,2024,Personality & social psychology bulletin,Journal Article,metares;repro,0,1,1,none,
PMC13025794,41892208,2026,"Current oncology (Toronto, Ont.)",Published Erratum,metares;reg,0,1,0,none,
PMC13028205,41893026,2026,Journal of personalized medicine,Journal Article,metares,0,1,1,back-notes-type,Data Availability StatementNo new data were created or analyzed in this study. Data sharing is not applicable to this article.
PMC13035750,41784878,2026,Science and engineering ethics,Journal Article;Review,metares;retract,0,1,1,none,
PMC13039392,41912580,2026,Scientific reports,Journal Article,metares,0,1,1,back-notes-type,Data availabilityThe data encoding and harmonisation templates used in this research are available from the public data portal(https:/osf.io/jku23/overview). The full dataset creation plan and underlying analytic code are available from the corresponding author upon request.
PMC13039769,41618670,2026,Journal of evidence-based medicine,Journal Article;Meta-Analysis,metares,0,1,1,back-sec-type,Data Availability StatementThe data that support the findings of this study are available on request from the corresponding authors.
PMC13040165,41843909,2026,JMIR research protocols,Journal Article,aitext;metares;reg;repro,0,1,1,back-sec-type,Data AvailabilityThis article is a research protocol and does not include any data. Data resulting from this research will be made available upon publication of the results.
PMC13044756,41940375,2026,Human reproduction open,Journal Article,biblio;coi;equity;metares;reg,0,1,1,back-sec-type,Data availabilityThe datasets used and/or analyzed during the current study are available in the supplementary material.
PMC13045057,41923237,2026,Research integrity and peer review,Journal Article,metares;report,0,1,1,back-notes-type,Data availabilityThe dataset and metadata supporting the findings of this study are openly available at [10.5281/zenodo.18338878] (10.5281/zenodo.18338878).
PMC13049767,41749200,2026,BMC biology,Journal Article,biblio;datashare;metares;repro,1,1,1,back-notes-type,"Data availability All data generated or analyzed during this study are included in this published article, its supplementary information files and publicly available repositories. Code and source data and workflow files are available for download on Github at https://github.com/mmirvis/Cell-Anatomy-Scoping-Review) [98] and Zenodo at 10.5281/zenodo.18488912 [99]."
PMC13063864,41957603,2026,BMC medicine,Letter,metares,0,1,1,back-notes-type,Data availabilityNo datasets were generated or analysed during the current study.
PMC13063891,41957646,2026,BMC medicine,Journal Article,metares;repro,0,1,1,back-notes-type,Data availability The datasets used and/or analysed during the current study are available from the corresponding author on reasonable request.
PMC13068548,41825595,2026,"Advances in nutrition (Bethesda, Md.)",Journal Article;Systematic Review,metares,0,1,1,none,
PMC13080891,41858233,2026,Health expectations : an international journal of public participation in health care and health policy,"Journal Article;Research Support, Non-U.S. Gov't",metares,0,1,1,back-sec-type,Data Availability StatementThe data underlying this manuscript are governed by the Research Ethics Board of the Centre for Addiction and Mental Health and may be available upon request with Research Ethics Board approval.
PMC13086262,41990242,2026,Online journal of public health informatics,Journal Article;Review,metares;report,0,1,1,none,
PMC13091211,42007408,2026,MethodsX,Journal Article,metares;reg,0,1,1,back-sec-type,Data availabilityNo data was used for the research described in the article.
PMC13091431,41955959,2026,International dental journal,Journal Article;Review,biblio;datashare;metares;retract,1,1,1,none,
PMC13095113,42008538,2026,PloS one,Journal Article,metares,0,1,1,front-notes-title,"Data AvailabilityThe source code for the workflow and the data used are available on GitHub (https://github.com/AgentschapPlantentuinMeise/TETTRIs-mapping-taxonomists) and the latest archived release is deposited on Zenodo (https://doi.org/10.5281/zenodo.16356773) and made available under a CC-BY 4.0 license (De Nolf et al. 2025). The European border shapefiles used for map generation were obtained from Natural Earth (https://www.naturalearthdata.com), a public domain dataset. Bibliographic data are retrieved from OpenAlex (https://openalex.org/). Taxonomic information and biogeographic information were retrieved from the Global Biodiversity Information Facility (https://www.gbif.org/)."
PMC13095738,42022913,2026,Frontiers in research metrics and analytics,Journal Article,aitext;biblio;coi;metares;peerrev,0,1,1,back-sec-type,"Data availability statementThe original contributions presented in the study are included in the article/supplementary material, further inquiries can be directed to the corresponding author/s."
PMC13099623,41996160,2026,Proceedings of the National Academy of Sciences of the United States of America,Journal Article,metares,0,1,1,back-sec-type,"Data, Materials, and Software AvailabilityPreviously published data were used for this work. Data for the primary analyses are available from the USPTO (34, 35, 49). Data used for robustness checks and supplementary analyses are available via Google Patents (36) and CIPO (37)."
PMC13103689,42021591,2026,Journal of evaluation in clinical practice,Journal Article,coi;metares;retract,0,1,1,back-sec-type,Data Availability StatementData sharing not applicable to this article as no datasets were generated or analysed during the current study.
PMC13104099,42040251,2026,Cochrane evidence synthesis and methods,Journal Article,biblio;metares;reg;retract,0,1,1,back-sec-type,"Data Availability StatementAll data relevant to this study are contained within the article, provided as supporting information, or available through an online repository linked with a digital object identifier (DOI)."
PMC13110517,42020124,2026,BMJ open,Journal Article,biblio;metares;reg;report,0,1,1,none,
PMC13123795,42018415,2026,Proceedings of the National Academy of Sciences of the United States of America,Journal Article,metares,0,1,1,back-sec-type,"Data, Materials, and Software AvailabilityData and code have been deposited in Harvard Dataverse repository (10)."
PMC13123797,42018420,2026,Proceedings of the National Academy of Sciences of the United States of America,Journal Article,biblio;metares,0,1,1,back-sec-type,"Data, Materials, and Software AvailabilityRaw data from Overton and Scopus are proprietary and cannot be redistributed due to licensing restrictions. All analysis code, search procedures, and data processing steps are documented in a public repository: https://github.com/asatani/IGO_science_citation (59). Researchers wishing to reproduce the study can obtain access to Overton (https://www.overton.io/) (60) and Scopus (https://www.scopus.com/) (61) directly under their respective licensing terms and can then use the public code to reproduce the analyses."
PMC13126212,41992899,2026,Research synthesis methods,Journal Article,metares;repro;stats,0,1,1,back-sec-type,"Data availability statementAll data, code, and materials associated with this project are publicly available on the Open Science Framework under a CC-BY license (DOI: https://doi.org/10.17605/OSF.IO/V3MNH)."
PMC13127007,41863013,2026,Systematic reviews,Journal Article,metares;report,0,1,1,back-notes-type,Data availabilityAll data are provided in the article and the Electronic Supplementary Material.
PMC13133595,41989827,2026,Journal of medical Internet research,Journal Article,metares;reg,0,1,1,back-notes-type,Data AvailabilityAll databases are available upon reasonable request to the corresponding author.
PMC13134853,41632604,2026,The British journal of radiology,Journal Article;Review,metares,0,1,1,none,
PMC13142791,42044345,2026,Proceedings of the National Academy of Sciences of the United States of America,Journal Article,metares,0,1,1,back-sec-type,"Data, Materials, and Software AvailabilityWe obtained our data from Elsevier Scopus, which has use policies that limit data sharing. We have deposited the code that allows re-downloading the data (including the author and article metadata) in a GitHub repository, which includes a) the code to obtain the data from Scopus, b) the code to process that data and merge it with our other sources (i.e., institutional rankings), and c) the code to analyze the merged data frames and produce the figures in the paper. This code and sharable data have been deposited in GitHub (53)."
PMC13147320,42089191,2026,The European journal of neuroscience,Journal Article;Review,metares;reg;report;repro,0,1,1,back-sec-type,Data Availability StatementAvailable under https://github.com/TaymAlsalti/tDCS_meta‐analysis/tree/main/data.
PMC13153008,41611851,2026,Naunyn-Schmiedeberg's archives of pharmacology,Journal Article,biblio;metares,0,1,1,back-notes-type,Data availabilityPublicly available datasets were analysed in this study. This data can be found at: —SEL Version 1 (July 2019); DOI: [10.17632/btchxktzyw.1](https:/elsevier.digitalcommonsdata.com/datasets/btchxktzyw/1)—SEL Version 2 (October 2020); DOI: [10.17632/btchxktzyw.2](https:/elsevier.digitalcommonsdata.com/datasets/btchxktzyw/2)—SEL Version 3 (October 2021); DOI: [10.17632/btchxktzyw.3](https:/elsevier.digitalcommonsdata.com/datasets/btchxktzyw/3)—SEL Version 4 (October 2022); DOI: [10.17632/btchxktzyw.4](https:/elsevier.digitalcommonsdata.com/datasets/btchxktzyw/4)—SEL Version 5 (November 2022); DOI: [10.17632/btchxktzyw.5](https:/elsevier.digitalcommonsdata.com/datasets/btchxktzyw/5)—SEL Version 6 (October 2023); DOI: [10.17632/btchxktzyw.6](https:/elsevier.digitalcommonsdata.com/datasets/btchxktzyw/6)—SEL Version 7 (September 2024); DOI: [10.17632/btchxktzyw.7](https:/elsevier.digitalcommonsdata.com/datasets/btchxktzyw/7).
PMC13153117,42110411,2026,Frontiers in medicine,Journal Article,metares,0,1,1,none,
PMC13167049,42138938,2026,Revista da Associacao Medica Brasileira (1992),Editorial,metares,0,1,1,back-sec-type,DATA AVAILABILITY STATEMENTThe datasets generated and/or analyzed during the current study are available from the corresponding author upon reasonable request.
PMC13171087,42137690,2026,Cureus,Journal Article;Review,aitext;metares,0,1,1,none,
PMC13172818,,2026,Journal of Clinical and Translational Science,abstract,metares,0,1,0,none,
PMC13175306,42133859,2026,JMIR research protocols,Journal Article,aitext;metares;report;repro,0,1,1,none,
PMC13178217,41740900,2026,Journal of clinical epidemiology,"Journal Article;Research Support, Non-U.S. Gov't",metares;oa;retract,0,1,1,back-sec-type,Data availabilityAll data used in the preparation of this manuscript are included in Supplementary Materials. All code used in this work employed standard Python libraries without any modifications. The underlying data are also maintained and updated at the following Tableau Public dashboard https://public.tableau.com/app/profile/matt.spick/viz/TheExploitationofOpenScience/OpenScienceExploitationDashboard
PMC13182097,41942890,2026,BMC medical research methodology,Journal Article;Meta-Analysis,metares;reg;report,0,1,1,back-notes-type,Data availabilityThe dataset used for analysis are available from the corresponding author on reasonable request and subject to permission of the original data owners (Gartlehner et al.). The R scripts are available at https://osf.io/7xhkj.
PMC13195898,41810998,2026,Developmental science,Journal Article,peerrev;repro,0,1,0,none,
PMC13197235,42171863,2026,Behavior research methods,Journal Article,aitext;metares,0,1,1,back-notes-type,Data availabilityThe complete prompts and datasets are available in the OSF repository associated with this project: https://osf.io/eqt78/.
PMC13210462,42198275,2026,Pharmaceutics,Journal Article,metares;reg,0,1,1,back-notes-type,"Data Availability StatementThis study was registered in the Open Science Framework (OSF) repository, DOI: https://doi.org/10.17605/OSF.IO/4J3GF. No formal protocol was prepared. The datasets generated and/or analysed during the current study are available at the same OSF repository."
PMC13213652,42203255,2026,BMJ (Clinical research ed.),Journal Article,metares;reg,0,1,1,back-sec-type,"Data availability statementTo avoid identifying individual studies, anonymised study level data and the data dictionary can be shared upon reasonable request to the corresponding author (zexing.song@mail.utoronto.ca) after publication."
PMC13218336,42222493,2026,PeerJ,Journal Article,metares;reg;stats,0,1,1,none,
PMC13224738,42232338,2026,PNAS nexus,Journal Article,biblio;metares,0,1,1,back-sec-type,Data AvailabilityThe raw and processed data at the individual level are not available due to Scopus license terms. Interested researchers can reach out to Elsevier/Scopus on accessing these data. Data and scripts to replicate the figures in the manuscript are available on GitHub (https://github.com/OlaAM/Scholarly_Migration/tree/main) and archived on OSF (https://doi.org/10.17605/OSF.IO/EVDHU).
PMC13230259,41963575,2026,Science and engineering ethics,Journal Article,biblio;metares;retract;stats,0,1,1,back-notes-type,Data AvailabilityThe raw data and R code script underlying these results are included as electronic supplement to the article.
PMC13232573,40817803,2025,JDR clinical and translational research,Journal Article;Meta-Analysis,metares;report,0,1,1,none,
PMC13248283,42260682,2026,Research integrity and peer review,Journal Article,metares;peerrev;retract,0,1,1,back-notes-type,Data availabilityThe data analyzed in this study consist of anonymized editorial records and cannot be publicly shared. Aggregated data supporting the findings are included in the article.
PMC13248297,42035165,2026,Trials,Journal Article,metares;oa;reg,0,1,1,back-notes-type,"Data availabilityQueries can be made to the free, public Trials to Publications tool without registration or login required https://arrowsmith.psych.uic.edu/cgi-bin/arrowsmith_uic/TrialPubLinking/trial_pub_link_start.cgi. Individual NCT numbers and batches of multiple numbers are both accepted. A separate query box allows users to carry out the reverse Publication to Trials search, i.e., input a specific article PMID and receive a list of the most likely registered trial(s) to which it may be linked, based on pre-computed data.Additional File 2 shows example code for the three novel data sources employed in the present study."
PMC13253343,42292877,2026,PNAS nexus,Journal Article,metares,0,1,1,back-sec-type,Data AvailabilityThe dataset adopted in this study is from Microsoft Academic Graph (https://www.microsoft.com/en-us/research/project/microsoft-academic-graph/) which is open to the public. All code will be released by the authors upon request.
PMC13254191,42293926,2026,Frontiers in psychology,Journal Article,metares,0,1,1,none,
PMC13266964,40652367,2025,"Knee surgery, sports traumatology, arthroscopy : official journal of the ESSKA",Journal Article;Systematic Review;Meta-Analysis,biblio;metares;report;stats,0,1,1,back-sec-type,DATA AVAILABILITY STATEMENTData may be made available upon reasonable request at prushoth.vivekanantha@medportal.ca.
PMC13268686,41818694,2026,Aesthetic surgery journal,Journal Article;Observational Study,metares,0,1,1,none,
PMC13287985,42344430,2026,F1000Research,Journal Article,metares,0,1,1,back-sec-type,"Data availability statementThe following data and methodological materials are openly available:Knowledge Commons: ‘Data for the MORPHSS Catalogue of Open Research Practices in the Arts, Humanities and Social Sciences’. https://doi.org/10.17613/pt306-c8c15 ( Adams et al., 2026a). This contains the following underlying data: •Full descriptions - AHSS open practices (MORPHSS catalogue) - text for the full descriptions of AHSS practices included in the MORPHSS catalogue ( MORPHSS, 2026) (available in both .docx and .txt formats)•MORPHSS catalogue content AHSS open practices - tabulated data containing details of each practice included in the MORPHSS catalogue ( MORPHSS, 2026), comprising short definitions, disciplines, types of openness, examples and resources/further reading (available in both .xslx and .csv formats) Data are available under the terms of the CC-BY licence Creative Commons Attribution 4.0 International (CC-BY-4.0) license.Knowledge Commons: MORPHSS WP 1 Literature review supporting materials. https://doi.org/10.17613/475rc-c0j16 ( Adams et al., 2026b). This contains the following methodological materials: •Literature review protocol (protocol for the literature searches underlying the research presented in this article) (available in both .pdf and .txt formats)•Bibliography of academic literature consulted as a result of systematic searches (available in both .xslx and .csv formats) Methodological materials are available under the terms of the CC-BY licence Creative Commons Attribution 4.0 International (CC-BY-4.0) license.The Appendix can be found here:Adams, Jenni, Miranda Barnes, Samuel Moore, and Stephen Pinfield. 2026. ‘Appendix to Cataloguing and Theorising Open Research Practices in the Arts, Humanities and Social Sciences: Problematising and Diversifying 'Open Science' – Recommendations’. Knowledge Commons. https://doi.org/110.17613/gchaj-4tq29 ( Adams et al., 2026c)Data are available under the terms of the CC-BY licence Creative Commons Attribution 4.0 International (CC-BY-4.0) license."
PMC13289142,42331587,2026,BMJ open,Journal Article,aitext;metares;repro,0,1,1,none,
PMC13298618,42459535,2024,Computational brain & behavior,Journal Article,metares;repro,0,1,1,back-notes-type,Data AvailabilityNo datasets were generated or analyzed during the current study.
PMC13298656,42459536,2024,Computational brain & behavior,Journal Article,metares,0,1,1,back-notes-type,Availability of Data and MethodsNot applicable
PMC13301691,42356008,2026,Journal of clinical medicine,Journal Article,metares,0,1,1,back-notes-type,Data Availability StatementAll the data are available from the corresponding author upon reasonable request.
PMC13310966,42366407,2026,Musculoskeletal care,Journal Article;Systematic Review,metares;report;repro,0,1,1,back-sec-type,Data Availability StatementThe data that support the findings of this study are available from the corresponding author upon reasonable request.
PMC13311022,42375205,2026,Frontiers in medicine,Journal Article,metares;peerrev;report;stats,0,1,1,none,
PMC13316132,42374970,2026,Health expectations : an international journal of public participation in health care and health policy,"Journal Article;Scoping Review;Research Support, Non-U.S. Gov't",metares,0,1,1,back-sec-type,Data Availability StatementThe data that support the findings of this study are available from the corresponding author upon reasonable request. No original data were collected as part of this study. The data relevant to the review are included herein.
PMC13321399,42388828,2026,Open forum infectious diseases,Journal Article,metares,0,1,1,none,
PMC13323324,42394803,2026,Frontiers in research metrics and analytics,Journal Article,metares,0,1,1,back-sec-type,"Data availability statementThe original contributions presented in the study are included in the article/Supplementary material, further inquiries can be directed to the corresponding authors."
PMC13335679,42441175,2026,Frontiers in medicine,Journal Article,biblio;metares;reg,0,1,1,back-sec-type,"Data availability statementThe raw data supporting the conclusions of this article will be made available by the authors, without undue reservation."
PMC13340402,42129912,2026,Pilot and feasibility studies,Journal Article;Review,metares,0,1,1,back-notes-type,"Data availabilityThe datasets generated and analyzed during the current study are available from the corresponding author on reasonable request. Preliminary data from this study were presented at the 43rd Annual Meeting and Scientific Sessions of the Society of Behavioral Medicine in Baltimore, MD, April 6–9th, 2022 (only outcomes pertaining to tobacco and sexually transmitted diseases were presented), as well as the 45th Annual Meeting and Scientific Sessions of the Society of Behavioral Medicine in Philadelphia, PA, March 13–16th, 2024, including behaviors of alcohol use disorder and interpersonal violence. Preliminary data was analyzed in STATA using two-level meta-regression models."
PMC13344427,42422486,2026,European heart journal open,Journal Article,metares,0,1,1,none,
PMC13348294,42421154,2026,BMC global and public health,Journal Article;Review,metares,0,1,1,back-notes-type,Data availabilityNo datasets were generated or analysed during the current study.
PMC13350320,42433734,2026,Frontiers in research metrics and analytics,Journal Article,metares,0,1,1,none,
PMC13352761,42243840,2026,BMC medicine,Journal Article,metares;report;retract,0,1,1,back-notes-type,Data availabilityThe datasets generated and/or analysed during the current study are available at https://www.kaggle.com/datasets/fedesoriano/stroke-prediction-dataset (21) and https://www.kaggle.com/datasets/iammustafatz/diabetes-prediction-dataset [22].
PMC13357400,42445938,2026,Frontiers in research metrics and analytics,Journal Article,biblio;metares,0,1,1,back-sec-type,"Data availability statementThe original contributions presented in the study are included in the article/Supplementary material, further inquiries can be directed to the corresponding author."
PMC13372771,42466025,2026,Frontiers in psychology,Journal Article;Review,metares;repro;stats,0,1,1,none,
PMC13387410,42482928,2026,Cochrane evidence synthesis and methods,Journal Article,datashare;metares;oa;reg;report,1,1,1,back-sec-type,"Data Availability StatementAll data extracted and analyzed during this study, together with the study protocol, data extraction forms, and analysis code, are publicly available via the Open Science Framework (OSF) at: https://osf.io/rdpfa. The dataset consists exclusively of information derived from published systematic reviews and does not contain individual‐level or sensitive data. A preprint of this manuscript is also available on https://osf.io/preprints/metaarxiv/x59m3_v1."
PMC13393600,42475876,2026,Brazilian journal of physical therapy,Journal Article,metares,0,1,0,none,
PMC13397056,42494313,2026,Journal of human nutrition and dietetics : the official journal of the British Dietetic Association,Journal Article;Systematic Review,metares,0,1,0,none,
PMC13407916,42510129,2026,"Diagnostics (Basel, Switzerland)",Journal Article;Review,biblio;datashare;metares;reg;report;repro;retract;stats,1,1,1,back-notes-type,Data Availability StatementNo new data were created or analysed in this study. Data sharing is not applicable to this article.
PMC13410555,42524203,2026,Cochrane evidence synthesis and methods,Journal Article,metares;reg,0,1,1,back-sec-type,Data Availability StatementAll extracted data and code will be made available upon request to the corresponding author.
PMC13418392,41810841,2026,"Knee surgery, sports traumatology, arthroscopy : official journal of the ESSKA",Journal Article;Validation Study;Comparative Study,aitext,0,1,1,back-sec-type,DATA AVAILABILITY STATEMENTThe datasets generated and/or analysed during the current study are available from the corresponding authors upon request. Relevant data supporting the findings of this study are also provided in the Supporting Information.
PMC13431894,42549396,2026,Cochrane evidence synthesis and methods,Journal Article,metares;reg;report;retract,0,1,1,back-sec-type,Data Availability StatementThe data set of this research is available upon reasonable request from the corresponding author.
PMC13436167,42175523,2026,Australian endodontic journal : the journal of the Australian Society of Endodontology Inc,Journal Article;Comparative Study;Review,metares,0,1,1,back-sec-type,Data Availability StatementThe data that supports the findings of this study are available in the Supporting Information of this article.
PMC13438387,42558745,2026,Frontiers in human neuroscience,Journal Article;Systematic Review,metares;repro,0,1,1,back-sec-type,"Data availability statementThe original contributions presented in the study are included in the article/Supplementary material, further inquiries can be directed to the corresponding author."
PMC13451019,42565459,2026,eLife,Journal Article,metares;repro,0,1,1,back-sec-type,"Data availabilityAll data and code file to reproduce our simulation results, this manuscript and the online supplement are available via GitLab, https://gitlab.uzh.ch/rachelheyard/translation_simulation (copy archived at Heyard, 2026). A citable snapshot of the repository at the time of writing is archived at https://doi.org/10.5281/zenodo.17313916.The following dataset was generated: HeyardR HuangCJ 2025Code and other material for ""Evaluating the applicability of replication success metrics in animal-to-human translation: A simulation study""Zenodo10.5281/zenodo.17313916PMC1345101942565459"
PMC13475257,42575549,2026,BMJ open,Journal Article,metares;reg,0,1,1,none,
PMC13475259,42575673,2026,Open heart,Journal Article;Meta-Analysis,metares,0,1,1,back-sec-type,Data availability statementAll data relevant to the study are included in the article or uploaded as supplementary information.
PMC13484398,42620185,2026,Research square,Journal Article;Preprint,metares;reg,0,1,1,none,
PMC13486522,42579486,2026,Proceedings of the National Academy of Sciences of the United States of America,"Journal Article;Research Support, N.I.H., Extramural",aitext;metares,0,1,1,back-sec-type,"Data, Materials, and Software AvailabilityD1 and D2, internal confidential grant proposal datasets from two US R1 universities, require a data use agreement with the universities; interested researchers should contact the authors for further information. D3 and D4 are bibliometric datasets from Dimensions (42). Those who are interested in raw data from Dimensions should contact Digital Science directly. The deidentified data necessary to reproduce main plots and statistical analyses are freely available at https://northwestern-cssi.github.io/llmfunding/."
PMC13500065,42633695,2026,Journal of evaluation in clinical practice,Journal Article,metares;retract,0,1,0,none,
PMC13505523,42644090,2026,PeerJ,Journal Article,metares,0,1,1,back-sec-type,Data AvailabilityThe following information was supplied regarding data availability:The code and data are available at GitHub and Zenodo:- https://github.com/AndreasWartel/Bonobo-MCA/tree/main.- AndreasWartel. (2026). AndreasWartel/Bonobo-MCA: v.1.0.0 (Version v.1.0.0) [Computer software]. Zenodo. https://doi.org/10.5281/zenodo.21370080.
PMC13516631,42654277,2026,Nutrients,Journal Article,metares,0,1,1,back-notes-type,Data Availability StatementAll raw data collected within the study are available in Supplementary Table S3.
PMC13521487,42659041,2026,Journal of global health,Journal Article,biblio;metares;reg;waste,0,1,1,back-sec-type,Data availability: No new data were generated or analysed in the preparation of this viewpoint.
PMC13523189,42665798,2026,BMC medical research methodology,Journal Article,metares;report,0,1,1,back-notes-type,Data availabilityNo datasets were generated or analysed during the current study.
PMC13528004,42310541,2026,BMC medical research methodology,Journal Article,metares;reg;report,0,1,1,back-notes-type,Data availabilityAll data extracted and analyzed during this study are available in the Supplementary Materials.
PMC13533124,42683446,2026,Cochrane evidence synthesis and methods,Journal Article,metares,0,1,1,back-sec-type,Data Availability StatementThe data that support the findings of this study are available from the corresponding author upon reasonable request.
PMC13536052,42642080,2026,BMJ open,Journal Article,metares;report,0,1,1,back-sec-type,Data availability statementAll data relevant to the study are included in the article or uploaded as supplementary information.
PMC13539546,42689517,2026,Physiotherapy research international : the journal for researchers and clinicians in physical therapy,Journal Article;Review,metares,0,1,1,back-sec-type,Data Availability StatementAll data relevant to the study are included in the article or uploaded as supplementary information.
PMC13540927,42471575,2026,BMC medical research methodology,Journal Article,metares,0,1,1,back-notes-type,"Data availabilityThe Semmelweis Framework was developed using clinical recommendations from previously published guidelines, which are freely available and accessible. The complete list of recommendations, alongside the guidelines with their references is provided in the additional files. In addition, the two previous studies on which the Framework is founded are referenced in the main text, available as open access."
PMC13541867,42313264,2026,Primates; journal of primatology,Journal Article;Review,metares,0,1,1,none,
PMC13555001,42723769,2026,F1000Research,Journal Article,metares;peerrev,0,1,1,back-sec-type,"Data availabilityThe quantitative survey datasets generated and analysed during this study, including all variables required to replicate the analyses and figures reported in the article (e.g., respondent characteristics, time estimates, cost calculations, and values underlying summary statistics and figures), are openly available via FigShare under a CC BY-SA 4.0 licence, along with all the Suplementary Material referenced in the paper. See: Grant, Jonathan; Pollitt, Alexandra; Sreenan, Niall; Taylor, Clare (2026) . Annex G Survey data. FigShare. Dataset. https://doi.org/10.6084/m9.figshare.31420586 . Due to ethical and confidentiality considerations, the qualitative interview transcripts with university research office staff are not publicly available, as they contain potentially identifiable information. An anonymised summary of qualitative findings and the interview topic guide are included in the Supplementary Materials (available on FigShare as detailed above). Further access to de-identified qualitative data may be considered by the authors upon reasonable request, subject to approval by the King’s College London Research Ethics Committee and in accordance with participant consent."
PMC13560594,42728963,2026,Open research Europe,Journal Article,metares;retract,0,1,1,back-sec-type,"Data availabilityThe qualitative data are not publicly available in line with data management commitments made to participants during the informed consent procedure, in which participants were informed that the research would be conduct with the intention “to make any reports or publications derived from this study unidentifiable”. Due to the identifiable nature of the small participant group, even pseudonymised data risks recognition."
PMC13563351,42740806,2025,Clinical and public health guidelines,Journal Article,metares,0,1,1,back-sec-type,DATA AVAILABILITY STATEMENTThe data that support the findings of this study are openly available in protocols.io protocols.io at https://www.protocols.io/joinworkspace/medical-school-brandenburg/QRFLA.
PMC13563394,42740757,2026,Clinical and public health guidelines,Journal Article,biblio;metares;oa,0,1,1,back-sec-type,Data Availability StatementThere are no data to share for the study protocol. Study details are available on the FEvIR Platform at https://fevir.net/resources/ResearchStudy/282930. The study data will be openly shared at https://fevir.net.
PMC2127435,9310553,1997,BMJ (Clinical research ed.),Editorial,metares,0,1,0,none,
PMC2267990,18316340,2008,BMJ (Clinical research ed.),"Journal Article;Research Support, Non-U.S. Gov't",metares,0,1,0,none,
PMC2367676,18470312,2008,Environmental health perspectives,"Journal Article;Research Support, Non-U.S. Gov't;Review",biblio;metares,0,1,1,none,
PMC2665475,9472545,1998,BMJ (Clinical research ed.),Comment;Letter,metares,0,1,0,none,
PMC2665491,9472546,1998,BMJ (Clinical research ed.),Comment;Letter,metares,0,1,0,none,
PMC2739282,19736281,2009,BMJ (Clinical research ed.),"Journal Article;Meta-Analysis;Research Support, Non-U.S. Gov't;Review",metares,0,1,1,none,
PMC2893514,20509946,2010,BMC medical education,Journal Article,metares,0,1,1,none,
PMC2905513,20639294,2010,BMJ (Clinical research ed.),"Comparative Study;Journal Article;Meta-Analysis;Research Support, Non-U.S. Gov't",metares,0,1,1,none,
PMC3156578,21846695,2011,BMJ (Clinical research ed.),"Journal Article;Research Support, Non-U.S. Gov't",metares,0,1,1,none,
PMC3178853,21966041,2011,The Yale journal of biology and medicine,Autobiography;Biography;Historical Article;Journal Article,metares,0,1,1,none,
PMC3209745,22065657,2011,BMJ (Clinical research ed.),Comparative Study;Journal Article;Review,metares,0,1,1,none,
PMC3240955,22355696,2011,Scientific reports,Journal Article,biblio;metares,0,1,1,none,
PMC3279328,22334559,2012,BMJ (Clinical research ed.),Journal Article;Meta-Analysis,metares;reg,0,1,1,none,
PMC3524581,23259152,2011,AJOB primary research,Journal Article,metares,0,1,1,none,
PMC3541352,23151403,2012,Systematic reviews,Journal Article,metares,0,1,1,none,
PMC3545262,23323212,2013,Scientific reports,"Journal Article;Research Support, Non-U.S. Gov't;Research Support, U.S. Gov't, Non-P.H.S.",metares,0,1,1,none,
PMC3558411,23360719,2013,BMJ (Clinical research ed.),Journal Article;Review,metares,0,1,1,none,
PMC3570069,23403829,2013,BMJ (Clinical research ed.),Comparative Study;Journal Article;Meta-Analysis,metares,0,1,1,none,
PMC3572179,23418482,2013,PloS one,"Journal Article;Meta-Analysis;Research Support, Non-U.S. Gov't;Systematic Review",metares,0,1,1,none,
PMC3634626,23616031,2013,BMJ (Clinical research ed.),"Journal Article;Meta-Analysis;Research Support, Non-U.S. Gov't;Review",metares,0,1,1,none,
PMC3665786,23723992,2013,PloS one,"Comparative Study;Journal Article;Meta-Analysis;Research Support, Non-U.S. Gov't",metares,0,1,1,none,
PMC3718427,24453591,2012,Acta ortopedica brasileira,Journal Article;Review,metares,0,1,1,none,
PMC3752164,23942125,2013,Proceedings of the National Academy of Sciences of the United States of America,"Journal Article;Research Support, U.S. Gov't, Non-P.H.S.",metares,0,1,0,none,
PMC3752166,23940338,2013,Proceedings of the National Academy of Sciences of the United States of America,"Journal Article;Research Support, U.S. Gov't, Non-P.H.S.",metares,0,1,0,none,
PMC3752170,23942127,2013,Proceedings of the National Academy of Sciences of the United States of America,Conference Proceedings;Introductory Journal Article,metares,0,1,0,none,
PMC3851163,24070072,2013,Systematic reviews,"Journal Article;Research Support, Non-U.S. Gov't",metares,0,1,1,none,
PMC3913714,24505351,2014,PloS one,"Journal Article;Meta-Analysis;Research Support, Non-U.S. Gov't",metares;reg,0,1,1,none,
PMC3939646,24568962,2014,BMJ open,"Journal Article;Research Support, Non-U.S. Gov't",metares,0,1,1,none,
PMC4023173,24886043,2014,BMC medical research methodology,Journal Article,metares,0,1,1,none,
PMC4035673,24884381,2014,BMC medical research methodology,Journal Article,metares;reg,0,1,1,none,
PMC4056100,23302257,2013,"Critical care (London, England)",Journal Article;Meta-Analysis,metares;report;stats,0,1,1,none,
PMC4179424,25260368,2014,BMJ open,"Journal Article;Research Support, Non-U.S. Gov't",metares;peerrev,0,1,1,none,
PMC4183180,25225375,2014,Proceedings of the National Academy of Sciences of the United States of America,Introductory Journal Article,metares,0,1,0,none,
PMC4187994,25280805,2014,BMJ open,"Journal Article;Research Support, Non-U.S. Gov't",metares;reg,0,1,1,none,
PMC4217436,25288774,2014,Proceedings of the National Academy of Sciences of the United States of America,"Journal Article;Research Support, Non-U.S. Gov't;Research Support, U.S. Gov't, Non-P.H.S.",metares,0,1,0,none,
PMC4219184,24286208,2013,Systematic reviews,"Journal Article;Research Support, Non-U.S. Gov't;Research Support, U.S. Gov't, P.H.S.",metares,0,1,1,none,
PMC4220603,25266419,2014,Epidemiology and health,Journal Article,metares;report,0,1,1,none,
PMC4382619,25836961,2015,Journal of the American Association for Laboratory Animal Science : JAALAS,Journal Article,metares;report,0,1,0,none,
PMC4428480,25988135,2015,Frontiers in nutrition,Journal Article,metares;report,0,1,1,none,
PMC4445790,26016488,2015,BMJ (Clinical research ed.),"Journal Article;Meta-Analysis;Research Support, Non-U.S. Gov't",metares,0,1,1,none,
PMC4450491,25956716,2015,Systematic reviews,Journal Article;Meta-Analysis,metares;reg,0,1,1,none,
PMC4481090,26120345,2014,Personalized medicine,Journal Article,metares,0,1,0,none,
PMC4498768,26161653,2015,PloS one,"Journal Article;Meta-Analysis;Research Support, N.I.H., Extramural;Research Support, Non-U.S. Gov't",metares,0,1,1,front-notes-title,Data AvailabilityAll relevant data are within the paper and its Supporting Information files.
PMC4500394,26168274,2015,PloS one,Comparative Study;Journal Article,metares,0,1,1,front-notes-title,Data AvailabilityAll data is available in the Additional files submitted to the journal.
PMC4553239,26335785,2015,Research policy,Journal Article,metares,0,1,1,none,
PMC4555861,26361556,2015,Royal Society open science,Journal Article,biblio;metares,0,1,1,none,
PMC4557913,26329836,2015,BMC medical research methodology,Published Erratum,metares,0,1,0,none,
PMC4563231,26338841,2015,BMJ open,"Journal Article;Multicenter Study;Research Support, Non-U.S. Gov't;Review",metares,0,1,1,none,
PMC4567072,26360583,2015,PloS one,"Journal Article;Research Support, Non-U.S. Gov't",metares,0,1,1,front-notes-title,Data AvailabilityAll relevant data are available in the paper and its Supporting Information files.
PMC4592065,26431313,2015,PLoS biology,"Journal Article;Research Support, Non-U.S. Gov't",metares;repro,0,1,1,none,
PMC4599034,26449638,2015,BMC oral health,Journal Article,metares,0,1,1,none,
PMC4602493,25803538,2015,Medicine,Journal Article;Published Erratum,coi;metares,0,1,1,none,
PMC4660063,,2015,Trials,abstract,metares,0,1,1,none,
PMC4664375,26554009,2015,Proceedings of the National Academy of Sciences of the United States of America,"Journal Article;Research Support, N.I.H., Extramural;Research Support, Non-U.S. Gov't;Research Support, U.S. Gov't, Non-P.H.S.",metares,0,1,0,none,
PMC4699700,26727031,2016,PLoS biology,Editorial;Introductory Journal Article,metares,0,1,1,none,
PMC4701404,26730980,2016,PloS one,Journal Article;Meta-Analysis;Review,metares;report,0,1,1,front-notes-title,Data AvailabilityAll relevant data are within the paper and its Supporting Information files.
PMC4725722,26808309,2016,PloS one,"Journal Article;Research Support, Non-U.S. Gov't",metares,0,1,1,front-notes-title,Data AvailabilityAll relevant data are within the paper and its Supporting Information files.
PMC4734056,26835187,2016,PeerJ,Journal Article,metares,0,1,1,none,
PMC4769790,26929924,2015,BioImpacts : BI,Journal Article,metares,0,1,1,none,
PMC4772787,26858277,2016,BMJ (Clinical research ed.),"Journal Article;Research Support, Non-U.S. Gov't",metares,0,1,1,none,
PMC4782158,27013992,2016,Frontiers in systems neuroscience,Journal Article,metares,0,1,1,none,
PMC4791943,26989272,2016,Scientometrics,Journal Article,biblio;metares,0,1,1,none,
PMC4814052,27028487,2016,PLoS biology,Published Erratum,metares,0,1,0,none,
PMC4854008,27103624,2016,BMJ open,"Journal Article;Research Support, Non-U.S. Gov't",metares;reg,0,1,1,none,
PMC4861326,27159025,2016,PloS one,Comparative Study;Journal Article,metares,0,1,1,front-notes-title,Data AvailabilityThe excel file is available using this link: https://figshare.com/articles/Dechartres_Comparison_of_Estimates_between/3112585.
PMC4876557,27211576,2016,BMC medicine,"Journal Article;Research Support, Non-U.S. Gov't;Review",metares,0,1,1,none,
PMC4914906,26174770,2015,European journal of orthodontics,Journal Article;Review,metares;reg,0,1,0,none,
PMC4932748,27377062,2016,BMC medicine,Journal Article,metares;reg,0,1,1,back-sec-title,Availability of data and materialsThe data are available to academic researchers upon request.
PMC4933635,27398355,2016,CMAJ open,Journal Article,metares,0,1,0,none,
PMC4939945,27398997,2016,PloS one,Journal Article;Systematic Review,metares,0,1,1,front-notes-title,Data AvailabilityAll relevant data are within the paper and its Supporting Information files.
PMC4988618,27217556,2016,Proceedings of the National Academy of Sciences of the United States of America,"Journal Article;Research Support, U.S. Gov't, Non-P.H.S.",metares;repro,0,1,0,none,
PMC4989498,27535658,2016,Systematic reviews,Journal Article;Systematic Review,metares;waste,0,1,1,back-sec-title,Availability of data and materialsThe datasets analysed during the current study are available from the corresponding author on reasonable request.
PMC5043322,27703703,2016,Royal Society open science,Journal Article,metares;repro,0,1,1,none,
PMC5081692,27789483,2016,BMJ (Clinical research ed.),Journal Article,metares,0,1,1,none,
PMC5104355,27832101,2016,PLoS biology,Journal Article,metares;reg,0,1,1,front-notes-title,Data AvailabilityAll relevant data are within the paper and its Supporting Information files
PMC5122320,27884869,2016,BMJ (Clinical research ed.),Journal Article;Meta-Analysis,metares;stats,0,1,1,none,
PMC518966,15361261,2004,BMC medical genetics,Journal Article,metares,0,1,1,none,
PMC5245955,28100393,2017,eLife,Journal Article;Comment,metares;repro,0,1,1,none,
PMC5245956,28100399,2017,eLife,Journal Article;Comment,metares;repro,0,1,1,none,
PMC5245957,28100398,2017,eLife,"Journal Article;Research Support, Non-U.S. Gov't",metares;repro,0,1,1,none,
PMC5245958,28100396,2017,eLife,Journal Article;Comment,metares;repro,0,1,1,none,
PMC5245960,28100395,2017,eLife,"Journal Article;Research Support, Non-U.S. Gov't",metares;repro,0,1,1,none,
PMC5245962,28100397,2017,eLife,Journal Article,metares;repro,0,1,1,none,
PMC5245966,28100400,2017,eLife,Journal Article,metares;repro,0,1,1,none,
PMC5245968,28100394,2017,eLife,"Journal Article;Research Support, Non-U.S. Gov't",metares;repro,0,1,1,none,
PMC5245970,28100392,2017,eLife,"Journal Article;Research Support, Non-U.S. Gov't",metares;repro,0,1,1,none,
PMC5302882,28182866,2017,eLife,Editorial,metares;repro,0,1,1,none,
PMC5326669,28265537,2016,BioImpacts : BI,Journal Article,metares,0,1,1,none,
PMC5336618,28257642,2017,BMC biology,Journal Article;Systematic Review,metares;reg;stats,0,1,1,none,
PMC5384162,28596617,2017,Bioscience,Journal Article,metares;reg;repro;stats,0,1,1,none,
PMC5389310,28320937,2017,Proceedings of the National Academy of Sciences of the United States of America,"Journal Article;Meta-Analysis;Research Support, U.S. Gov't, Non-P.H.S.",metares;retract,0,1,0,none,
PMC5389781,28439544,2017,Science advances,Journal Article,metares,0,1,1,none,
PMC5393244,28348239,2017,Proceedings of the National Academy of Sciences of the United States of America,"Journal Article;Research Support, N.I.H., Extramural;Research Support, Non-U.S. Gov't;Research Support, U.S. Gov't, Non-P.H.S.",metares,0,1,0,none,
PMC5397134,28439537,2017,Science advances,Journal Article,metares,0,1,1,none,
PMC5443716,28540615,2017,Progress in orthodontics,Journal Article,coi;metares,0,1,1,none,
PMC5487214,28653623,2017,eLife,Journal Article,metares;repro,0,1,1,none,
PMC5487217,28653617,2017,eLife,"Journal Article;Research Support, Non-U.S. Gov't",metares;repro,0,1,1,none,
PMC5537553,28701372,2017,Evidence-based medicine,Guideline;Journal Article,metares;report;repro,0,1,1,none,
PMC5556344,28806989,2017,Health research policy and systems,Journal Article,metares;waste,0,1,1,back-sec-title,Availability of data and materialsNot applicable.
PMC5568167,28845351,2017,Rand health quarterly,Journal Article,metares,0,1,0,none,
PMC5584989,28873054,2017,eLife,Journal Article,metares;repro,0,1,1,none,
PMC5597227,28902885,2017,PloS one,Journal Article,metares;reg,0,1,1,front-notes-title,Data AvailabilityAll relevant data are within the paper and its Supporting Information files.
PMC5623523,28963300,2017,BMJ open,Journal Article;Review,metares,0,1,1,none,
PMC5627643,28983437,2017,Rand health quarterly,Journal Article,biblio;metares,0,1,0,none,
PMC5653689,29090128,2017,Korean journal of orthodontics,Journal Article;Review,metares,0,1,1,none,
PMC5665249,29061634,2017,BMJ open,Journal Article,metares;reg;stats,0,1,1,none,
PMC5667864,29095836,2017,PloS one,Journal Article,metares,0,1,1,front-notes-title,"Data AvailabilityRaw data were downloaded via Scopus (https://www.scopus.com/), an electronic resource governed by license agreements which restrict use to the Indiana University community. In order to comply with the Elsevier terms of service, the raw data cannot be shared publicly. This is to confirm that interested researchers may apply for access to these third party data by directly contacting the owners via https://www.scopus.com/. Intermediate and final results generated in our data preprocessing, statistical analysis and visualization are available as part of Supporting Information."
PMC5674752,29110730,2017,"Philosophy, ethics, and humanities in medicine : PEHM",Journal Article,metares,0,1,1,back-sec-title,Availability of data and materialsData sharing not applicable to this article as no datasets were generated or analysed.
PMC5698972,29201386,2017,Journal of clinical movement disorders,Journal Article,metares,0,1,1,back-sec-title,Availability of data and materialsNot applicable.
PMC5717810,29208054,2017,BMC research notes,Journal Article;Systematic Review,coi;metares;reg;report,0,1,1,back-sec-title,Availability of data and materialsThe authors only used publicly available data. The datasets analyzed during the current study available from Open Science Framework (osf.io/qmh4e).
PMC5724154,28827269,2017,BMJ open,Journal Article,metares;peerrev;reg,0,1,1,none,
PMC5724693,28929507,2017,Statistics in medicine,Journal Article,metares,0,1,1,none,
PMC5738221,29258593,2017,Systematic reviews,Journal Article;Scoping Review,metares;report,0,1,1,back-sec-title,Availability of data and materialsThe data underlying this study are available on the Open Science Framework: https://osf.io/7x2mp/
PMC5742784,29186879,2017,Animals : an open access journal from MDPI,Journal Article;Review,metares;peerrev;reg;report;repro;retract;stats,0,1,1,none,
PMC5759459,,2017,BMJ Open,abstract,metares,0,1,0,none,
PMC5760198,29313487,2018,eLife,Journal Article;Comment,metares;repro,0,1,1,none,
PMC5760202,29313488,2018,eLife,"Journal Article;Research Support, Non-U.S. Gov't",metares;repro,0,1,1,none,
PMC5760205,29313490,2018,eLife,Journal Article,metares;repro;stats,0,1,1,none,
PMC5765564,29228281,2018,GigaScience,"Journal Article;Research Support, Non-U.S. Gov't",metares,0,1,1,none,
PMC5792934,29410857,2018,Royal Society open science,Journal Article,metares,0,1,1,none,
PMC5794038,29451544,2016,Research integrity and peer review,Editorial,metares;oa;peerrev;retract,0,1,1,none,
PMC5803583,29451532,2017,Research integrity and peer review,Journal Article,metares;peerrev,0,1,1,back-sec-title,Availability of data and materialsA de-identified data set of all data used in the paper is available on the figshare data-sharing website https://figshare.com/articles/Democratic_funding/5197387.
PMC5803640,29451561,2017,Research integrity and peer review,Journal Article;Review,datashare;metares,1,1,1,back-sec-title,Availability of data and materialsThe datasets generated and analysed during the current study are available at the Open Science Framework repository (DOI 10.17605/OSF.IO/DSPU8).
PMC5806262,29422063,2018,Health research policy and systems,Letter,coi;metares,0,1,1,back-sec-title,"Availability of data and materialsFrom October 2017, an archive of the materials used and presented in the five editions of ISRIA are available on the web page of ISRIA (www.theinternationalschoolonria.com)."
PMC5817912,26564944,2015,Journal of empirical research on human research ethics : JERHRE,"Journal Article;Research Support, N.I.H., Extramural",metares,0,1,1,none,
PMC5840713,29556422,2018,Research integrity and peer review,Editorial,metares;oa;peerrev;report;retract,0,1,1,back-sec-title,Availability of data and materialsNot applicable.
PMC5843843,29862016,2018,F1000Research,Journal Article,datashare;metares;repro,1,1,1,none,
PMC5845292,29523200,2018,Systematic reviews,"Journal Article;Research Support, Non-U.S. Gov't",biblio;metares;report,0,1,1,back-sec-title,Availability of data and materialsNot applicable.
PMC5849410,29533182,2018,eLife,"Journal Article;Meta-Analysis;Research Support, Non-U.S. Gov't",metares;repro,0,1,1,none,
PMC5849411,29533185,2018,eLife,Journal Article;Comment,metares;repro,0,1,1,none,
PMC5855198,29500210,2018,BMJ open,Journal Article,metares,0,1,1,none,
PMC5861172,29546535,2018,Intensive care medicine,Journal Article;Systematic Review,metares,0,1,1,none,
PMC5863466,29562926,2018,BMC medicine,"Journal Article;Research Support, Non-U.S. Gov't",metares,0,1,1,back-sec-title,Availability of data and materialsThe datasets used and/or analyzed during the current study are available from the corresponding author on reasonable request (Joshua.wallach@yale.edu).
PMC5865753,29534060,2018,PLoS biology,"Journal Article;Research Support, Non-U.S. Gov't",metares;repro,0,1,1,none,
PMC5879694,29531061,2018,Proceedings of the National Academy of Sciences of the United States of America,"Journal Article;Research Support, U.S. Gov't, Non-P.H.S.;Research Support, Non-U.S. Gov't",biblio;metares,0,1,1,none,
PMC5897028,29608562,2018,PLoS biology,Journal Article,metares,0,1,1,none,
PMC5949209,29496846,2018,"Science (New York, N.Y.)","Journal Article;Review;Research Support, Non-U.S. Gov't;Research Support, N.I.H., Extramural;Research Support, U.S. Gov't, Non-P.H.S.",metares,0,1,1,none,
PMC5988419,29866256,2018,eLife,"Journal Article;Research Support, Non-U.S. Gov't",metares,0,1,1,back-sec-type,Data availabilityData and scripts are available via the Open Science Framework (https://osf.io/ud2jw/) Parsing of genders can be done via genderize.io.The following previously published dataset was used:Willem M. Otte2017Temporal RCT powerhttps://osf.io/ud2jw/Available at Open Science Framework
PMC5994653,29886846,2018,BMC medicine,Journal Article;Randomized Controlled Trial,metares;waste,0,1,1,back-sec-title,Availability of data and materialsData available upon request by academic researchers.
PMC6054949,30038471,2018,World journal of gastroenterology,Journal Article,coi;metares;report,0,1,1,none,
PMC6069813,30064444,2018,Health research policy and systems,Letter,metares;oa;repro,0,1,1,none,
PMC6073092,30135727,2018,F1000Research,"Journal Article;Research Support, Non-U.S. Gov't",metares,0,1,1,none,
PMC6107944,30139391,2018,Systematic reviews,Journal Article;Systematic Review,metares,0,1,1,back-sec-title,"Availability of data and materialsAll data analysed during the study are available from the corresponding author on reasonable request, but restrictions apply to the availability of parts of the questionnaire data due to privacy of respondents."
PMC6124055,30225032,2018,Royal Society open science,Journal Article,datashare;metares;repro,1,1,1,none,
PMC6139626,30028200,2018,American journal of physiology. Heart and circulatory physiology,"Journal Article;Research Support, N.I.H., Extramural;Research Support, Non-U.S. Gov't;Research Support, U.S. Gov't, Non-P.H.S.",metares;report;repro;stats,0,1,0,none,
PMC6146631,30231912,2018,Trials,Journal Article,metares,0,1,1,back-sec-title,"Availability of data and materialsThe datasets generated or analyzed (or both) during the current study are not publicly available, because data collection and processing are ongoing. They will be made available from the corresponding author on reasonable request as described in the article."
PMC6170771,30257927,2018,"Journal of the Royal Society, Interface",Journal Article,metares,0,1,1,none,
PMC6171721,30345025,2018,F1000Research,"Journal Article;Research Support, Non-U.S. Gov't",metares;peerrev,0,1,1,none,
PMC6175580,30295289,2018,eLife,"Journal Article;Research Support, N.I.H., Extramural;Research Support, Non-U.S. Gov't",metares;repro,0,1,1,back-sec-type,"Data availabilityAdditional detailed experimental notes, data, and analysis are available on OSF (RRID:SCR_003238) (https://osf.io/y4tvd/; Eaton et al., 2018). This includes the R Markdown file (https://osf.io/ektn3/) that was used to compose this manuscript, which is a reproducible document linking the results in the article directly to the data and code that produced them (Hartgerink, 2017). The Whole Genome sequencing data generated during this study has been deposited at NCBI SRA under the Bioproject accession PRJNA481682. The genome assemblies has been deposited at Genbank under the accession QVAD00000000 and QVAE00000000.The following datasets were generated:Eaton KPirani ASnitkin ESIorns ETsui RDenis APerfito NErrington TM2018Replication Study: Intestinal inflammation targets cancer-inducing activity of the microbiotahttps://www.ncbi.nlm.nih.gov/bioproject/481682Publicly available at NCBI BioProject (accession no. PRJNA481682)Eaton KPirani ASnitkin ESIorns ETsui RDenis APerfito NErrington TM2018Escherichia coli strain NC101-PKS, whole genome shotgun sequencing projecthttps://www.ncbi.nlm.nih.gov/nuccore/QVAD00000000Publicly available at NCBI Nucleotide (accession no. QVAD00000000)Eaton KPirani ASnitkin ESIorns ETsui RDenis APerfito NErrington TM2018Escherichia coli strain NC101-WT, whole genome shotgun sequencing projecthttps://www.ncbi.nlm.nih.gov/nuccore/QVAE00000000Publicly available at NCBI Nucleotide (accession no. QVAE00000000)Eaton KPirani ASnitkin ESIorns ETsui RDenis APerfito NErrington TM2018Study 41: Replication of Arthur et al., 2012 (Science).http://dx.doi.org/10.17605/OSF.IO/Y4TVDAvailable at OSF under a CC Attribution 4.0 International Public License"
PMC6182357,30151688,2018,Intensive care medicine,Journal Article;Meta-Analysis;Review,coi;metares,0,1,1,none,
PMC6188623,30321167,2018,PLoS biology,Editorial,metares;oa,0,1,1,none,
PMC6195343,30364335,2018,Bioscience,Journal Article,metares,0,1,0,none,
PMC6197920,30195054,2018,NeuroImage,"Journal Article;Research Support, N.I.H., Extramural",metares,0,1,1,none,
PMC6230957,30455661,2018,Frontiers in psychology,Journal Article,metares,0,1,1,none,
PMC6239435,,2018,Innovation in Aging,abstract,metares;reg;stats,0,1,0,none,
PMC6286475,30518583,2018,BMJ open,"Journal Article;Research Support, Non-U.S. Gov't",metares;reg,0,1,1,none,
PMC6289406,30532236,2018,PLoS biology,"Journal Article;Research Support, N.I.H., Extramural;Comment",metares,0,1,1,none,
PMC6289570,30526855,2018,eLife,"Journal Article;Research Support, Non-U.S. Gov't",metares;repro,0,1,1,back-sec-type,"Data availabilityAdditional detailed experimental notes, data, and analysis are available on OSF (RRID:SCR_003238) (https://osf.io/ewqzf/; Kim et al., 2018). This includes the R Markdown file (https://osf.io/hz3k7/) that was used to compose this manuscript, which is a reproducible document linking the results in the article directly to the data and code that produced them (Hartgerink, 2017).The following dataset was generated:KimJAfshariASenguptaRSebastianoVGuptaAKimYHIornsETsuiRDenisAPerfitoNErringtonTM2018Study 42: Replication of Peinado et al., 2012 (Nature Medicine)Open Science Framework10.17605/OSF.IO/EWQZF"
PMC6292557,29769384,2018,The oncologist,Journal Article,equity;metares;report,0,1,0,none,
PMC6294901,30530666,2018,Proceedings of the National Academy of Sciences of the United States of America,"Journal Article;Research Support, N.I.H., Extramural;Research Support, Non-U.S. Gov't;Research Support, U.S. Gov't, Non-P.H.S.",metares,0,1,0,none,
PMC6294902,30530667,2018,Proceedings of the National Academy of Sciences of the United States of America,"Journal Article;Research Support, N.I.H., Extramural;Research Support, U.S. Gov't, Non-P.H.S.",metares,0,1,0,none,
PMC6294962,30530676,2018,Proceedings of the National Academy of Sciences of the United States of America,"Journal Article;Research Support, U.S. Gov't, Non-P.H.S.;Research Support, Non-U.S. Gov't",metares,0,1,0,none,
PMC6303574,30530583,2018,BMJ open,"Journal Article;Research Support, Non-U.S. Gov't",metares;reg,0,1,1,none,
PMC6326723,30574870,2018,eLife,"Journal Article;Research Support, N.I.H., Extramural;Research Support, Non-U.S. Gov't",metares;report,0,1,1,back-sec-type,"Data availabilityAll data from the systematic review has been uploaded with the manuscript, along with the abstraction protocol."
PMC6327109,30196129,2018,Journal of clinical epidemiology,"Journal Article;Research Support, Non-U.S. Gov't",metares,0,1,1,none,
PMC6374071,30720433,2019,eLife,"Journal Article;Research Support, Non-U.S. Gov't",metares;repro,0,1,1,back-sec-type,Data availabilityAll data cited in the article is available at the project's site at the Open Science Framework (https://osf.io/6av7k/).The following dataset was generated:AmaralOBNevesKWasilewska-SampaioAPCarneiroCFD2018Data from The Brazilian Reproducibility Initiative: a systematic assessment of Brazilian biomedical scienceOpen Science Framework10.17605/OSF.IO/6AV7K
PMC6377509,30782912,2019,BMJ open,"Journal Article;Research Support, Non-U.S. Gov't;Validation Study;Clinical Trial Protocol",coi;metares;oa;reg,0,1,1,none,
PMC6392271,30811451,2019,PloS one,"Journal Article;Research Support, Non-U.S. Gov't",metares;repro,0,1,1,front-notes-title,Data AvailabilityThe data and code underlying this study have been deposited to GitHub and may be accessed via https://github.com/info4cure/PROSPERO_protocols_demographics.
PMC6414201,30860027,2019,eLife,"Journal Article;Research Support, Non-U.S. Gov't",metares;repro,0,1,1,back-sec-type,"Data availabilityAdditional detailed experimental notes, data, and analysis are available on OSF (RRID:SCR_003238) (https://osf.io/gb7sr/; Yan et al., 2018). This includes the R Markdown file (https://osf.io/e89mt/) that was used to compose this manuscript, which is a reproducible document linking the results in the article directly to the data and code that produced them (Hartgerink, 2017). Flow cytometry data for this study has also been deposited at Flow Repository (RRID:SCR_013779; Spidlen et al., 2012), where it is directly accessible at https://flowrepository.org/id/FR-FCM-ZYNB.The following datasets were generated:YanXTangBChenBShanY2018Study 28: Replication of Liu et al., 2011 (Nature Medicine)Open Science Framework10.17605/OSF.IO/GB7SRYanXTangBChenB2018Replication Study: The microRNA miR-34a inhibits prostate cancer stem cells and metastasis by directly repressing CD44FlowrepositoryFR-FCM-ZYNB10.7554/eLife.43511PMC641420130860027"
PMC6427845,30894161,2019,BMC medicine,"Journal Article;Meta-Analysis;Research Support, Non-U.S. Gov't;Review",metares,0,1,1,back-sec-type,Availability of data and materialsAll data extracted during this study are provided in Additional file 1: Tables S1a-d.
PMC6435840,30857597,2019,British journal of anaesthesia,Journal Article,metares;repro,0,1,0,none,
PMC6469309,30418549,2019,International journal of epidemiology,"Journal Article;Meta-Analysis;Research Support, Non-U.S. Gov't",metares,0,1,1,none,
PMC6472427,31000709,2019,Scientific data,"Dataset;Journal Article;Research Support, Non-U.S. Gov't;Research Support, U.S. Gov't, Non-P.H.S.",metares,0,1,1,none,
PMC6475368,30988208,2019,Proceedings of the National Academy of Sciences of the United States of America,Introductory Journal Article,metares,0,1,0,none,
PMC6475393,30642954,2019,Proceedings of the National Academy of Sciences of the United States of America,Journal Article,metares,0,1,0,none,
PMC6500242,30940759,2019,BMJ open,"Journal Article;Research Support, Non-U.S. Gov't;Review",metares,0,1,1,none,
PMC6500379,30940766,2019,BMJ open,"Journal Article;Research Support, Non-U.S. Gov't",metares;repro,0,1,1,none,
PMC6502358,31183113,2019,Royal Society open science,Journal Article,metares;repro;retract;stats,0,1,1,none,
PMC6510536,31017570,2019,eLife,"Journal Article;Research Support, N.I.H., Extramural;Research Support, Non-U.S. Gov't",biblio;metares;oa,0,1,1,back-sec-type,Data availabilitySource data for all figures have been provided in supporting files. A database snapshot containing all data collected for this study has been deposited in a Zenodo repository with DOI 10.5281/zenodo.2465688.The following datasets were generated:AbdillRJBlekhmanR2019Data from: Tracking the popularity and outcomes of all bioRxiv preprintsZenodo10.5281/zenodo.2465688PMC651053631017570AbdillRJBlekhmanR2019Complete Rxivist dataset of scraped bioRxiv dataZenodo10.5281/zenodo.2529922
PMC6512293,31074821,2019,JAMA network open,Journal Article;Review,metares,0,1,1,none,
PMC6518431,31131084,2018,F1000Research,"Journal Article;Research Support, Non-U.S. Gov't",metares,0,1,1,none,
PMC6524137,30590190,2018,Journal of clinical epidemiology,"Journal Article;Meta-Analysis;Research Support, Non-U.S. Gov't;Research Support, U.S. Gov't, P.H.S.",metares;stats,0,1,1,none,
PMC6528747,30715291,2019,GigaScience,Journal Article,metares;reg;repro,0,1,1,none,
PMC6541803,31144712,2019,GigaScience,"Journal Article;Research Support, Non-U.S. Gov't",biblio;metares,0,1,1,none,
PMC6549967,31218016,2019,Royal Society open science,Journal Article,metares,0,1,1,none,
PMC6561156,31036658,2019,Proceedings of the National Academy of Sciences of the United States of America,"Journal Article;Research Support, Non-U.S. Gov't;Research Support, U.S. Gov't, Non-P.H.S.",metares,0,1,0,none,
PMC6584130,31215867,2019,eLife,"Journal Article;Research Support, Non-U.S. Gov't",metares;repro;stats,0,1,1,back-sec-type,"Data availabilityAdditional detailed experimental notes, data, and analysis are available on OSF (RRID:SCR_003238) (https://osf.io/pgjhx/; Essex et al., 2019). This includes the R Markdown file (https://osf.io/d6qp8/) that was used to compose this manuscript, which is a reproducible document linking the results in the article directly to the data and code that produced them (Hartgerink, 2017). Flow cytometry data for this study has also been deposited at Flow Repository (RRID:SCR_013779; Spidlen et al., 2012), where it is directly accessible at https://flowrepository.org/id/FR-FCM-ZYUG.The following datasets were generated:EssexAPinedaJAcharyaGXinHEvansJIornsETsuiRDenisAPerfitoNErringtonTM2019Study 9: Replication of Vermeulen et al., 2010 (Nature Cell Biology)Open Science Framework10.17605/OSF.IO/PGJHXEssexAPinedaJAcharyaGXinHEvansJIornsETsuiRDenisAPerfitoNErringtonTM2019Replication Study: Wnt activity defines colon cancer stem cells and is regulated by the microenvironmentFlowRepositoryFR-FCM-ZYUG10.7554/eLife.45426PMC658413031215867"
PMC6587552,30515916,2018,International journal of methods in psychiatric research,"Journal Article;Research Support, Non-U.S. Gov't",metares,0,1,1,none,
PMC6606034,31264964,2019,eLife,"Journal Article;Research Support, Non-U.S. Gov't;Research Support, U.S. Gov't, Non-P.H.S.",metares;repro,0,1,1,back-sec-type,"Data availabilityThe datasets generated or analysed during this study are included in the manuscript and supporting files and have been made available at OSF (http://dx.doi.org/10.17605/OSF.IO/XMVDA).The following dataset was generated:ValentinDanchevAndreyRzhetskyJamesA Evans2019Centralized scientific communities are less likely to generate replicable resultsOpen Science Framework10.17605/OSF.IO/XMVDAPMC660603431264964The following previously published datasets were used:TheBroad Institute2015L1000 Connectivity Map perturbational profiles from Broad Institute LINCS Center for Transcriptomics LINCS PHASE *II* (n=354,123; updated March 30, 2017)NCBI Gene Expression OmnibusGSE70138MDIBiological LaboratoryNCState University2016Comparative Toxicogenomics DatabaseComparative Toxicogenomics DatabaseChemical-gene interactions"
PMC6611132,31316755,2019,F1000Research,"Journal Article;Research Support, Non-U.S. Gov't",metares;report,0,1,1,none,
PMC6616996,31216757,2019,Journal of clinical medicine,Journal Article,metares,0,1,1,none,
PMC6618901,31333423,2019,Frontiers in integrative neuroscience,Systematic Review;Journal Article,biblio;metares,0,1,1,none,
PMC6625550,31328008,2019,Psychologica Belgica,Journal Article,metares,0,1,1,none,
PMC6657347,28192563,2017,JAMA internal medicine,"Journal Article;Research Support, N.I.H., Extramural",metares,0,1,1,none,
PMC6661648,31315871,2019,BMJ open,Journal Article,metares;report;waste,0,1,1,none,
PMC6663028,31356629,2019,PloS one,Journal Article,metares;report,0,1,1,front-notes-title,Data AvailabilityAll relevant data are within the paper and its Supporting Information files.
PMC6677534,31305239,2019,eLife,"Journal Article;Research Support, Non-U.S. Gov't",biblio;metares,0,1,1,back-sec-type,Data availabilityAll final data and analytical scripts are available on GitHub: https://github.com/ipoga/gendcit (copy archived at https://github.com/elifesciences-publications/gendcit).
PMC6713885,31434596,2019,Primary health care research & development,"Journal Article;Research Support, N.I.H., Extramural",metares;peerrev,0,1,1,none,
PMC6724156,31469391,2019,JAMA network open,"Journal Article;Research Support, Non-U.S. Gov't;Systematic Review",coi;metares;report,0,1,1,none,
PMC6728730,31517081,2019,Heliyon,Journal Article,metares,0,1,1,none,
PMC6731820,31481564,2019,BMJ open,"Journal Article;Research Support, N.I.H., Extramural;Review",biblio;coi;metares;reg;repro,0,1,1,none,
PMC6731867,31481368,2019,BMJ open,"Journal Article;Research Support, Non-U.S. Gov't",metares,0,1,1,none,
PMC6743032,31565236,2019,Psychologica Belgica,Journal Article;Review,metares;repro;stats,0,1,1,none,
PMC6744883,31451665,2019,Proceedings of the National Academy of Sciences of the United States of America,"Journal Article;Research Support, Non-U.S. Gov't",metares,0,1,0,none,
PMC6752782,31536575,2019,PloS one,Journal Article,metares,0,1,1,front-notes-title,Data AvailabilityData are available within the Supporting Information files.
PMC6773229,31608303,2019,"Temperature (Austin, Tex.)",Journal Article;Review,metares;reg,0,1,0,none,
PMC6773296,31558457,2019,BMJ open,Journal Article,metares;reg;report,0,1,1,none,
PMC6776492,31473979,2019,CNS drugs,"Journal Article;Research Support, Non-U.S. Gov't",metares,0,1,1,none,
PMC6778415,31598577,2019,Current developments in nutrition,Journal Article,metares,0,1,1,none,
PMC6805640,31639007,2019,BMC medicine,Journal Article;Meta-Analysis,metares,0,1,1,back-notes-type,Availability of data and materialsThe datasets used and/or analyzed during the current study are available from the corresponding author on reasonable request (Joshua.wallach@yale.edu).
PMC6814034,31653275,2019,Systematic reviews,Journal Article,metares,0,1,1,none,
PMC6814120,31651263,2019,BMC cancer,Journal Article,metares,0,1,1,back-notes-type,Availability of data and materialsAll analysed data from this study are included in this published article and its additional files. All data generated during the current study are available from the corresponding author on reasonable request.
PMC6822154,31587799,2019,Journal of Ayurveda and integrative medicine,Editorial,metares,0,1,1,none,
PMC6825301,31611374,2019,Proceedings of the National Academy of Sciences of the United States of America,Journal Article,biblio;metares,0,1,0,none,
PMC6827233,31700654,2019,Pilot and feasibility studies,Journal Article,biblio;metares,0,1,1,back-notes-type,Availability of data and materialsThe datasets used and/or analysed during the current study are available from the corresponding author on reasonable request.
PMC6828205,30406805,2018,Intensive care medicine,Journal Article;Published Erratum,metares,0,1,0,none,
PMC6829801,31684874,2019,BMC medical research methodology,Journal Article,metares;report,0,1,1,back-notes-type,Availability of data and materialsThe datasets used and/or analyzed during the current study are available from the corresponding author on reasonable request.
PMC6865031,31832239,2019,Research involvement and engagement,Journal Article,metares;retract;waste,0,1,1,back-notes-type,Availability of data and materialsN/A.
PMC6880799,31764261,2019,Journal of acquired immune deficiency syndromes (1999),Journal Article,metares,0,1,1,none,
PMC6916311,31857745,2019,"Journal of the Royal Statistical Society. Series A, (Statistics in Society)",Journal Article,,0,1,1,none,
PMC6917486,31845646,2019,eLife,Journal Article,metares;repro,0,1,1,none,
PMC6917490,31845647,2019,eLife,"Journal Article;Research Support, Non-U.S. Gov't;Comment",metares;repro,0,1,1,back-sec-type,"Data availabilityAdditional detailed experimental notes, data, and analysis are available on OSF (RRID:SCR_003238) (https://osf.io/7yqmp/; Sheen et al., 2018). This includes the R Markdown file (https://osf.io/rd3yf/) that was used to compose this manuscript, which is a reproducible document linking the results in the article directly to the data and code that produced them (Hartgerink, 2017). The image analysis workflow generated during this study is available on Amazon Web Services (AWS) as an Amazon Machine Image (AMI). The machine image is located in the N. Virginia (us-east-1) region with the AMI ID: ami-09ee55780b0c19120, and AMI Name: rpcb-analysis-study20. Computation was performed on an Instance Type of m5.4xlarge (16 vCPU, 64 GiB Memory), with 500 GiB of Elastic Black Store (EBS) storage, and running Windows Server 2016. The administrator account password required to login is ""RPCB!Analysis"".The following dataset was generated:SheenMRFieldsJLNorthanBLacosteJAngL-HFieringSNIornsETsuiRDenisAHaseltonMPerfitoNErringtonTM2018Study 20: Replication of Goetz et al., 2011 (Cell)Open Science Framework10.17605/OSF.IO/7YQMP"
PMC6925515,31862012,2019,Systematic reviews,"Journal Article;Research Support, U.S. Gov't, P.H.S.",metares;report,0,1,1,back-notes-type,Availability of data and materialsThe data gathered during this project are available publicly through https://srdr.ahrq.gov/projects/1324.
PMC6936276,31903199,2019,Royal Society open science,Journal Article,metares;report;repro;stats,0,1,1,none,
PMC6971910,31959198,2020,Health research policy and systems,Journal Article;Systematic Review,metares,0,1,1,back-notes-type,Availability of data and materialsNot applicable.
PMC6986940,32025153,2020,Bioinformation,Editorial,metares,0,1,1,none,
PMC6992172,31999702,2020,PloS one,"Journal Article;Meta-Analysis;Research Support, Non-U.S. Gov't;Systematic Review",biblio;metares;reg,0,1,1,front-notes-title,Data AvailabilityWe have archived the dataset in Warwick Research Archive Portal and have been given this link http://wrap.warwick.ac.uk/131604.
PMC6994972,31937664,2020,Proceedings of the National Academy of Sciences of the United States of America,"Journal Article;Research Support, Non-U.S. Gov't",metares,0,1,0,none,
PMC7003412,32699641,2020,Pilot and feasibility studies,Journal Article,metares,0,1,1,back-notes-type,"Availability of data and materialsIn addition to the supplementary information files which are included in this published article, the dataset generated and analyzed during the current study is available from the corresponding author on reasonable request."
PMC7012388,32045410,2020,PLoS biology,Journal Article,metares;repro,0,1,1,none,
PMC7014578,32089830,2019,F1000Research,"Journal Article;Research Support, N.I.H., Extramural;Research Support, Non-U.S. Gov't",metares,0,1,1,none,
PMC7027584,31730266,2019,Pharmacoepidemiology and drug safety,"Journal Article;Meta-Analysis;Research Support, Non-U.S. Gov't;Review",metares,0,1,1,none,
PMC7044835,31964662,2020,BMJ open,Journal Article,metares,0,1,1,none,
PMC7047221,32153391,2020,Frontiers in pharmacology,Journal Article,metares;stats,0,1,1,none,
PMC7050014,32337483,2019,JNCI cancer spectrum,Journal Article,metares;reg,0,1,1,none,
PMC7057525,32131827,2020,BMC biology,Editorial;Introductory Journal Article,metares,0,1,1,back-notes-type,Availability of data and materialsNot applicable.
PMC7060730,32071248,2020,Proceedings of the National Academy of Sciences of the United States of America,"Journal Article;Research Support, Non-U.S. Gov't;Research Support, U.S. Gov't, Non-P.H.S.",biblio;metares,0,1,1,none,
PMC7062098,32257301,2020,Royal Society open science,Journal Article,coi;metares;repro,0,1,1,none,
PMC7089765,32142406,2020,eLife,Journal Article,biblio;metares,0,1,1,back-sec-type,"Data availabilityWith the approval and support of the Wikimedia Foundation (WMF), we accessed the data presented in this study via the Wikimedia's Event Logging system and the production MediaWiki database. Due to WMF data policies intended to protect the privacy of readers and editors, all of the data collected and analyzed has had to remain within their protected data environment. Therefore, the data is not publicly available. While this data is not publicly available, data may be available upon request from the WMF research team. To gain access to the data, researchers should review the WMF Research Team's current procedures for data requests (https://www.mediawiki.org/wiki/wikimedia_research/research_and_data). The WMF Research Team will evaluate the request based on Wikimedia's data access criteria. The code utilized to collect and analyze the data, however, is organized and made publicly available in a collated series of Jupyter notebooks at: https://github.com/ryanmax/wiki-citation-usage/ (Steinberg et al., 2019; copy archived at https://github.com/elifesciences-publications/wiki-citation-usage)."
PMC7100597,32231868,2020,PeerJ,Journal Article,biblio;metares;repro,0,1,1,none,
PMC7112950,32159513,2020,eLife,Journal Article,datashare;metares;repro,1,1,1,back-sec-type,Data availabilityData and analysis scripts are available at the article's Open Science Framework webpage https://osf.io/z524n/.The following previously published datasets were used:VanCappellen PWayBMIsgettSFFredricksonBL2016Effects of oxytocin administration on spirituality and emotional responses to meditationOpen Science Frameworkhttps://osf.io/rk2x7/10.1093/scan/nsw078PMC504091927317929JonesBCDeBruineL2019Sociosexuality and self-rated attractivenessOpen Science FrameworkDOI: 10.17605/OSF.IO/6BK3W
PMC7115978,32851123,2020,Animal behavior and cognition,Journal Article,metares;reg;repro,0,1,1,none,
PMC7146898,32272941,2020,Health research policy and systems,Journal Article,metares,0,1,1,back-notes-type,Availability of data and materialsAll data generated or analysed during this study are included in this published article and its supplementary information files.
PMC7160588,32307948,2020,Journal of menopausal medicine,Journal Article,metares,0,1,1,none,
PMC7173959,32314733,2020,eLife,Journal Article;Comment,metares;repro,0,1,1,none,
PMC7176952,31401820,2019,Cancer research and treatment,Journal Article;Meta-Analysis,metares;stats,0,1,1,none,
PMC7184711,32336279,2020,BMC medical research methodology,Journal Article,metares;reg;report,0,1,1,back-notes-type,Availability of data and materialsAll data generated or analysed during this study are included in this published article and its supplementary information files.
PMC7185998,32314732,2020,eLife,"Journal Article;Research Support, Non-U.S. Gov't",metares;repro,0,1,1,back-sec-type,"Data availabilityAdditional detailed experimental notes, data, and analysis are available on OSF (RRID:SCR_003238) (https://osf.io/yyqas/; Pandya et al., 2018). This includes the R Markdown file (https://osf.io/v3cag/) that was used to compose this manuscript, which is a reproducible document linking the results in the article directly to the data and code that produced them (Hartgerink, 2017).The following dataset was generated:PandyaKKerwinJCowleyDKhanIIornsETsuiRDenisAPerfitoNErringtonTM2019Study 1: Replication of Poliseno et al., 2010 (Nature)Open Science Framework10.17605/OSF.IO/YYQAS"
PMC7190062,31964641,2020,BMJ (Clinical research ed.),"Journal Article;Meta-Analysis;Research Support, Non-U.S. Gov't",metares;repro,0,1,1,none,
PMC7191944,31852680,2019,BMJ (Clinical research ed.),Journal Article,metares;waste,0,1,1,none,
PMC7211484,32316884,2020,"Journal of the Royal Society, Interface","Historical Article;Journal Article;Research Support, Non-U.S. Gov't;Research Support, U.S. Gov't, Non-P.H.S.",biblio;metares,0,1,0,none,
PMC7227529,38620287,2020,Biosafety and health,Journal Article,biblio;metares,0,1,1,none,
PMC7232809,32432182,2017,Tobacco prevention & cessation,Journal Article;Review,metares,0,1,1,none,
PMC7237204,32425159,2020,eLife,"Journal Article;Research Support, Non-U.S. Gov't",datashare;metares;stats,1,1,1,back-sec-type,Data availabilityAll empirical data used in Figure 3 originates from the Human Connectome Project (https://www.humanconnectome.org/) from the 1200 healthy subject release. Code for the simulations and analyses is available at https://github.com/wiheto/datasetdecay.
PMC7250615,,2020,The Semantic Web,chapter-article,metares;repro,0,1,1,none,
PMC7278161,32513119,2020,BMC medical research methodology,"Journal Article;Research Support, Non-U.S. Gov't",metares,0,1,1,back-notes-type,Availability of data and materialsThe datasets used and/or analyzed during the current study are available in the SUPPLEMENTARY MATERIAL.
PMC7282816,32513386,2020,eLife,"Journal Article;Research Support, Non-U.S. Gov't",biblio;metares,0,1,1,back-sec-type,Data availabilityAll data generated or analysed during this study are included in the manuscript and supporting files. Source data files have been provided for Figures 1 and 2.
PMC7286515,32520949,2020,PloS one,Journal Article,metares;reg,0,1,1,front-notes-title,Data AvailabilityAll relevant data are within the paper and its Supporting Information files.
PMC7286844,31872365,2019,Science and engineering ethics,"Journal Article;Research Support, N.I.H., Extramural",metares,0,1,1,none,
PMC7304625,32559236,2020,PloS one,"Journal Article;Research Support, Non-U.S. Gov't",metares,0,1,1,front-notes-title,Data AvailabilityAll relevant data are within the manuscript and its Supporting Information files.
PMC7304994,32538780,2020,eLife,Comparative Study;Journal Article,biblio;metares,0,1,1,back-sec-type,Data availabilityThe final dataset for the main analysis is available on OSF: https://osf.io/cpv2m/.The following dataset was generated:AndersenJPNielsenMW2020Inferred gender of COVID-19 researchers per articleOpen Science Frameworkcpv2m
PMC7322031,32513724,2020,Proceedings of the National Academy of Sciences of the United States of America,Journal Article,biblio;metares,0,1,0,none,
PMC7322065,32522881,2020,Proceedings of the National Academy of Sciences of the United States of America,"Journal Article;Research Support, N.I.H., Extramural;Research Support, U.S. Gov't, Non-P.H.S.",metares,0,1,1,none,
PMC7323033,32558931,2020,European journal of clinical investigation,Journal Article,datashare;metares;waste,1,1,0,none,
PMC7336649,32631423,2020,Biology of sex differences,"Journal Article;Research Support, Non-U.S. Gov't;Systematic Review",metares,0,1,1,back-notes-type,Availability of data and materialsAll data generated or analyzed during this study are included in this published article [and its supplementary information files].
PMC7352026,32318902,2020,Journal of general internal medicine,"Journal Article;Research Support, N.I.H., Extramural",metares,0,1,0,none,
PMC7353915,32714658,2020,PeerJ,Journal Article,metares;oa,0,1,1,none,
PMC7360372,32530420,2020,eLife,"Journal Article;Research Support, N.I.H., Extramural;Research Support, Non-U.S. Gov't",metares,0,1,1,back-sec-type,"Data availabilityThe authors confirm that, for approved reasons, access restrictions apply to the data underlying the findings. Raw data underlying this study cannot be made publicly available in order to safeguard participant anonymity and that of their organizations. Ethical approval for the project was granted on the basis that only aggregated data is provided (as has been provided in the supplementary tables) (with appropriate anonymization) as part of this publication."
PMC7382035,32711571,2020,Arthritis research & therapy,"Journal Article;Research Support, Non-U.S. Gov't;Review",metares;reg,0,1,1,back-notes-type,Availability of data and materialsThe data that support the findings of this study are available from the corresponding author (RC) upon reasonable request.
PMC7382846,32711471,2020,BMC medical research methodology,"Journal Article;Research Support, Non-U.S. Gov't",metares;reg,0,1,1,back-notes-type,Availability of data and materialsThe datasets generated during and/or analyzed during the current study are available from the corresponding author on reasonable request.
PMC7384855,32716295,2020,eLife,"Journal Article;Research Support, N.I.H., Extramural;Research Support, Non-U.S. Gov't",biblio;metares;oa,0,1,1,back-sec-type,"Data availabilityAll data has been deposited in a versioned repository at Zenodo.org. Source data files have been provided for all figures, along with the code used to generate each plot. Code used to collect and analyze data has been deposited at https://github.com/blekhmanlab/biorxiv_countries (copy archived at https://github.com/elifesciences-publications/biorxiv_countries).The following dataset was generated:AbdillRJAdamowiczEMBlekhmanR2020Data from: International authorship and collaboration across bioRxiv preprintsZenodo10.5281/zenodo.3762814PMC738485532716295"
PMC7390598,32678065,2020,eLife,"Journal Article;Research Support, Non-U.S. Gov't",metares;peerrev,0,1,1,back-sec-type,"Data availabilityThe journal dataset required a data sharing agreement to be established between authors and publishers. A protocol on data sharing entitled 'TD1306 COST Action New frontiers of peer review (PEERE) PEERE policy on data sharing on peer review' was signed by all partners involved in this research on 1 March 2017, as part of a collaborative project funded by the EU Commission. The protocol established rules and practices for data sharing from a sample of scholarly journals, which included a specific data management policy, including data minimization, retention and storage, privacy impact assessment, anonymization, and dissemination. The protocol required that data access and use were restricted to the authors of this manuscript and data aggregation and report were done in such a way to avoid any identification of publishers, journals or individual records involved. The protocol was written to protect the interests of any stakeholder involved, including publishers, journal editors and academic scholars, who could be potentially acted by data sharing, use and release. The full version of the protocol is available on the peere.org website. To request additional information on the dataset and for any claim or objection, please contact the PEERE data controller at info@peere.org."
PMC7399971,32709073,2020,"Pathogens (Basel, Switzerland)",Journal Article,biblio;metares,0,1,1,none,
PMC7402002,32747348,2020,BMJ open,Journal Article,metares;reg;report,0,1,1,none,
PMC7417389,31965429,2020,Science and engineering ethics,Journal Article,metares;retract;stats,0,1,1,none,
PMC7433866,32810192,2020,PloS one,"Journal Article;Research Support, Non-U.S. Gov't",metares;stats,0,1,1,front-notes-title,Data AvailabilityAll relevant data are within the manuscript and its Supporting Information files.
PMC7449896,32971486,2020,Social science & medicine (1982),"Journal Article;Research Support, Non-U.S. Gov't",biblio;metares,0,1,1,none,
PMC7456323,32762563,2020,JCO global oncology,"Journal Article;Research Support, Non-U.S. Gov't;Review",metares;reg,0,1,1,none,
PMC7482431,32416338,2020,Journal of clinical epidemiology,"Journal Article;Research Support, Non-U.S. Gov't",metares,0,1,1,none,
PMC7487909,32894052,2020,BMC medical research methodology,Journal Article;Review,metares;waste,0,1,1,back-notes-type,Availability of data and materialsData sharing is not applicable to this article as no new data were created or analyzed in this study.
PMC7497175,32449308,2020,Journal of evidence-based medicine,Journal Article,metares;report,0,1,1,none,
PMC7514497,,2019,Entropy,research-article,biblio;metares,0,1,1,none,
PMC7519325,32900947,2020,Proceedings of the National Academy of Sciences of the United States of America,Journal Article,metares,0,1,0,none,
PMC7521955,32985150,2020,Dementia and neurocognitive disorders,Journal Article,metares;reg;stats,0,1,1,none,
PMC7536542,32924933,2020,eLife,"Journal Article;Research Support, Non-U.S. Gov't",metares;oa,0,1,1,back-sec-type,"Data availabilityOur technical infrastructure is constructed based on the aim to make openly available both the data and analysis code as much as possible. The derived datasets for analysis, visualisation codes, and the SQL queries used to generate the derived datasets are all made available online as described in Supplementary file 1. Raw data is not provided to preserve the anonymity of institutions and respect the terms of service of data providers.The following datasets were generated: HuangC-K NeylonC HoskingR MontgomeryL WilsonK OzaygenA Brookes-KenworthyC 2020Data and Intermediate Queries for: Evaluating institutional open access performance: Methodology, challenges and assessmentZenodo10.5281/zenodo.3693221 HuangC-K NeylonC HoskingR MontgomeryL WilsonK OzaygenA Brookes-KenworthyC 2020Jupyter Notebooks for the article: Evaluating institutional open access performance: Methodology, challenges and assessmentZenodo10.5281/zenodo.3716063"
PMC7541870,32458619,2020,Asian Pacific journal of cancer prevention : APJCP,Journal Article;Meta-Analysis,metares,0,1,1,none,
PMC7551021,32846999,2020,"Healthcare (Basel, Switzerland)",Journal Article,metares,0,1,1,none,
PMC7556863,32701448,2020,eLife,"Journal Article;Research Support, Non-U.S. Gov't",metares,0,1,1,back-sec-type,"Data availabilityThe analysis code and data to replicate all parts of the analyses and generate the figures and tables are available from GitHub: https://github.com/agbarnett/acronyms (copy archived at https://github.com/elifesciences-publications/acronyms). We welcome re-use and the repository is licensed under the terms of the MIT license. Data was originally downloaded from the PubMed Baseline Repository (March 23, 2020; https://ftp.ncbi.nlm.nih.gov/pubmed/baseline/)."
PMC7561355,32930092,2020,eLife,Journal Article,metares;repro;stats,0,1,1,back-sec-type,Data availabilityThere are no empirical data because mathematical modelling was employed to assess the impact of various factors on the replication of significant results.
PMC7568864,32592384,2020,Asian Pacific journal of cancer prevention : APJCP,Journal Article;Meta-Analysis,metares,0,1,1,none,
PMC7572125,33073769,2020,eLife,"Journal Article;Research Support, Non-U.S. Gov't",metares;repro,0,1,1,back-sec-type,"Data availabilityAdditional detailed experimental notes, data, and analysis are available on OSF (RRID:SCR_003238) (https://osf.io/oblj1/; Wang et al., 2020). This includes the R Markdown file (https://osf.io/e2cun/) that was used to compose this manuscript, which is a reproducible document linking the results in the article directly to the data and code that produced them (Hartgerink, 2017).The following dataset was generated:WangHRadomskaHSPhelpsMAIornsETsuiRDenisAPerfitoNErringtonTM2020Study 24: Replication of Tay et al., 2011 (Cell)Open Science Framework10.17605/OSF.IO/OBLJ1"
PMC7597013,33292715,2020,Pilot and feasibility studies,Journal Article,metares,0,1,1,back-notes-type,Availability of data and materialsThe full dataset is available from the corresponding author upon request.
PMC7615127,37766916,2023,Collective intelligence,Journal Article,metares,0,1,1,back-sec-type,Data availabilityThe data for this paper are available on Figshare at: https://doi.org/10.6084/m9.figshare.19454039
PMC7618276,38944059,2024,Journal of clinical epidemiology,"Journal Article;Systematic Review;Research Support, Non-U.S. Gov't",metares,0,1,1,back-sec-type,Data availabilityData will be made available on request.
PMC7647337,30830170,2019,Journal of the American Medical Informatics Association : JAMIA,"Journal Article;Research Support, Non-U.S. Gov't",biblio;metares,0,1,0,none,
PMC7647398,33063664,2020,eLife,"Journal Article;Meta-Analysis;Research Support, Non-U.S. Gov't",metares;reg;repro,0,1,1,back-sec-type,"Data availabilityThe raw dataset used for analysis, including references to individual studies, are available Figure 1-source data 1 and deposited in the Dryad repository at https://doi.org/10.5061/dryad.pzgmsbcgc. R code used for analysis are available in Source code 1. Source data files have been provided for Figures 2-8.The following dataset was generated:MannJP2020Data from: Weight loss, insulin resistance, and study design confound results in a meta-analysis of animal models of fatty liverDryad Digital Repository10.5061/dryad.pzgmsbcgcPMC764739833063664"
PMC7647403,33112232,2020,eLife,"Journal Article;Research Support, Non-U.S. Gov't",equity;metares,0,1,1,back-sec-type,Data availabilityAll data is openly accessible at http://doi.org/10.5281/zenodo.3891055.The following dataset was generated:Robinson-GarciaNCostasRSugimotoCRLarivièreVNaneGF2020Datasets on contributorship and bibliometric variables for the study 'Task specialization and its effects on research careersZenodo10.5281/zenodo.3891055
PMC7648834,33159126,2020,Scientific reports,Editorial;Introductory Journal Article,metares;repro,0,1,1,none,
PMC7657932,33204456,2020,Royal Society open science,Journal Article,metares,0,1,1,none,
PMC7685703,33231169,2020,eLife,"Journal Article;Research Support, N.I.H., Extramural;Research Support, Non-U.S. Gov't",metares,0,1,1,back-sec-type,"Data availabilityNo data was generated for this study. Data underlying this study can be downloaded from the sources indicated in the methods section and used under the respective licenses. The data can be preprocessed with the source code accompanying this manuscript, and - for literature until 2015 - the public source code provided in a former publication of ours, https://github.com/tstoeger/plos_biology_2018_ignored_genes.The following datasets were generated:"
PMC7717900,33211009,2020,eLife,"Journal Article;Research Support, Non-U.S. Gov't",datashare;metares;peerrev;repro,1,1,1,back-sec-type,Data availabilityDe-identified responses to Survey A and coding data for Survey B are publicly available (https://doi.org/10.17605/OSF.IO/CY2RE).The following dataset was generated:HamiltonDGFraserHHoekstraRFidlerF2020Data from: Policies and opinions on peer review: A cross-disciplinary survey.Open Science Framework10.17605/osf.io/cy2rePMC771790033211009
PMC7720125,33023250,2020,Journal of Intelligence,Journal Article,biblio;metares;reg,0,1,1,none,
PMC7731550,33303039,2020,Research integrity and peer review,Journal Article,metares;retract,0,1,1,back-notes-type,Availability of data and materialsThe survey and all anonymized survey responses are available on request.
PMC7742966,33343689,2020,Journal of informetrics,Journal Article,metares,0,1,1,none,
PMC7744610,33343467,2020,Frontiers in psychology,Journal Article;Comment,metares;stats,0,1,1,none,
PMC7745199,33334338,2020,BMC medicine,Journal Article;Review,metares;oa,0,1,1,back-notes-type,Availability of data and materialsThe datasets generated and/or analyzed during the current study will be made publicly available on https://zenodo.org after this report has been published.
PMC7748331,33371154,2020,Medicine,Journal Article,metares,0,1,1,none,
PMC7757389,33381223,2020,Geography compass,Journal Article,metares,0,1,1,none,
PMC7777412,33388080,2021,Systematic reviews,Journal Article,biblio;metares;oa,0,1,1,back-notes-type,Availability of data and materialsAll data generated or analyzed during this study are included in this published article and its supplementary information files.
PMC7779453,32986382,2020,Asian Pacific journal of cancer prevention : APJCP,Journal Article;Meta-Analysis,metares;stats,0,1,1,none,
PMC7780085,33397292,2021,BMC medical research methodology,"Journal Article;Research Support, Non-U.S. Gov't;Systematic Review",datashare;metares;oa,1,1,1,back-notes-type,"Availability of data and materialsWe stand ready to provide the references used in the present study to any researcher willing to reproduce the analysis. To do so, please contact the corresponding author."
PMC7805241,33435977,2021,BMC medicine,"Journal Article;Research Support, Non-U.S. Gov't;Systematic Review",metares;report,0,1,1,back-notes-type,Availability of data and materialsData sharing is not applicable to this article as no datasets were generated or analyzed during the current study.
PMC7806263,33439120,2021,eLife,"Journal Article;Research Support, Non-U.S. Gov't",metares;peerrev,0,1,1,back-sec-type,Data availabilityAll data presented in this study are included in the manuscript and supporting files.
PMC7809068,,2020,Perspectives on Medical Education,editorial,metares,0,1,1,none,
PMC7809077,33315211,2021,Perspectives on medical education,Published Erratum,metares,0,1,0,none,
PMC7810455,33164100,2021,Journal of the American Medical Informatics Association : JAMIA,"Journal Article;Research Support, Non-U.S. Gov't",metares,0,1,0,none,
PMC7821256,33085816,2020,Journal of paediatrics and child health,Journal Article,metares;repro;waste,0,1,1,none,
PMC7822629,31521698,2019,Neuroscience and biobehavioral reviews,"Journal Article;Research Support, Non-U.S. Gov't;Review",metares;repro,0,1,1,none,
PMC7836032,33537552,2021,HRB open research,Journal Article,metares,0,1,1,none,
PMC7838799,33498259,2021,Clocks & sleep,Journal Article;Scoping Review,metares,0,1,1,back-notes-type,Data Availability StatementAll individual animal data presented in this paper are visually available from the figures. Numerical summary data are available in the tables. Individual animal numerical data will be made available on reasonable request from the corresponding author.
PMC7876347,33629039,2020,Gates open research,Journal Article,metares,0,1,1,none,
PMC7890505,33614084,2021,Royal Society open science,Journal Article,datashare;metares;repro,1,1,1,none,
PMC7893969,33602261,2021,Health research policy and systems,Journal Article,metares,0,1,1,back-notes-type,Availability of data and materialsNot applicable.
PMC7898357,33628434,2020,F1000Research,"Journal Article;Research Support, Non-U.S. Gov't",metares;repro,0,1,1,none,
PMC7904195,33626038,2021,PLoS biology,"Journal Article;Research Support, Non-U.S. Gov't",metares,0,1,1,none,
PMC7908009,33637044,2021,BMC medical research methodology,Journal Article,metares;report,0,1,1,back-notes-type,Availability of data and materialsAll data generated or analysed during this study are included in this published article and its supplementary information files.
PMC7923522,33648609,2021,Research integrity and peer review,Journal Article,metares;reg;retract,0,1,1,back-notes-type,Availability of data and materialsThe datasets used and/or analyzed during the current study are available from the corresponding author on reasonable request.
PMC7924640,33816852,2019,PeerJ. Computer science,Journal Article,metares,0,1,1,none,
PMC7926294,33658187,2021,BMJ (Clinical research ed.),Journal Article;Meta-Analysis,metares,0,1,1,none,
PMC7931949,33693368,2019,Frontiers in big data,Journal Article,datashare;metares;repro,1,1,1,none,
PMC7938511,33147614,2021,International journal of epidemiology,"Journal Article;Research Support, Non-U.S. Gov't",metares;repro;stats,0,1,1,none,
PMC7941095,33748432,2021,Wellcome open research,Journal Article,metares;reg;repro,0,1,1,none,
PMC7959659,33817056,2021,PeerJ. Computer science,Journal Article,biblio;metares;oa,0,1,1,none,
PMC7997163,33775812,2021,Journal of clinical epidemiology,Journal Article;Meta-Analysis,biblio;datashare;metares;reg,1,1,1,none,
PMC8009675,33734086,2021,eLife,"Journal Article;Research Support, Non-U.S. Gov't",metares;peerrev,0,1,1,back-sec-type,Data availabilityAll data and code needed to evaluate the conclusions are available here: https://osf.io/x4rj8/.The following dataset was generated:NielsenMW2020Weak evidence of institutional and country-related status biasOpen Science Frameworkx4rj8
PMC8025969,33870053,2020,Frontiers in research metrics and analytics,Journal Article,biblio;metares,0,1,1,none,
PMC8026803,33825984,2021,Cognitive research: principles and implications,"Journal Article;Research Support, U.S. Gov't, Non-P.H.S.",metares,0,1,1,back-notes-type,"Availability of data and materialsThe materials and datasets used during the current study are available in the OSF repository, https://osf.io/yhpxs/."
PMC8028394,33870043,2020,Frontiers in research metrics and analytics,Journal Article,metares,0,1,1,none,
PMC8028417,33870038,2020,Frontiers in research metrics and analytics,Journal Article,metares,0,1,1,none,
PMC8039230,,2021,BMJ Open,other,metares,0,1,1,none,
PMC8040056,33855031,2021,Frontiers in environmental science,Journal Article,metares,0,1,1,none,
PMC8043146,33735097,2021,Journal of medical Internet research,Journal Article;Observational Study,biblio;equity;metares;oa,0,1,1,none,
PMC8059406,33897558,2021,Frontiers in psychology,Journal Article;Review,metares;oa,0,1,1,none,
PMC8059606,33996122,2021,Royal Society open science,Journal Article,metares;repro,0,1,1,none,
PMC8064639,33893092,2021,Science advances,"Journal Article;Research Support, Non-U.S. Gov't;Research Support, U.S. Gov't, Non-P.H.S.",metares,0,1,1,none,
PMC8070868,33888541,2021,BMJ open diabetes research & care,"Journal Article;Research Support, N.I.H., Extramural",metares,0,1,1,back-sec-type,Data availability statementData are available on reasonable request.
PMC8071575,33923391,2021,"Entropy (Basel, Switzerland)",Journal Article,metares;oa;peerrev;stats,0,1,1,back-notes-type,Data Availability StatementThe data presented in this study are available at https://doi.org/10.5281/zenodo.4556988 (accessed on 12 March 2021).
PMC8186071,34098926,2021,BMC surgery,Journal Article,metares,0,1,1,back-notes-type,Availability of data and materialsThe datasets during and/or analysed during the current study available from the corresponding author on reasonable request.
PMC8192251,34168737,2021,World journal of diabetes,Journal Article,metares,0,1,1,none,
PMC8207572,34130658,2021,BMC medical research methodology,"Journal Article;Research Support, Non-U.S. Gov't",metares,0,1,1,back-notes-type,Availability of data and materialsThe datasets used and analysed during the current study are available from the corresponding author on reasonable request.
PMC8213706,34145287,2021,NPJ systems biology and applications,"Journal Article;Research Support, U.S. Gov't, Non-P.H.S.;Review",metares,0,1,1,none,
PMC8221422,34177558,2021,Frontiers in aging neuroscience,Journal Article;Review,metares;report,0,1,1,none,
PMC8242169,34220635,2021,Frontiers in psychology,Journal Article;Review,metares,0,1,1,none,
PMC8242754,33955120,2021,Journal of evaluation in clinical practice,"Journal Article;Meta-Analysis;Research Support, N.I.H., Extramural",metares;reg,0,1,0,none,
PMC8258081,34308119,2021,"BMJ nutrition, prevention & health",Journal Article,metares;stats,0,1,1,back-sec-type,"Data availability statementAlthough most of the data are already presented in the manuscript text, they are also available upon reasonable request. For expression of interest, please contact Prof. Dimitrios G. Goulis."
PMC8272613,34276109,2021,Scientometrics,Journal Article,metares,0,1,1,none,
PMC8273164,34262914,2021,Frontiers in medicine,Systematic Review;Journal Article,metares;reg;report,0,1,1,none,
PMC8273842,33513312,2021,Perspectives on psychological science : a journal of the Association for Psychological Science,Journal Article,metares,0,1,1,none,
PMC8280397,34274489,2021,Journal of clinical epidemiology,"Journal Article;Research Support, Non-U.S. Gov't;Systematic Review",coi;metares,0,1,1,none,
PMC8282034,34264931,2021,PLoS biology,Journal Article;Comment,metares,0,1,1,none,
PMC8286437,34275460,2021,BMC medical research methodology,"Journal Article;Meta-Analysis;Research Support, Non-U.S. Gov't",metares,0,1,1,back-notes-type,"Availability of data and materialsThe collection of the original data set (current reference [9]) from published papers was the joint work of the author (John L Moran) and Dr Petra Graham (see below) and ownership of the data resides with both persons and is thus not available in the public domain, nor in repository."
PMC8306360,34299733,2021,International journal of environmental research and public health,Journal Article,metares,0,1,1,back-notes-type,Data Availability StatementDataset is available in this figshare repository: https://doi.org/10.6084/m9.figshare.13070135 (accessed on 1 June 2021).
PMC8314506,34311793,2021,Trials,Journal Article;Meta-Analysis;Review,metares;reg,0,1,1,back-notes-type,Availability of data and materialsAll data generated or analyzed during this study are included in this published article and its supplementary information files.
PMC8338205,34376878,2021,Scientometrics,Journal Article,biblio;metares;repro;retract,0,1,1,none,
PMC8367918,33179123,2020,Behavior research methods,Journal Article,datashare;metares;repro,1,1,1,none,
PMC8385381,34457332,2021,Royal Society open science,Journal Article,biblio;metares,0,1,1,none,
PMC8414250,34484022,2021,Frontiers in psychology,Journal Article,metares,0,1,1,none,
PMC8424321,34527263,2021,Royal Society open science,Journal Article,metares;repro,0,1,1,none,
PMC8441137,34540248,2021,Royal Society open science,Journal Article,datashare;metares;repro,1,1,1,none,
PMC8441535,34526355,2021,BMJ (Clinical research ed.),Journal Article,metares,0,1,1,back-sec-type,"Data availability statementData were extracted from published meta-analyses, all of which are available and accessible."
PMC8442042,34521659,2021,BMJ open,"Journal Article;Research Support, Non-U.S. Gov't",metares;reg,0,1,1,back-sec-type,"Data availability statementAll data used in this study are publicly available from the Cochrane Library (https://www.cochranelibrary.com/), Google Scholar (https://scholar.google.com/) and SCImago (https://www.scimagojr.com/). All data used in this study are openly available from the Cochrane Library (https://www.cochranelibrary.com/), Google Scholar (https://scholar.google.com/) and SCImago (https://www.scimagojr.com/). Data are also available from the corresponding authors upon reasonable request."
PMC8459734,34616596,2021,PeerJ,Journal Article,datashare;metares;peerrev,1,1,1,none,
PMC8469366,34575290,2021,Journal of clinical medicine,Journal Article;Review,metares,0,1,1,none,
PMC8473607,34589023,2021,Frontiers in psychology,Journal Article;Review,metares,0,1,1,none,
PMC8474973,34631472,2021,World journal of virology,Journal Article;Review,metares;reg;stats,0,1,1,none,
PMC8485337,34596349,2021,Journal of extracellular vesicles,"Journal Article;Meta-Analysis;Research Support, Non-U.S. Gov't",metares;report,0,1,1,none,
PMC8516568,34667374,2021,AI & society,Journal Article,metares,0,1,1,back-notes-type,Data availabilityAnonymised data can be made available upon request via ethics approval.
PMC8522281,34607941,2021,Proceedings of the National Academy of Sciences of the United States of America,Journal Article,metares,0,1,1,back-sec-type,"Data AvailabilityWeb of Science data are available from Clarivate Analytics (https://clarivate.libguides.com/rawdata). Disruption score data (4) are from Lingfei Wu, with replication data at https://doi.org/10.7910/DVN/JPWNNK. Aggregate data used to produce figures are available at https://github.com/advrk/PNAS2021."
PMC8542361,34720253,2021,Scientometrics,Journal Article,metares;oa,0,1,1,back-notes-type,Data availabilityJATSdecoder software is freely available at: https://github.com/ingmarboeschen/JATSdecoder Skripts to reproduce this and other analyses performed with JATSdecoder are stored at: https://github.com/ingmarboeschen/JATSdecoderEvaluation.
PMC8547645,34699558,2021,PloS one,Journal Article,biblio;metares,0,1,1,front-notes-title,Data AvailabilityAll relevant data are within the manuscript and its Supporting Information files.
PMC8559914,34724980,2021,Systematic reviews,Journal Article,metares,0,1,1,back-notes-type,Availability of data and materialsThe datasets created and analyzed during this survey will be available from the corresponding author upon reasonable request.
PMC8562995,34726154,2021,eLife,"Journal Article;Research Support, Non-U.S. Gov't",metares;repro,0,1,1,back-sec-type,Data availabilityAll data generated or analysed during this study are included in the manuscript and supporting files.
PMC8562997,34726155,2021,eLife,Journal Article;Comment,metares,0,1,1,none,
PMC8564260,33645334,2021,Perspectives on psychological science : a journal of the Association for Psychological Science,"Journal Article;Research Support, Non-U.S. Gov't;Research Support, U.S. Gov't, Non-P.H.S.",metares,0,1,1,none,
PMC8577005,34749778,2021,Trials,Journal Article;Systematic Review,metares,0,1,1,back-notes-type,Availability of data and materialsN/A
PMC8607966,34809561,2021,BMC medical research methodology,"Case Reports;Journal Article;Research Support, Non-U.S. Gov't",metares,0,1,1,back-notes-type,"Availability of data and materialsThe data of the manuscript are available upon reasonable request. To obtain the data, please contact the corresponding author."
PMC8608432,34809637,2021,BMC medicine,Journal Article,metares;report,0,1,1,back-notes-type,Availability of data and materialsThe dataset is available at 10.5281/zenodo.5543469.
PMC8626083,34751133,2021,eLife,"Journal Article;Research Support, Non-U.S. Gov't;Research Support, U.S. Gov't, Non-P.H.S.;Consensus Statement",metares,0,1,1,back-sec-type,Data availabilityAll anonymized data as well as the survey materials are publicly shared on the Open Science Framework page of the project: https://osf.io/4zvst/. Our methodology and data-analysis plan were preregistered. The preregistration document can be accessed at: https://osf.io/dgrua.
PMC8647568,35047702,2021,BMJ open science,Systematic Review;Journal Article,metares;reg;report,0,1,1,none,
PMC8647618,35047701,2021,BMJ open science,Journal Article;Review,metares,0,1,1,back-sec-type,Data availability statementData sharing not applicable as no datasets generated and/or analysed for this study.
PMC8654719,34966462,2021,Artery research,Journal Article,metares,0,1,1,back-notes-type,Data AvailabilityThe data and analysis script used for this investigation are provided in an online repository: https://doi.org/10.5683/SP2/BEVNRG
PMC8698292,34944653,2021,Biomedicines,Journal Article,metares,0,1,1,back-notes-type,Data Availability StatementNot applicable. No original data were collected as part of this systematic review and meta-epidemiological study.
PMC8699650,34944859,2021,Cancers,Journal Article,metares;report,0,1,1,none,
PMC8709576,34951588,2021,eLife,"Journal Article;Research Support, Non-U.S. Gov't;Research Support, U.S. Gov't, Non-P.H.S.",biblio;metares,0,1,1,back-sec-type,"Data availabilityThe Elsevier full-text data and the Web of Science bibliographic data used in this study were obtained from proprietary data sources. We are not allowed to share the raw data on which our study is based. We do have permission from Elsevier to share a data set containing the 455,625 citing sentences identified using our disagreement queries. This data set is available in Zenodo (Lamers & Van Eck, 2021, https://doi.org/10.5281/zenodo.5148058). Source data and visualization code for all figures is available at github.com/murrayds/sci-text-disagreement (copy archived at swh:1:rev:b361157a9cfeb536ca255422280e154855b4e9a3).The following dataset was generated: LamersWS Van EckNJ 2021Measuring Disagreement in ScienceZenodo10.5281/zenodo.5148058"
PMC8724217,34599661,2021,European journal of clinical pharmacology,Journal Article;Systematic Review,metares,0,1,1,back-notes-type,Availability of data and materialThe datasets generated during and/or analyzed during the current study are available from the corresponding author on reasonable request.
PMC8724707,34980625,2022,BMJ open,Journal Article,metares;stats,0,1,1,back-sec-type,Data availability statementData are available on reasonable request. Data will be available on request with the first and/or last author. It is data on published randomised controlled trials.
PMC8738847,34989187,2021,Journal of menopausal medicine,Journal Article,metares;reg;stats,0,1,1,none,
PMC8743886,35000439,2022,"Philosophical transactions of the Royal Society of London. Series B, Biological sciences",Journal Article,metares,0,1,0,none,
PMC8749236,35047703,2021,BMJ open science,Journal Article,metares;oa;peerrev,0,1,1,back-sec-type,"Data availability statementNo data are available. In order to protect participant confidentiality, we are not able to provide interview transcripts."
PMC8755584,34779122,2021,Obesity reviews : an official journal of the International Association for the Study of Obesity,"Journal Article;Meta-Analysis;Research Support, N.I.H., Extramural;Research Support, Non-U.S. Gov't;Review",metares,0,1,1,none,
PMC8764684,34983876,2022,Proceedings of the National Academy of Sciences of the United States of America,Journal Article,biblio;metares,0,1,1,back-sec-type,"Data AvailabilityDetailed methods and results tables and code and materials data have been deposited in the University of Luxembourg website (https://sciencebias.uni.lu/app/) and GitHub (https://github.com/DiegoKoz/intersectional_inequalities). All the data for this article are available in the supporting information. Restrictions apply to the proprietary bibliometric data, which is used under license from Clarivate Analytics. To obtain the bibliometric data in the same manner as the authors (i.e., by purchasing them), readers can contact Clarivate Analytics (https://clarivate.com/webofsciencegroup/solutions/web-of-science/contact-us/)."
PMC8773950,35053815,2021,Brain sciences,Editorial,metares,0,1,1,back-notes-type,"Data Availability StatementNo human or animal data were used for this article. “Betty’s” story was woven from a tapestry of realistic events that could apply to millions of people, but are not specific to any individual."
PMC8785283,33682488,2021,Perspectives on psychological science : a journal of the Association for Psychological Science,"Journal Article;Research Support, N.I.H., Extramural;Research Support, Non-U.S. Gov't;Research Support, U.S. Gov't, Non-P.H.S.",coi;metares;reg;repro,0,1,1,none,
PMC8795185,35087178,2022,NPJ digital medicine,Journal Article,metares,0,1,1,back-notes-type,Data availabilityThe authors declare that all data included in the results of this study are available within the paper and the Supplementary files.
PMC8803500,34308960,2022,"Advances in nutrition (Bethesda, Md.)","Journal Article;Research Support, Non-U.S. Gov't",metares,0,1,0,none,
PMC8823499,,2020,Journal of Clinical and Translational Science,abstract,metares;repro,0,1,0,none,
PMC8830385,35210969,2022,Journal of the Medical Library Association : JMLA,Journal Article,biblio;metares;oa,0,1,1,back-sec-type,DATA AVAILABILITY STATEMENTInformation regarding the open citation dataset and the EAV architecture of our web tool are presented in Appendix A.
PMC8830785,35100252,2022,PLoS biology,Editorial,metares,0,1,1,none,
PMC8832688,35144667,2022,BMC research notes,Letter,metares;repro;retract,0,1,1,back-notes-type,Availability of data and materialsNot applicable.
PMC8842915,35164834,2022,BMC research notes,Letter,metares;repro;retract,0,1,1,back-notes-type,Availability of data and materialsNot applicable.
PMC8863703,34173943,2021,Behavior research methods,"Journal Article;Research Support, Non-U.S. Gov't;Review",datashare;metares;repro,1,1,1,back-notes-type,"Data AvailabilityAll materials, data, and analysis script coded have been made publicly available on the Open Science Framework: https://osf.io/xg97b/. Additionally, a Code Ocean capsule reproducing the reported results is available at: 10.24433/CO.6211364.v1"
PMC8864345,35223059,2022,Royal Society open science,Journal Article,metares;repro,0,1,1,none,
PMC8884412,35250242,2022,"Current psychology (New Brunswick, N.J.)",Journal Article,metares;repro;stats,0,1,1,back-notes-type,Data availabilityAll data and materials are publicly available at https://osf.io/5mp67/.
PMC8894828,35246264,2022,Research integrity and peer review,Journal Article,metares;peerrev,0,1,1,back-notes-type,Availability of data and materialsPublications analysed during the current study are in the public domain and may be available from the corresponding author on reasonable request.
PMC8901450,34597198,2021,Perspectives on psychological science : a journal of the Association for Psychological Science,Journal Article,metares,0,1,1,none,
PMC8902028,34283676,2021,Perspectives on psychological science : a journal of the Association for Psychological Science,Journal Article,metares,0,1,1,none,
PMC8921702,35290627,2022,Aging clinical and experimental research,Letter,metares,0,1,1,none,
PMC8936466,35312695,2022,PloS one,Journal Article,metares;repro,0,1,1,front-notes-title,Data AvailabilityThe full dataset has been deposited in Open Science Framework at: (https://osf.io/dpqcu/?view_only=067709636da540329ed456382c6940af).
PMC8942470,35293860,2022,eLife,"Journal Article;Research Support, Non-U.S. Gov't",equity;metares,0,1,1,back-sec-type,"Data availabilityThe current manuscript is a computational study, so no data have been generated for this manuscript. Source code and compiled data are available here: https://github.com/emilbargmann/covid_update (copy archived at swh:1:rev:436c899ca98e80b5f09500bf54b40b3649cc5b02) Raw data are available here: https://github.com/ipoga/covid19_gender."
PMC8961736,35360497,2022,Frontiers in robotics and AI,Journal Article;Review,metares;repro,0,1,1,none,
PMC9005927,36911351,2022,Campbell systematic reviews,Journal Article,metares,0,1,1,none,
PMC9008744,35434719,2021,Personality science,Journal Article,metares;repro,0,1,1,none,
PMC9015816,33651310,2021,Neuroinformatics,"Journal Article;Multicenter Study;Research Support, Non-U.S. Gov't;Research Support, U.S. Gov't, Non-P.H.S.;Research Support, N.I.H., Extramural",datashare;metares;reg;repro,1,1,1,none,
PMC9038190,35373737,2022,eLife,"Journal Article;Research Support, Non-U.S. Gov't",metares;peerrev,0,1,1,back-sec-type,"Data availabilityAll data and code are openly available here https://github.com/agbarnett/career_disruption, (copy archived at swh:1:rev:555bffb51ede3af1511a4707ce35aec87785caa2).The following dataset was generated: BarnettAG 2021Survey of career disruptionGithubagbarnett"
PMC9058779,35487732,2022,BMJ open,"Journal Article;Research Support, Non-U.S. Gov't",metares;oa,0,1,1,none,
PMC9069113,35529420,2022,Frontiers in sports and active living,Systematic Review;Journal Article,metares;report,0,1,1,none,
PMC9086284,35534064,2022,BMJ open,"Journal Article;Research Support, Non-U.S. Gov't",metares;oa,0,1,1,back-sec-type,Data availability statementAll data relevant to the study are included in the article or uploaded as supplementary information.
PMC9086409,35537738,2022,BMJ (Clinical research ed.),Journal Article,metares,0,1,1,back-sec-type,Data availability statementThe dataset will be made available via a publicly accessible repository on publication.
PMC9086644,35534072,2022,BMJ open,Journal Article,metares,0,1,1,back-sec-type,Data availability statementData are available upon reasonable request.
PMC9092682,35538478,2022,BMC medicine,"Journal Article;Research Support, Non-U.S. Gov't",metares,0,1,1,back-notes-type,Availability of data and materialsData are based on published meta-analyses.
PMC9094518,35476675,2022,PLoS medicine,"Journal Article;Research Support, Non-U.S. Gov't",metares;reg;report,0,1,1,front-notes-title,Data AvailabilityAll participating ethics committees were project partners and granted us access to confidential study protocols under the condition that only aggregated data will be made publicly available. All investigators signed a corresponding confidentiality agreement with ethics committees. All aggregated data that were used for this study are presented in Tables and Figures of the manuscript or the appendix. The appendix also includes the used statistical code (STATA; S5 Text).
PMC9103633,35655699,2022,The Journal of the Canadian Chiropractic Association,Journal Article,metares,0,1,0,none,
PMC9107730,35568961,2022,Clinical hypertension,Journal Article,metares;reg;stats,0,1,1,back-notes-type,Availability of data and materialsNo data.
PMC9114975,35582791,2022,Proceedings. Biological sciences,"Journal Article;Research Support, Non-U.S. Gov't",datashare;metares;repro,1,1,0,none,
PMC9132873,34083212,2021,BMJ evidence-based medicine,Journal Article;Review,metares,0,1,1,back-sec-type,Data availability statementData are available upon reasonable request. Requests for data sharing should be sent to the corresponding author at r.a.abbott@exeter.ac.uk.
PMC9159543,35655791,2021,Journal of social and personal relationships,Journal Article,metares,0,1,1,none,
PMC9159687,35362161,2022,International journal of methods in psychiatric research,"Journal Article;Research Support, Non-U.S. Gov't",metares,0,1,1,back-sec-type,DATA AVAILABILITY STATEMENTAll data from the study are available in table format in the supplementary materials.
PMC9169960,35446703,2022,Proceedings of the National Academy of Sciences of the United States of America,"Journal Article;Research Support, U.S. Gov't, Non-P.H.S.",biblio;metares,0,1,1,back-sec-type,Data AvailabilityThe data used in the study are partially or fully available with a subscription to Web of Science. All other data are included in the manuscript and/or SI Appendix.
PMC9174779,35722044,2022,BMJ open sport & exercise medicine,Journal Article,coi;datashare;metares;oa;reg;repro,1,1,1,back-sec-type,"Data availability statementData are available in a public, open access repository. All data from this study are available here: https://osf.io/t5gw4/"
PMC9191666,35658076,2022,Proceedings of the National Academy of Sciences of the United States of America,"Journal Article;Research Support, Non-U.S. Gov't;Research Support, U.S. Gov't, Non-P.H.S.",metares,0,1,1,back-sec-type,"Data AvailabilityPreviously published data were used for this work (16). The self-report contribution data can accessed in Zenodo, https://doi.org/10.5281/zenodo.6569339 (18)."
PMC9193810,,2022,Current Developments in Nutrition,abstract,metares,0,1,0,none,
PMC9200404,35703370,2022,eLife,"Journal Article;Research Support, Non-U.S. Gov't",metares;reg;repro,0,1,1,back-sec-type,"Data availabilityAll data that supports analysis and Figures, along with codes for analysis, are available on open science framework (https://osf.io/2sncj/). To make it possible for anybody to analyze our data, we developed an app that allows users to: (i) view the data and summary statistics as they were originally published; (ii) select data subsets, electrode clusters, and time windows; (iii) visualize the patterns; (iv) export data for further statistical analysis. This repository and app will be expanded to accommodate data from future projects. The app is available to download for Windows users at https://github.com/JohnTyCa/The-SPN-Catalogue (copy archived at swh:1:rev:75e729f867c275433b68807bc3f2228c57a3ccac).The following dataset was generated: MakinA 2021The Complete Liverpool SPN catalogueOpen Science Framework2sncj"
PMC9202161,35705904,2022,BMC medical research methodology,"Journal Article;Systematic Review;Research Support, Non-U.S. Gov't",metares;report,0,1,1,back-notes-type,Availability of data and materialsThe datasets used and/or analyzed during the current study are available from the corresponding author on reasonable request.
PMC9203676,35362331,2022,"Clinical trials (London, England)","Journal Article;Research Support, Non-U.S. Gov't",metares;reg,0,1,1,none,
PMC9210332,35727471,2022,Perspectives on medical education,Journal Article,biblio;metares;peerrev,0,1,1,none,
PMC9216417,35755928,2021,Comprehensive psychoneuroendocrinology,Journal Article;Review,metares;repro,0,1,1,none,
PMC9231484,35700358,2022,Proceedings of the National Academy of Sciences of the United States of America,Journal Article,metares;retract,0,1,1,back-sec-type,"Data AvailabilityThe Altmetric data can be accessed free of charge by researchers from https://www.altmetric.com/research-access/. The Retraction Watch database is available freely from The Center For Scientific Integrity subject to a standard data use agreement (details are at https://retractionwatch.com/retraction-watch-database-user-guide/). The Microsoft Academic Graph is publicly available at https://www.microsoft.com/en-us/research/project/microsoft-academic-graph/ or https://www.microsoft.com/en-us/research/project/open-academic-graph/. All custom code and data created by us have been deposited on GitHub (https://github.com/haoopeng/retraction_attention/), including tweets about research papers labeled as expressing uncertainty with respect to their data, approach, or findings. The data we provide in our repository include unique identifiers for all retracted and control papers, which were used to link these data sources. For user privacy reasons, Twitter does not allow sharing of the text of tweets. To comply with this requirement, we provide identifications for the tweets that we labeled as critical/uncritical. Researchers can use these identifications to collect the text and metadata using the Twitter API (https://developer.twitter.com/en/products/twitter-api/academic-research)."
PMC9233092,35081448,2022,Journal of clinical epidemiology,"Journal Article;Review;Research Support, Non-U.S. Gov't",metares;reg;report,0,1,1,none,
PMC9240132,33877586,2021,Perspectives on medical education,"Research Support, Non-U.S. Gov't;Journal Article",metares,0,1,1,none,
PMC9254584,35790902,2022,BMC medical research methodology,"Journal Article;Research Support, Non-U.S. Gov't",metares;reg,0,1,1,back-notes-type,"Availability of data and materialsThe datasets generated and analysed during the current study are available in the OSF repository, https://osf.io/rz7nh/."
PMC9257590,35814910,2022,Royal Society open science,Journal Article,metares;reg;repro,0,1,1,back-sec-type,"Data accessibilityThe current study was preregistered on the Open Science Framework; in our project folder (https://osf.io/jcdvb/), readers can access the preregistration, as well as all materials for both the pilot and the main survey, the contact database used for the main survey, the anonymized raw and processed data (including relevant documentation), and the R code to conduct all analyses (including all figures). In our datasets, identifying information such as names and affiliations of the respondents were removed. Any deviations from the preregistration are mentioned in this manuscript. Note that we removed email addresses from the contact database for privacy reasons."
PMC9274430,35759334,2022,Journal of medical Internet research,"Journal Article;Research Support, N.I.H., Extramural",datashare;metares;oa;report;repro,1,1,1,back-sec-type,"Data and Code AvailabilityThe code for retrieving and preprocessing OA subset XML data has been previously published and is open source [60]. SciScore’s source code is not publicly available owing to its proprietary nature. However, the framework and core features of its underlying classifiers have been described in previous studies on Resource Disambiguator for the Web [24]. All Resource Disambiguator for the Web codes are available and may serve as reasonable equivalents to SciScore’s named entity recognition classifier components. The regular expression patterns used for identifier extraction are available in Multimedia Appendix 3 [61]. The code used for institutional disambiguation is available in GitHub [29]. All SQL statements and spreadsheets used in the figures and analyses can be found in Multimedia Appendix 4 [33]. Data sets generated during OA subset scoring containing data from individual papers are not publicly available because of their potentially sensitive nature (ie, low scores assigned to published papers may negatively impact scientists producing OA works, significantly more so than researchers publishing closed access works, without giving them the ability to respond to criticism) but are available from the corresponding author upon reasonable request. Summary data for each journal, institution, and country are provided in supplementary files and have been made available in Multimedia Appendix 5 and via SciScore’s RTI webpage [62]."
PMC9279892,35844865,2022,Frontiers in public health,Journal Article;Observational Study,biblio;metares,0,1,1,none,
PMC9294417,35817308,2022,Briefings in bioinformatics,"Journal Article;Review;Research Support, Non-U.S. Gov't;Research Support, N.I.H., Extramural",metares,0,1,1,none,
PMC9299651,34736291,2021,Global change biology,Journal Article,metares;reg;repro;stats,0,1,1,back-sec-type,DATA AVAILABILITY STATEMENTThe data and code that support the findings of this study are openly available in https://zenodo.org/record/5496789#.YTmbiI4zY2w (https://doi.org/10.5281/zenodo.5496788).
PMC9299837,35822694,2022,eLife,"Journal Article;Research Support, Non-U.S. Gov't",equity;metares,0,1,1,back-sec-type,"Data availabilityAll data needed to evaluate the conclusions in the paper are present here and in the supplementary material. Aggregated or de-identified data on variables used in this study is available on GitHub (https://github.com/UWMadisonMetaScience/parenting, copy archived at swh:1:rev:46416c03c83eb28b77f6f17650537b2b413da663)."
PMC9303867,34927388,2022,Research synthesis methods,Journal Article,metares;repro;waste,0,1,1,back-sec-type,DATA AVAILABILITY STATEMENTData sharing and availability of data and materials. The full dataset in Appendix D is available on https://osf.io/q9t63
PMC9305903,35089627,2022,Journal of evaluation in clinical practice,"Journal Article;Research Support, U.S. Gov't, P.H.S.",metares,0,1,1,back-sec-type,DATA AVAILABILITY STATEMENTData are available from the authors upon request.
PMC9306503,35005784,2022,The International journal of eating disorders,"Journal Article;Research Support, Non-U.S. Gov't;Comment",metares,0,1,1,none,
PMC9307914,35879943,2022,Clinical epidemiology,Journal Article,metares,0,1,1,none,
PMC9315349,35903740,2022,Frontiers in psychology,Journal Article,metares;repro,0,1,1,none,
PMC9326291,35911195,2022,Royal Society open science,Journal Article,metares;peerrev;reg,0,1,1,back-sec-type,"Data accessibilityData, data dictionaries, analysis script and materials related to this study are publicly available at the University of Bristol data repository, data.bris, at https://doi.org/10.5523/bris.3s3693oybr47k20ae2agm1t5d2 [9]. The study protocol and materials were registered on 28 January 2021 at osf.io/5dh47/files. Discrepancies between this manuscript and the registered protocol are outlined in the electronic supplementary material A [10]. To maintain the confidentiality of the manuscripts we reviewed and the associated authors and editors, the discrepancy reviews will not be made publicly available. To facilitate reproducibility, parts of this manuscript were written by interleaving regular prose and analysis code using R Markdown. The relevant files are available at https://doi.org/10.5523/bris.3s3693oybr47k20ae2agm1t5d2 and in a Code Ocean container (https://doi.org/10.24433/CO.9942414.v1) which recreates the software environment in which the original analyses were performed. This container allows parts of this manuscript to be reproduced from the data and code with a single button press."
PMC9327179,35897110,2022,Trials,Journal Article,metares;report,0,1,1,back-notes-type,"Availability of data and materialsThe collaborating research ethic committee granted us access to approved study protocols under the condition that only aggregated data will be published. Hence, no individual data will be shared for this project."
PMC9351632,35922130,2022,eNeuro,Journal Article,metares;reg;report;repro;stats,0,1,1,none,
PMC9352996,35922097,2022,BMJ open,"Journal Article;Research Support, Non-U.S. Gov't",biblio;metares;report,0,1,1,back-sec-type,"Data availability statementData are available in a public, open access repository. https://osf.io/ahzwn/?view_only=e2f08c5c0d2d4936ba88d38968aba5d9."
PMC9364413,35940834,2022,BMJ open,Journal Article,datashare;metares;reg;report,1,1,1,back-sec-type,Data availability statementAll data are available on the Open Science Framework and may be accessed under the Creative Commons Attribution V.4.0 International License at the following link: https://osf.io/q8b46/.
PMC9366861,35822444,2022,"Clinical science (London, England : 1979)",Journal Article,metares,0,1,1,back-sec-type,"Data AvailabilityOpen code for the trained algorithm for the Barzooka screening tool is deposited on Github (https://github.com/quest-bih/barzooka, RRID:SCR_018508). Open data and open code for the external validation analyses and the analyses examining the effects of field and time are available on the Open Science Framework (https://osf.io/rkxmq/)."
PMC9375528,35962776,2022,GigaScience,"Journal Article;Research Support, Non-U.S. Gov't",biblio;metares,0,1,1,none,
PMC9383655,35978325,2022,Trials,Letter,biblio;metares;oa;reg;report;retract,0,1,1,back-notes-type,Availability of data and materialsData sharing is not applicable as no datasets were generated or analyzed for this article.
PMC9399707,36039285,2022,Royal Society open science,Journal Article,metares;peerrev,0,1,1,back-sec-type,"Data accessibilityAll data, materials and analysis scripts are publicly available on the Open Science Framework (https://osf.io/8b6jy/). To facilitate reproducibility, this manuscript was written by interleaving regular prose and analysis code using knitr [24] and papaja [25], and is available in a Code Ocean container (https://doi.org/10.24433/CO.3805142.v1) which re-creates the software environment in which the original analyses were performed.Electronic supplementary material is available online [26]."
PMC9413900,36014917,2022,Nutrients,Journal Article;Meta-Analysis,coi;metares,0,1,1,back-notes-type,Data Availability StatementNot applicable.
PMC9416704,36015087,2022,"Pharmaceuticals (Basel, Switzerland)",Journal Article,metares,0,1,1,back-notes-type,Data Availability StatementData are contained within the article and Supplementary Materials.
PMC9438103,36038176,2022,BMJ open,"Journal Article;Research Support, Non-U.S. Gov't",metares,0,1,1,back-sec-type,Data availability statementAll data relevant to the study are included in the article or uploaded as online supplemental information.
PMC9445408,36082143,2022,Exploratory research in clinical and social pharmacy,Journal Article,biblio;metares,0,1,1,none,
PMC9446778,36064741,2022,Systematic reviews,Journal Article,metares,0,1,1,back-notes-type,Availability of data and materialsThe dataset analysed during the current study is available in Additional files.
PMC9466657,36044639,2022,JMIR research protocols,Journal Article,metares;reg,0,1,1,back-sec-type,Data AvailabilityData sharing is not applicable to this article as no data sets were generated or analyzed in the preparation of this protocol.
PMC9474297,35882996,2022,Hypertension research : official journal of the Japanese Society of Hypertension,Journal Article;Network Meta-Analysis,metares,0,1,1,back-notes-type,Data availabilityThe data and codes from this study are available on the Open Science Framework (osf.io/dgu9b).
PMC9509645,36153631,2022,BMC research notes,Journal Article,metares;retract,0,1,1,back-notes-type,"Availability of data and materialsThe data that support the findings from the survey study are available in the associated paper (see 1). The data that supports the results from the interviews and focus groups study are not publicly available due to the risk of identification of participants, but extensive quotes are available in the papers describing the findings [3, 4]. The survey and interview or focus group guides used to gather the data are available in their associated papers [1, 3, 4], and additional material such as consent forms and participant information sheet are available in the Open Science Framework (5)."
PMC9514002,36179937,2022,Journal of clinical epidemiology,Meta-Analysis;Journal Article,metares;oa;waste,0,1,1,none,
PMC9517595,36141441,2022,International journal of environmental research and public health,"Journal Article;Meta-Analysis;Systematic Review;Research Support, Non-U.S. Gov't",metares,0,1,1,back-notes-type,Data Availability StatementAuthor can confirm that all relevant data are included in the article and–on request from the corresponding author.
PMC9520399,36103217,2022,Journal of medical Internet research,Journal Article;Meta-Analysis;Review,metares;reg;stats,0,1,1,none,
PMC9524129,36175953,2022,BMC biology,"Journal Article;Research Support, Non-U.S. Gov't",biblio;metares;report,0,1,1,back-notes-type,"Availability of data and materialsAll data generated or analyzed during this study are included in this published article, its supplementary information files, and publicly available repositories. These data are available in the Zenodo repository (zenodo.org/record/4435704), with DOI identifier 10.5281/zenodo.4435703. Primary data was sourced from Web of Science and PubMed, with additional disambiguation and research discipline assignment conducted and shared by Vetle Torvik (Author-ity) and Jevin West, respectively."
PMC9530751,36204536,2022,Radiology. Artificial intelligence,Journal Article,datashare;metares;repro,1,1,0,none,
PMC9543956,36206207,2022,PloS one,"Journal Article;Research Support, Non-U.S. Gov't",coi;datashare;metares;oa,1,1,1,front-notes-title,Data AvailabilityThe protocol for this study can be found at doi:10.17605/OSF.IO/JGWVK. The code and data is available at https://github.com/zavalis/transparency-indicators-inf-dis-models.
PMC9546584,36161888,2022,Proceedings of the National Academy of Sciences of the United States of America,Journal Article,biblio;equity;metares,0,1,1,back-sec-type,"Data, Materials, and Software AvailabilityPreviously published data were used for this work (14). Data, code and analyses are available on https://github.com/yulin-yu/NASGender (17)."
PMC9552513,36217133,2022,BMC medicine,"Journal Article;Research Support, Non-U.S. Gov't",metares;repro,0,1,1,back-notes-type,Availability of data and materialsAll data generated or analysed during this study are included in this published article and its additional files.
PMC9559483,36230407,2022,Animals : an open access journal from MDPI,Journal Article,biblio;metares,0,1,1,back-notes-type,"Data Availability StatementAll data are available in the Web of Science platform (www.webofknowledge.com, accessed on 1 October 2022)."
PMC9566752,36231555,2022,International journal of environmental research and public health,"Journal Article;Research Support, Non-U.S. Gov't",metares,0,1,1,back-notes-type,Data Availability StatementThe data presented in this study are available in Tables S5 and S6.
PMC9583447,36270163,2022,Brazilian journal of physical therapy,Journal Article;Review,metares;report,0,1,1,none,
PMC9586556,36125120,2022,eLife,"Journal Article;Research Support, Non-U.S. Gov't",metares;repro,0,1,1,back-sec-type,"Data availabilityThe paper is a modelling study and methodology and contains no data, and code provided in the supplementary material allows reproduction of all methods."
PMC9587861,35633534,2022,Asian Pacific journal of cancer prevention : APJCP,Journal Article;Meta-Analysis,metares;stats,0,1,1,none,
PMC9594328,,2022,The European Journal of Public Health,abstract,metares;oa,0,1,0,none,
PMC9597295,36312829,2022,Frontiers in research metrics and analytics,Journal Article,metares,0,1,1,none,
PMC9615349,36303168,2022,Trials,Journal Article,metares;oa,0,1,1,back-notes-type,Availability of data and materialsThe datasets generated during and/or analyzed during the current study are available in the Smartphone-RCCT repository [https://osf.io/nxerf/] [27].
PMC9619939,,2022,The European Journal of Public Health,abstract,metares,0,1,0,none,
PMC9620784,,2022,The European Journal of Public Health,abstract,metares;peerrev,0,1,0,none,
PMC9621455,36315526,2022,PloS one,Meta-Analysis;Systematic Review;Journal Article,metares,0,1,1,front-notes-title,Data AvailabilityAll relevant data are within the paper and its Supporting Information files.
PMC9636547,36345486,2022,Integrative medicine research,Journal Article,metares,0,1,1,back-sec-type,Data availabilityThe data that support the findings of this study are available from the corresponding author upon reasonable request.
PMC9636921,36306328,2022,Proceedings of the National Academy of Sciences of the United States of America,"Journal Article;Research Support, Non-U.S. Gov't",metares;stats,0,1,1,back-sec-type,"Data, Materials, and Software AvailabilityData and code have been deposited in GitHub (https://github.com/nbreznau/CRI) (33), and Harvard Dataverse (https://doi.org/10.7910/DVN/UUP8CX) (34)."
PMC9643948,36407486,2022,European journal for philosophy of science,Journal Article,metares,0,1,1,none,
PMC9667610,36380367,2022,Systematic reviews,"Journal Article;Research Support, Non-U.S. Gov't;Scoping Review",biblio;metares;waste,0,1,1,back-notes-type,Availability of data and materialsThe datasets used and/or analysed during the current study are available from the corresponding author on reasonable request.
PMC9669099,35924761,2022,Journal of clinical periodontology,"Journal Article;Research Support, N.I.H., Extramural",biblio;metares;report,0,1,1,none,
PMC9679891,36414269,2022,BMJ (Clinical research ed.),Meta-Analysis;Journal Article,datashare;metares;report,1,1,1,back-sec-type,Data availability statementAll datasets and analytical code can be found on the Open Science Framework (https://osf.io/jsp9t/; doi:10.17605/OSF.IO/JSP9T).
PMC9681751,36414712,2022,Scientific reports,"Journal Article;Meta-Analysis;Review;Research Support, Non-U.S. Gov't",metares,0,1,1,back-notes-type,"Data availabilityThe datasets generated and analyzed during the current study are not publicly available due to current unpublished works with them, but are available from the corresponding author on reasonable request."
PMC9690675,36429987,2022,International journal of environmental research and public health,"Journal Article;Research Support, Non-U.S. Gov't;Systematic Review",metares,0,1,1,back-notes-type,Data Availability StatementA.S. had full access to all the data in the study and takes responsibility for the integrity of the data and the accuracy of the data analysis.
PMC9708090,36444975,2022,eLife,"Journal Article;Research Support, Non-U.S. Gov't;Research Support, U.S. Gov't, Non-P.H.S.",metares,0,1,1,back-sec-type,Data availabilityAll data examined in this study are publicly available in annual merit review reports published by NSF and made accessible online (https://www.nsf.gov/nsb/publications/pubmeritreview.jsp). An accompanying Dryad data repository contains collated data gathered from information contained in annual merit review reports (https://doi.org/10.5061/dryad.2fqz612rt).The following dataset was generated: ChenC KahanamokuS TripatiA AlegadoR MorrisV AndradeK HosbeyJ 2022Systemic racial disparities in funding rates at the National Science FoundationDryad Digital Repository10.5061/dryad.2fqz612rtPMC970809036444975
PMC9708915,36466989,2022,JHEP reports : innovation in hepatology,Journal Article,metares,0,1,1,none,
PMC9712353,36129664,2022,"Hormones (Athens, Greece)",Journal Article;Systematic Review,metares,0,1,1,back-notes-type,Data availabilityAll used data are presented in the manuscript.
PMC9718103,36474753,2021,Osteoarthritis and cartilage open,Journal Article;Review,metares;reg,0,1,1,none,
PMC9727931,36476329,2022,BMC medical research methodology,Journal Article;Review,metares,0,1,1,back-notes-type,Availability of data and materialsAll data generated or analysed during this study are included in the manuscript and in the appendix.
PMC9734683,36530773,2022,Scientometrics,Journal Article,metares,0,1,1,none,
PMC9738552,36501193,2022,Nutrients,Journal Article,metares;reg;report;repro;stats,0,1,1,back-notes-type,Data Availability StatementAll data are presented within the manuscript text and tables.
PMC9748376,36545378,2022,F1000Research,"Case Reports;Research Support, Non-U.S. Gov't;Research Support, U.S. Gov't, Non-P.H.S.;Journal Article",metares;oa,0,1,1,none,
PMC9749715,35383846,2022,International journal of epidemiology,"Journal Article;Research Support, Non-U.S. Gov't",metares;report;repro,0,1,1,back-sec-type,Data availabilityAll materials used in this study are available in the Supplementary material or main text.
PMC9771341,36511240,2022,eLife,"Journal Article;Research Support, Non-U.S. Gov't",metares,0,1,1,back-sec-type,"Data availabilityAll data were obtained from public databases (PubMed/NCBI, NIH and CIHR). Source data files for Figure 1, Figure 2 and Table 2 are available (see figure and table captions for details)."
PMC9773496,36550405,2022,BMC medical research methodology,Meta-Analysis;Journal Article,metares,0,1,1,back-notes-type,Availability of data and materialsThe datasets used and/or analysed during the current study are available in the Additional file.
PMC9796290,35679294,2022,Research synthesis methods,Meta-Analysis;Journal Article,metares;report,0,1,1,back-sec-type,"DATA AVAILABILITY STATEMENTThe data that supports the findings of this study are available in the Supporting Information, File S2."
PMC9801036,35331655,2021,Brazilian journal of otorhinolaryngology,Journal Article,metares;stats,0,1,1,none,
PMC9803107,36584067,2022,PloS one,Systematic Review;Meta-Analysis;Journal Article,metares,0,1,1,front-notes-title,Data AvailabilityAll relevant data are within the paper and its Supporting Information files.
PMC9803138,36584134,2022,PloS one,Journal Article;Systematic Review,metares;reg,0,1,1,front-notes-title,Data AvailabilityAll relevant data are within the paper and its Supporting information files.
PMC9806013,36572499,2022,BMJ open,"Clinical Trial Protocol;Journal Article;Research Support, Non-U.S. Gov't",metares;report;repro,0,1,1,none,
PMC9806718,36601624,2022,Brain communications,Journal Article;Review,metares;repro,0,1,1,back-sec-type,"Data availabilityAll data analysed for this manuscript have been made publicly available (see https://github.com/PennStateBrainLab/replication) including a readme.txt file to facilitate use. We also share all code and scripts used for analysis. For any questions regarding access to the data, please contact the senior author at fhillary@psu.edu.NOTE: Certain data included herein are derived from Clarivate Web of Science. © Copyright Clarivate 2022. All rights reserved.NOTE: Semantic Scholar data source: Semantic Scholar API https://partner.semanticscholar.org/?utm_source=api."
PMC9808270,34923810,2021,International journal of health policy and management,Journal Article,coi;metares,0,1,1,none,
PMC9831296,36626363,2023,PloS one,"Journal Article;Research Support, Non-U.S. Gov't",coi;metares;retract,0,1,1,front-notes-title,"Data AvailabilityThe full dataset, including sampled articles' metadata, are attached as S1 Dataset."
PMC9835737,40477816,2023,Discover psychology,Letter,metares,0,1,1,back-notes-type,Data availabilityThere are no data or code related to this Comment.
PMC9847155,36653834,2023,Systematic reviews,"Journal Article;Research Support, Non-U.S. Gov't",biblio;metares,0,1,1,back-notes-type,Availability of data and materialsThe data underlying this article will be shared on reasonable request to the corresponding author.
PMC9858874,36662848,2023,PloS one,Journal Article,metares;reg,0,1,1,front-notes-title,Data AvailabilityAll relevant data are within the paper and its Supporting Information files.
PMC9874500,36712414,2022,Journal of the Association for Information Science and Technology,Journal Article,metares,0,1,1,back-sec-type,"DATA AVAILABILITY STATEMENTThe datasets used for this study have been made available in Zenodo: Cosme‐Cerda, R., Méndez, E. Analysis of underlying research data sharing in Spanish articles about Covid‐19 a first approach (January–December 2020) Zenodo, November 18, 2021. https://doi.org/10.5281/zenodo.5711105"
PMC9880919,36707766,2023,BMC medical research methodology,"Systematic Review;Journal Article;Research Support, Non-U.S. Gov't",metares;reg,0,1,1,back-notes-type,"Availability of data and materialsThe data that support the findings of this study are available from the Ethics Committee of Northwestern and Central Switzerland but restrictions apply to the availability of these data, which were used under license for the current study, and so are not publicly available. Data are, however, available from the authors upon reasonable request and with permission of the Ethics Committee of Northwestern and Central Switzerland."
PMC9885807,36630537,2023,"Clinical science (London, England : 1979)","Systematic Review;Journal Article;Research Support, Non-U.S. Gov't",metares,0,1,1,back-sec-type,"Data AvailabilityData and code used in the analysis are available on GitHub (https://github.com/emma-wilson/in-vitro-screening) and are shared under a Creative Commons Attribution 4.0 International License. We do not have permission to share the API key required to run the machine learning; however, further information about access is available at: Thomas J, Brunton J, Graziosi S (2010) EPPI-Reviewer 4.0: software for research synthesis. EPPI-Centre Software. London: Social Science Research Unit, Institute of Education."
PMC9887379,35853683,2022,BMJ evidence-based medicine,Meta-Analysis;Journal Article,metares,0,1,1,back-sec-type,Data availability statementAll data relevant to the study are included in the article or uploaded as online supplemental information.
PMC9890107,36756055,2023,Royal Society open science,Journal Article,metares;repro;retract,0,1,1,back-sec-type,"Data accessibilityThe authors declare that all data, code and materials supporting the paper are available from the Open Science Framework: https://osf.io/3e9rg/. The data collection software code is available via GitLab: https://gitlab.com/gyorgypakozdi/psi. The transparency checklist report [62] is available in the Supplement.The data are provided in electronic supplementary material [63]."
PMC9890123,36756064,2023,Royal Society open science,Journal Article,metares;oa,0,1,1,back-sec-type,Data accessibilityThe primary data are qualitative and are confidential in order to preserve the privacy of those who participated in generating them.
PMC9922628,36816214,2023,International journal of ophthalmology,Journal Article,metares,0,1,0,none,
PMC9938611,36803891,2023,Systematic reviews,"Journal Article;Review;Research Support, N.I.H., Extramural",metares;stats,0,1,1,back-notes-type,Availability of data and materialsThe datasets used and/or analyzed during the current study are available from the corresponding author on reasonable request.
PMC9943874,36844805,2023,Royal Society open science,Journal Article,metares;repro,0,1,1,back-sec-type,Data accessibilityCode and data of the replication have been archived in the Software Heritage archive [27].
PMC9944654,36806135,2023,BMJ open,"Journal Article;Research Support, Non-U.S. Gov't",metares;reg,0,1,1,back-sec-type,Data availability statementData are available on reasonable request.
PMC9963456,36716367,2023,Proceedings of the National Academy of Sciences of the United States of America,Journal Article,metares;repro,0,1,1,back-sec-type,"Data, Materials, and Software AvailabilityData, and code for generating the data have been deposited in [Open Science Framework] (https://osf.io/f5sxn/)."
PMC9971968,36865366,2023,Frontiers in psychology,Journal Article,metares;repro,0,1,1,none,
PMC9976600,36047034,2022,International journal of methods in psychiatric research,"Journal Article;Research Support, Non-U.S. Gov't;Review",metares;report,0,1,1,back-sec-type,DATA AVAILABILITY STATEMENTThe data that supports the findings of this study are available in the supplementary material of this article.
PMC9984734,36879926,2023,Wellcome open research,Journal Article;Review,metares;peerrev,0,1,1,back-sec-type,Data availabilityNo data are associated with this article.
PMC9991927,36893990,2023,Journal of clinical epidemiology,Systematic Review;Journal Article,metares;reg,0,1,1,none,
PMC9993047,36908991,2023,Royal Society open science,Journal Article,metares,0,1,1,back-sec-type,Data accessibilityData and relevant code for this research work are stored in GitHub: https://github.com/DominikBeese/DidAIGetMoreNegativeRecently and have been archived within the Zenodo repository: https://doi.org/10.5281/zenodo.7590214 [74].
